prolificID,session,conditionName,taskName,meridian,repeat,nTrials,nTrialsLogged,tGuess,tGuessSd,pThreshold,beta,delta,gamma,grain,questMeanAtEnd,questSDAtEnd
5f0788c06b220f03231666a0,1,crowding_R8_block1,crowding,R8,1,35,35.0,0.301029996,2.0,0.7,2.3,0.01,0.111111111,0.01,0.043956592,0.065507517
5f0788c06b220f03231666a0,1,crowding_L8_block1,crowding,L8,1,35,35.0,0.301029996,2.0,0.7,2.3,0.01,0.111111111,0.01,0.17923607,0.050215867
5f0788c06b220f03231666a0,1,crowding_R8_block2,crowding,R8,2,35,35.0,0.301029996,2.0,0.7,2.3,0.01,0.111111111,0.01,-0.126747432,0.051140758
5f0788c06b220f03231666a0,1,crowding_L8_block2,crowding,L8,2,35,35.0,0.301029996,2.0,0.7,2.3,0.01,0.111111111,0.01,0.28966047,0.058715724
5f0788c06b220f03231666a0,1,acuity_R8_block1,acuity,R8,1,35,35.0,0.602059991,2.0,0.7,2.3,0.01,0.111111111,0.01,-0.472122445,0.048382129
5f0788c06b220f03231666a0,1,acuity_L8_block1,acuity,L8,1,34,34.0,0.602059991,2.0,0.7,2.3,0.01,0.111111111,0.01,-0.477837223,0.049844932
5f0788c06b220f03231666a0,1,rsvp_foveal_block1,rsvp,foveal,1,72,72.0,0.301029996,2.0,0.7,2.3,0.01,0.038461538,0.01,-1.484853162,0.031328542
64837ba51422d817b62cc5cc,1,crowding_R8_block1,crowding,R8,1,35,35.0,0.301029996,2.0,0.7,2.3,0.01,0.111111111,0.01,0.408161668,0.047698262
64837ba51422d817b62cc5cc,1,crowding_L8_block1,crowding,L8,1,35,35.0,0.301029996,2.0,0.7,2.3,0.01,0.111111111,0.01,0.281693395,0.065209033
64837ba51422d817b62cc5cc,1,crowding_R8_block2,crowding,R8,2,13,13.0,0.301029996,2.0,0.7,2.3,0.01,0.111111111,0.01,0.298709115,0.101424246
64837ba51422d817b62cc5cc,1,crowding_L8_block2,crowding,L8,2,16,16.0,0.301029996,2.0,0.7,2.3,0.01,0.111111111,0.01,0.358008395,0.082947674
64837ba51422d817b62cc5cc,1,acuity_R8_block1,acuity,R8,1,19,19.0,0.602059991,2.0,0.7,2.3,0.01,0.111111111,0.01,-0.458847769,0.075875725
64837ba51422d817b62cc5cc,1,acuity_L8_block1,acuity,L8,1,15,15.0,0.602059991,2.0,0.7,2.3,0.01,0.111111111,0.01,-0.512642091,0.088471469
64837ba51422d817b62cc5cc,1,rsvp_foveal_block1,rsvp,foveal,1,72,72.0,0.301029996,2.0,0.7,2.3,0.01,0.038461538,0.01,-1.59199864,0.031303429
6778842e3f7e2e62756f7178,1,crowding_R8_block1,crowding,R8,1,35,35.0,0.301029996,2.0,0.7,2.3,0.01,0.111111111,0.01,0.396149833,0.066182313
6778842e3f7e2e62756f7178,1,crowding_L8_block1,crowding,L8,1,35,35.0,0.301029996,2.0,0.7,2.3,0.01,0.111111111,0.01,0.489159994,0.048984734
6778842e3f7e2e62756f7178,1,crowding_R8_block2,crowding,R8,2,35,35.0,0.301029996,2.0,0.7,2.3,0.01,0.111111111,0.01,0.262958804,0.057678266
6778842e3f7e2e62756f7178,1,crowding_L8_block2,crowding,L8,2,35,35.0,0.301029996,2.0,0.7,2.3,0.01,0.111111111,0.01,0.372813311,0.048653935
6778842e3f7e2e62756f7178,1,acuity_R8_block1,acuity,R8,1,34,34.0,0.602059991,2.0,0.7,2.3,0.01,0.111111111,0.01,-0.292500794,0.049994148
6778842e3f7e2e62756f7178,1,acuity_L8_block1,acuity,L8,1,35,35.0,0.602059991,2.0,0.7,2.3,0.01,0.111111111,0.01,-0.43661799,0.047824222
6778842e3f7e2e62756f7178,1,rsvp_foveal_block1,rsvp,foveal,1,72,72.0,0.301029996,2.0,0.7,2.3,0.01,0.038461538,0.01,-1.602691073,0.031596813
5e57d38b533eec1818078f0b,1,crowding_R8_block1,crowding,R8,1,35,35.0,0.301029996,2.0,0.7,2.3,0.01,0.111111111,0.01,0.518646596,0.048975336
5e57d38b533eec1818078f0b,1,crowding_L8_block1,crowding,L8,1,35,35.0,0.301029996,2.0,0.7,2.3,0.01,0.111111111,0.01,0.504545729,0.047106764
5e57d38b533eec1818078f0b,1,crowding_R8_block2,crowding,R8,2,35,35.0,0.301029996,2.0,0.7,2.3,0.01,0.111111111,0.01,0.512413449,0.047961417
5e57d38b533eec1818078f0b,1,crowding_L8_block2,crowding,L8,2,35,35.0,0.301029996,2.0,0.7,2.3,0.01,0.111111111,0.01,0.402477032,0.058265543
5e57d38b533eec1818078f0b,1,acuity_R8_block1,acuity,R8,1,35,35.0,0.602059991,2.0,0.7,2.3,0.01,0.111111111,0.01,-0.499951703,0.04981686
5e57d38b533eec1818078f0b,1,acuity_L8_block1,acuity,L8,1,35,35.0,0.602059991,2.0,0.7,2.3,0.01,0.111111111,0.01,-0.467354581,0.048931626
5e57d38b533eec1818078f0b,1,rsvp_foveal_block1,rsvp,foveal,1,72,72.0,0.301029996,2.0,0.7,2.3,0.01,0.038461538,0.01,-1.333225439,0.031853842
6501b789e3ddbc0a0b79b925,1,crowding_R8_block1,crowding,R8,1,35,35.0,0.301029996,2.0,0.7,2.3,0.01,0.111111111,0.01,0.345836907,0.048397104
6501b789e3ddbc0a0b79b925,1,crowding_L8_block1,crowding,L8,1,35,35.0,0.301029996,2.0,0.7,2.3,0.01,0.111111111,0.01,0.519481062,0.050371839
6501b789e3ddbc0a0b79b925,1,crowding_R8_block2,crowding,R8,2,35,35.0,0.301029996,2.0,0.7,2.3,0.01,0.111111111,0.01,0.065964818,0.048196898
6501b789e3ddbc0a0b79b925,1,crowding_L8_block2,crowding,L8,2,35,35.0,0.301029996,2.0,0.7,2.3,0.01,0.111111111,0.01,0.092023752,0.048193603
6501b789e3ddbc0a0b79b925,1,acuity_R8_block1,acuity,R8,1,35,35.0,0.602059991,2.0,0.7,2.3,0.01,0.111111111,0.01,-0.381091074,0.053157622
6501b789e3ddbc0a0b79b925,1,acuity_L8_block1,acuity,L8,1,35,35.0,0.602059991,2.0,0.7,2.3,0.01,0.111111111,0.01,-0.434908488,0.055119147
6501b789e3ddbc0a0b79b925,1,rsvp_foveal_block1,rsvp,foveal,1,72,72.0,0.301029996,2.0,0.7,2.3,0.01,0.038461538,0.01,-1.553222142,0.030942709
5cb206ee3d6647001724d5af,1,crowding_R8_block1,crowding,R8,1,35,35.0,0.301029996,2.0,0.7,2.3,0.01,0.111111111,0.01,0.268225893,0.050127295
5cb206ee3d6647001724d5af,1,crowding_L8_block1,crowding,L8,1,35,35.0,0.301029996,2.0,0.7,2.3,0.01,0.111111111,0.01,0.445264221,0.051913173
5cb206ee3d6647001724d5af,1,crowding_R8_block2,crowding,R8,2,35,35.0,0.301029996,2.0,0.7,2.3,0.01,0.111111111,0.01,0.003864707,0.051678581
5cb206ee3d6647001724d5af,1,crowding_L8_block2,crowding,L8,2,35,35.0,0.301029996,2.0,0.7,2.3,0.01,0.111111111,0.01,0.001145594,0.04753266
5cb206ee3d6647001724d5af,1,acuity_R8_block1,acuity,R8,1,35,35.0,0.602059991,2.0,0.7,2.3,0.01,0.111111111,0.01,-0.506763251,0.049153297
5cb206ee3d6647001724d5af,1,acuity_L8_block1,acuity,L8,1,35,35.0,0.602059991,2.0,0.7,2.3,0.01,0.111111111,0.01,-0.53360908,0.069513425
5cb206ee3d6647001724d5af,1,rsvp_foveal_block1,rsvp,foveal,1,72,72.0,0.301029996,2.0,0.7,2.3,0.01,0.038461538,0.01,-1.525857534,0.031193674
63174af7d57182f9bf90c094,1,crowding_R8_block1,crowding,R8,1,34,34.0,0.301029996,2.0,0.7,2.3,0.01,0.111111111,0.01,0.629551729,0.057636084
63174af7d57182f9bf90c094,1,crowding_L8_block1,crowding,L8,1,35,35.0,0.301029996,2.0,0.7,2.3,0.01,0.111111111,0.01,0.656813235,0.051254849
63174af7d57182f9bf90c094,1,crowding_R8_block2,crowding,R8,2,35,35.0,0.301029996,2.0,0.7,2.3,0.01,0.111111111,0.01,0.216063479,0.049135581
63174af7d57182f9bf90c094,1,crowding_L8_block2,crowding,L8,2,35,35.0,0.301029996,2.0,0.7,2.3,0.01,0.111111111,0.01,0.665285574,0.064952098
63174af7d57182f9bf90c094,1,acuity_R8_block1,acuity,R8,1,35,35.0,0.602059991,2.0,0.7,2.3,0.01,0.111111111,0.01,-0.474808609,0.049011528
63174af7d57182f9bf90c094,1,acuity_L8_block1,acuity,L8,1,35,35.0,0.602059991,2.0,0.7,2.3,0.01,0.111111111,0.01,-0.510901479,0.05054126
63174af7d57182f9bf90c094,1,rsvp_foveal_block1,rsvp,foveal,1,72,72.0,0.301029996,2.0,0.7,2.3,0.01,0.038461538,0.01,-1.360646248,0.031656845
5ed4c3d73ac88100098198f1,1,crowding_R8_block1,crowding,R8,1,35,35.0,0.301029996,2.0,0.7,2.3,0.01,0.111111111,0.01,0.056977441,0.053147274
5ed4c3d73ac88100098198f1,1,crowding_L8_block1,crowding,L8,1,35,35.0,0.301029996,2.0,0.7,2.3,0.01,0.111111111,0.01,0.274174179,0.068188293
5ed4c3d73ac88100098198f1,1,crowding_R8_block2,crowding,R8,2,35,35.0,0.301029996,2.0,0.7,2.3,0.01,0.111111111,0.01,0.034288783,0.051388938
5ed4c3d73ac88100098198f1,1,crowding_L8_block2,crowding,L8,2,35,35.0,0.301029996,2.0,0.7,2.3,0.01,0.111111111,0.01,0.088019903,0.048099541
5ed4c3d73ac88100098198f1,1,acuity_R8_block1,acuity,R8,1,35,35.0,0.602059991,2.0,0.7,2.3,0.01,0.111111111,0.01,-0.504301057,0.04828733
5ed4c3d73ac88100098198f1,1,acuity_L8_block1,acuity,L8,1,35,35.0,0.602059991,2.0,0.7,2.3,0.01,0.111111111,0.01,-0.54562786,0.04787944
5ed4c3d73ac88100098198f1,1,rsvp_foveal_block1,rsvp,foveal,1,72,72.0,0.301029996,2.0,0.7,2.3,0.01,0.038461538,0.01,-1.59199864,0.031303429
672ca2646b6c51429825766f,1,crowding_R8_block1,crowding,R8,1,35,35.0,0.301029996,2.0,0.7,2.3,0.01,0.111111111,0.01,0.5409616,0.057882532
672ca2646b6c51429825766f,1,crowding_L8_block1,crowding,L8,1,35,35.0,0.301029996,2.0,0.7,2.3,0.01,0.111111111,0.01,0.871103827,0.046914123
672ca2646b6c51429825766f,1,crowding_R8_block2,crowding,R8,2,35,35.0,0.301029996,2.0,0.7,2.3,0.01,0.111111111,0.01,0.822022975,0.046677111
672ca2646b6c51429825766f,1,crowding_L8_block2,crowding,L8,2,35,35.0,0.301029996,2.0,0.7,2.3,0.01,0.111111111,0.01,0.610196025,0.051979288
672ca2646b6c51429825766f,1,acuity_R8_block1,acuity,R8,1,35,35.0,0.602059991,2.0,0.7,2.3,0.01,0.111111111,0.01,-0.446376124,0.049160793
672ca2646b6c51429825766f,1,acuity_L8_block1,acuity,L8,1,35,35.0,0.602059991,2.0,0.7,2.3,0.01,0.111111111,0.01,-0.552163913,0.049837392
672ca2646b6c51429825766f,1,rsvp_foveal_block1,rsvp,foveal,1,72,72.0,0.301029996,2.0,0.7,2.3,0.01,0.038461538,0.01,-1.499420664,0.032611232
644bc265cb8a19eab3311bab,1,crowding_R8_block1,crowding,R8,1,35,35.0,0.301029996,2.0,0.7,2.3,0.01,0.111111111,0.01,0.308634917,0.051085873
644bc265cb8a19eab3311bab,1,crowding_L8_block1,crowding,L8,1,35,35.0,0.301029996,2.0,0.7,2.3,0.01,0.111111111,0.01,0.687901434,0.047888561
644bc265cb8a19eab3311bab,1,crowding_R8_block2,crowding,R8,2,35,35.0,0.301029996,2.0,0.7,2.3,0.01,0.111111111,0.01,0.426456753,0.048228637
644bc265cb8a19eab3311bab,1,crowding_L8_block2,crowding,L8,2,35,35.0,0.301029996,2.0,0.7,2.3,0.01,0.111111111,0.01,0.680603434,0.048299466
644bc265cb8a19eab3311bab,1,acuity_R8_block1,acuity,R8,1,35,35.0,0.602059991,2.0,0.7,2.3,0.01,0.111111111,0.01,-0.434386608,0.048172486
644bc265cb8a19eab3311bab,1,acuity_L8_block1,acuity,L8,1,35,35.0,0.602059991,2.0,0.7,2.3,0.01,0.111111111,0.01,-0.428546946,0.050444669
644bc265cb8a19eab3311bab,1,rsvp_foveal_block1,rsvp,foveal,1,72,72.0,0.301029996,2.0,0.7,2.3,0.01,0.038461538,0.01,-0.190842166,0.033044155
5de7b588ff15c2a06658dd1d,1,crowding_R8_block1,crowding,R8,1,35,35.0,0.301029996,2.0,0.7,2.3,0.01,0.111111111,0.01,0.497287619,0.049586414
5de7b588ff15c2a06658dd1d,1,crowding_L8_block1,crowding,L8,1,35,35.0,0.301029996,2.0,0.7,2.3,0.01,0.111111111,0.01,0.696772299,0.052872433
5de7b588ff15c2a06658dd1d,1,crowding_R8_block2,crowding,R8,2,35,35.0,0.301029996,2.0,0.7,2.3,0.01,0.111111111,0.01,0.100839029,0.050634355
5de7b588ff15c2a06658dd1d,1,crowding_L8_block2,crowding,L8,2,35,35.0,0.301029996,2.0,0.7,2.3,0.01,0.111111111,0.01,0.39754755,0.055774684
5de7b588ff15c2a06658dd1d,1,acuity_R8_block1,acuity,R8,1,35,35.0,0.602059991,2.0,0.7,2.3,0.01,0.111111111,0.01,-0.519989294,0.049047874
5de7b588ff15c2a06658dd1d,1,acuity_L8_block1,acuity,L8,1,34,34.0,0.602059991,2.0,0.7,2.3,0.01,0.111111111,0.01,-0.511619925,0.052766694
5de7b588ff15c2a06658dd1d,1,rsvp_foveal_block1,rsvp,foveal,1,72,72.0,0.301029996,2.0,0.7,2.3,0.01,0.038461538,0.01,-1.210106505,0.03180416
66620fca28f0722a3733b612,1,crowding_R8_block1,crowding,R8,1,35,35.0,0.301029996,2.0,0.7,2.3,0.01,0.111111111,0.01,1.429016049,0.693948382
66620fca28f0722a3733b612,1,crowding_L8_block1,crowding,L8,1,35,35.0,0.301029996,2.0,0.7,2.3,0.01,0.111111111,0.01,1.525327874,0.649369095
66620fca28f0722a3733b612,1,crowding_R8_block2,crowding,R8,2,30,30.0,0.301029996,2.0,0.7,2.3,0.01,0.111111111,0.01,1.307520192,0.7368926
66620fca28f0722a3733b612,1,crowding_L8_block2,crowding,L8,2,36,36.0,0.301029996,2.0,0.7,2.3,0.01,0.111111111,0.01,1.203260827,0.74844712
66620fca28f0722a3733b612,1,acuity_R8_block1,acuity,R8,1,35,35.0,0.602059991,2.0,0.7,2.3,0.01,0.111111111,0.01,-0.214250031,0.051144292
66620fca28f0722a3733b612,1,acuity_L8_block1,acuity,L8,1,35,35.0,0.602059991,2.0,0.7,2.3,0.01,0.111111111,0.01,0.136628655,0.060023288
66620fca28f0722a3733b612,1,rsvp_foveal_block1,rsvp,foveal,1,72,72.0,0.301029996,2.0,0.7,2.3,0.01,0.038461538,0.01,-1.137989281,0.03631785
5f675a08b51c00065fdbe3db,1,crowding_R8_block1,crowding,R8,1,35,35.0,0.301029996,2.0,0.7,2.3,0.01,0.111111111,0.01,0.009249408,0.053364503
5f675a08b51c00065fdbe3db,1,crowding_L8_block1,crowding,L8,1,35,35.0,0.301029996,2.0,0.7,2.3,0.01,0.111111111,0.01,-0.138740919,0.049184645
5f675a08b51c00065fdbe3db,1,crowding_R8_block2,crowding,R8,2,35,35.0,0.301029996,2.0,0.7,2.3,0.01,0.111111111,0.01,-0.316721427,0.052516135
5f675a08b51c00065fdbe3db,1,crowding_L8_block2,crowding,L8,2,35,35.0,0.301029996,2.0,0.7,2.3,0.01,0.111111111,0.01,-0.260562966,0.047265523
5f675a08b51c00065fdbe3db,1,acuity_R8_block1,acuity,R8,1,35,35.0,0.602059991,2.0,0.7,2.3,0.01,0.111111111,0.01,-0.662218161,0.047806639
5f675a08b51c00065fdbe3db,1,acuity_L8_block1,acuity,L8,1,35,35.0,0.602059991,2.0,0.7,2.3,0.01,0.111111111,0.01,-0.802717266,0.049684069
5f675a08b51c00065fdbe3db,1,rsvp_foveal_block1,rsvp,foveal,1,72,72.0,0.301029996,2.0,0.7,2.3,0.01,0.038461538,0.01,-1.534545779,0.031073965
6777f3e9760d3844217b5ea8,1,crowding_R8_block1,crowding,R8,1,35,35.0,0.301029996,2.0,0.7,2.3,0.01,0.111111111,0.01,0.461619568,0.051230773
6777f3e9760d3844217b5ea8,1,crowding_L8_block1,crowding,L8,1,35,35.0,0.301029996,2.0,0.7,2.3,0.01,0.111111111,0.01,0.67631967,0.052049717
6777f3e9760d3844217b5ea8,1,crowding_R8_block2,crowding,R8,2,35,35.0,0.301029996,2.0,0.7,2.3,0.01,0.111111111,0.01,0.422492532,0.057508806
6777f3e9760d3844217b5ea8,1,crowding_L8_block2,crowding,L8,2,35,35.0,0.301029996,2.0,0.7,2.3,0.01,0.111111111,0.01,0.583580552,0.051912428
6777f3e9760d3844217b5ea8,1,acuity_R8_block1,acuity,R8,1,35,35.0,0.602059991,2.0,0.7,2.3,0.01,0.111111111,0.01,-0.560798097,0.049828053
6777f3e9760d3844217b5ea8,1,acuity_L8_block1,acuity,L8,1,35,35.0,0.602059991,2.0,0.7,2.3,0.01,0.111111111,0.01,-0.54564739,0.049065643
6777f3e9760d3844217b5ea8,1,rsvp_foveal_block1,rsvp,foveal,1,72,72.0,0.301029996,2.0,0.7,2.3,0.01,0.038461538,0.01,-1.203832402,0.031414295
581bd344930a280001062c90,1,crowding_R8_block1,crowding,R8,1,35,35.0,0.301029996,2.0,0.7,2.3,0.01,0.111111111,0.01,0.293809752,0.055653645
581bd344930a280001062c90,1,crowding_L8_block1,crowding,L8,1,35,35.0,0.301029996,2.0,0.7,2.3,0.01,0.111111111,0.01,0.309066584,0.052707158
581bd344930a280001062c90,1,crowding_R8_block2,crowding,R8,2,35,35.0,0.301029996,2.0,0.7,2.3,0.01,0.111111111,0.01,0.306520399,0.054950422
581bd344930a280001062c90,1,crowding_L8_block2,crowding,L8,2,35,35.0,0.301029996,2.0,0.7,2.3,0.01,0.111111111,0.01,0.346240428,0.05809748
581bd344930a280001062c90,1,acuity_R8_block1,acuity,R8,1,35,35.0,0.602059991,2.0,0.7,2.3,0.01,0.111111111,0.01,-0.524680888,0.049917997
581bd344930a280001062c90,1,acuity_L8_block1,acuity,L8,1,35,35.0,0.602059991,2.0,0.7,2.3,0.01,0.111111111,0.01,-0.554770495,0.049075232
581bd344930a280001062c90,1,rsvp_foveal_block1,rsvp,foveal,1,72,72.0,0.301029996,2.0,0.7,2.3,0.01,0.038461538,0.01,-1.547092231,0.03301849
66823a439b3e59a13b37a28f,1,crowding_R8_block1,crowding,R8,1,35,35.0,0.301029996,2.0,0.7,2.3,0.01,0.111111111,0.01,0.229791217,0.04964037
66823a439b3e59a13b37a28f,1,crowding_L8_block1,crowding,L8,1,35,35.0,0.301029996,2.0,0.7,2.3,0.01,0.111111111,0.01,0.630645704,0.071212719
66823a439b3e59a13b37a28f,1,crowding_R8_block2,crowding,R8,2,35,35.0,0.301029996,2.0,0.7,2.3,0.01,0.111111111,0.01,-0.072716374,0.049019473
66823a439b3e59a13b37a28f,1,crowding_L8_block2,crowding,L8,2,35,35.0,0.301029996,2.0,0.7,2.3,0.01,0.111111111,0.01,0.316871685,0.056864888
66823a439b3e59a13b37a28f,1,acuity_R8_block1,acuity,R8,1,35,35.0,0.602059991,2.0,0.7,2.3,0.01,0.111111111,0.01,-0.414522438,0.05240076
66823a439b3e59a13b37a28f,1,acuity_L8_block1,acuity,L8,1,34,34.0,0.602059991,2.0,0.7,2.3,0.01,0.111111111,0.01,-0.472946051,0.051048205
66823a439b3e59a13b37a28f,1,rsvp_foveal_block1,rsvp,foveal,1,72,72.0,0.301029996,2.0,0.7,2.3,0.01,0.038461538,0.01,-1.357296314,0.032460207
5dd2d431181abc2ecde6edb4,1,crowding_R8_block1,crowding,R8,1,35,35.0,0.301029996,2.0,0.7,2.3,0.01,0.111111111,0.01,0.623560615,0.04796304
5dd2d431181abc2ecde6edb4,1,crowding_L8_block1,crowding,L8,1,34,34.0,0.301029996,2.0,0.7,2.3,0.01,0.111111111,0.01,0.760038052,0.050919691
5dd2d431181abc2ecde6edb4,1,crowding_R8_block2,crowding,R8,2,35,35.0,0.301029996,2.0,0.7,2.3,0.01,0.111111111,0.01,0.324341043,0.047373981
5dd2d431181abc2ecde6edb4,1,crowding_L8_block2,crowding,L8,2,35,35.0,0.301029996,2.0,0.7,2.3,0.01,0.111111111,0.01,0.310236761,0.048595025
5dd2d431181abc2ecde6edb4,1,acuity_R8_block1,acuity,R8,1,35,35.0,0.602059991,2.0,0.7,2.3,0.01,0.111111111,0.01,-0.419745845,0.051547052
5dd2d431181abc2ecde6edb4,1,acuity_L8_block1,acuity,L8,1,35,35.0,0.602059991,2.0,0.7,2.3,0.01,0.111111111,0.01,-0.493493344,0.049780818
5dd2d431181abc2ecde6edb4,1,rsvp_foveal_block1,rsvp,foveal,1,72,72.0,0.301029996,2.0,0.7,2.3,0.01,0.038461538,0.01,-1.294159164,0.031265092
6676fab6295042ff191ead64,1,crowding_R8_block1,crowding,R8,1,35,35.0,0.301029996,2.0,0.7,2.3,0.01,0.111111111,0.01,0.578757893,0.04901679
6676fab6295042ff191ead64,1,crowding_L8_block1,crowding,L8,1,35,35.0,0.301029996,2.0,0.7,2.3,0.01,0.111111111,0.01,0.629739429,0.051298261
6676fab6295042ff191ead64,1,crowding_R8_block2,crowding,R8,2,35,35.0,0.301029996,2.0,0.7,2.3,0.01,0.111111111,0.01,0.542319931,0.049023903
6676fab6295042ff191ead64,1,crowding_L8_block2,crowding,L8,2,35,35.0,0.301029996,2.0,0.7,2.3,0.01,0.111111111,0.01,0.710477338,0.050296474
6676fab6295042ff191ead64,1,acuity_R8_block1,acuity,R8,1,35,35.0,0.602059991,2.0,0.7,2.3,0.01,0.111111111,0.01,-0.388440791,0.048383103
6676fab6295042ff191ead64,1,acuity_L8_block1,acuity,L8,1,35,35.0,0.602059991,2.0,0.7,2.3,0.01,0.111111111,0.01,-0.46451636,0.05125502
6676fab6295042ff191ead64,1,rsvp_foveal_block1,rsvp,foveal,1,69,69.0,0.301029996,2.0,0.7,2.3,0.01,0.038461538,0.01,-1.456318258,0.032730899
6760530dda5ffd6c22301dce,1,crowding_R8_block1,crowding,R8,1,35,35.0,0.301029996,2.0,0.7,2.3,0.01,0.111111111,0.01,0.142352279,0.047777965
6760530dda5ffd6c22301dce,1,crowding_L8_block1,crowding,L8,1,35,35.0,0.301029996,2.0,0.7,2.3,0.01,0.111111111,0.01,0.099223829,0.047233578
6760530dda5ffd6c22301dce,1,crowding_R8_block2,crowding,R8,2,35,35.0,0.301029996,2.0,0.7,2.3,0.01,0.111111111,0.01,-0.004759944,0.052296407
6760530dda5ffd6c22301dce,1,crowding_L8_block2,crowding,L8,2,35,35.0,0.301029996,2.0,0.7,2.3,0.01,0.111111111,0.01,0.226528106,0.050142424
6760530dda5ffd6c22301dce,1,acuity_R8_block1,acuity,R8,1,35,35.0,0.602059991,2.0,0.7,2.3,0.01,0.111111111,0.01,-0.357241324,0.048490339
6760530dda5ffd6c22301dce,1,acuity_L8_block1,acuity,L8,1,35,35.0,0.602059991,2.0,0.7,2.3,0.01,0.111111111,0.01,-0.545017435,0.049812924
6760530dda5ffd6c22301dce,1,rsvp_foveal_block1,rsvp,foveal,1,72,72.0,0.301029996,2.0,0.7,2.3,0.01,0.038461538,0.01,-1.58178806,0.031110233
676304145bbe20d1fd5d653c,1,crowding_R8_block1,crowding,R8,1,35,35.0,0.301029996,2.0,0.7,2.3,0.01,0.111111111,0.01,1.361264008,0.719895966
676304145bbe20d1fd5d653c,1,crowding_L8_block1,crowding,L8,1,36,36.0,0.301029996,2.0,0.7,2.3,0.01,0.111111111,0.01,1.401401876,0.702371634
676304145bbe20d1fd5d653c,1,crowding_R8_block2,crowding,R8,2,35,35.0,0.301029996,2.0,0.7,2.3,0.01,0.111111111,0.01,1.371351304,0.715397949
676304145bbe20d1fd5d653c,1,crowding_L8_block2,crowding,L8,2,21,21.0,0.301029996,2.0,0.7,2.3,0.01,0.111111111,0.01,1.407316345,0.705028489
676304145bbe20d1fd5d653c,1,acuity_R8_block1,acuity,R8,1,35,35.0,0.602059991,2.0,0.7,2.3,0.01,0.111111111,0.01,-0.509232796,0.052888666
676304145bbe20d1fd5d653c,1,acuity_L8_block1,acuity,L8,1,35,35.0,0.602059991,2.0,0.7,2.3,0.01,0.111111111,0.01,-0.577521043,0.049088063
676304145bbe20d1fd5d653c,1,rsvp_foveal_block1,rsvp,foveal,1,72,72.0,0.301029996,2.0,0.7,2.3,0.01,0.038461538,0.01,-1.253873369,0.032434242
67fffee26ec983c07f3a2abd,1,crowding_R8_block1,crowding,R8,1,34,34.0,0.301029996,2.0,0.7,2.3,0.01,0.111111111,0.01,0.628790278,0.050490074
67fffee26ec983c07f3a2abd,1,crowding_L8_block1,crowding,L8,1,35,35.0,0.301029996,2.0,0.7,2.3,0.01,0.111111111,0.01,0.435432741,0.050479116
67fffee26ec983c07f3a2abd,1,crowding_R8_block2,crowding,R8,2,35,35.0,0.301029996,2.0,0.7,2.3,0.01,0.111111111,0.01,0.267921953,0.051351183
67fffee26ec983c07f3a2abd,1,crowding_L8_block2,crowding,L8,2,35,35.0,0.301029996,2.0,0.7,2.3,0.01,0.111111111,0.01,0.995106359,0.059883749
67fffee26ec983c07f3a2abd,1,acuity_R8_block1,acuity,R8,1,35,35.0,0.602059991,2.0,0.7,2.3,0.01,0.111111111,0.01,-0.409548581,0.051565034
67fffee26ec983c07f3a2abd,1,acuity_L8_block1,acuity,L8,1,35,35.0,0.602059991,2.0,0.7,2.3,0.01,0.111111111,0.01,-0.386566337,0.04918807
67fffee26ec983c07f3a2abd,1,rsvp_foveal_block1,rsvp,foveal,1,69,69.0,0.301029996,2.0,0.7,2.3,0.01,0.038461538,0.01,-0.765806422,0.031204634
6733ca6572d14762aea012ad,1,crowding_R8_block1,crowding,R8,1,35,35.0,0.301029996,2.0,0.7,2.3,0.01,0.111111111,0.01,-0.021346567,0.051847611
6733ca6572d14762aea012ad,1,crowding_L8_block1,crowding,L8,1,35,35.0,0.301029996,2.0,0.7,2.3,0.01,0.111111111,0.01,0.620078554,0.04721779
6733ca6572d14762aea012ad,1,crowding_R8_block2,crowding,R8,2,35,35.0,0.301029996,2.0,0.7,2.3,0.01,0.111111111,0.01,0.507837724,0.049609209
6733ca6572d14762aea012ad,1,crowding_L8_block2,crowding,L8,2,35,35.0,0.301029996,2.0,0.7,2.3,0.01,0.111111111,0.01,0.433358799,0.047902129
6733ca6572d14762aea012ad,1,acuity_R8_block1,acuity,R8,1,35,35.0,0.602059991,2.0,0.7,2.3,0.01,0.111111111,0.01,-0.37377146,0.05342701
6733ca6572d14762aea012ad,1,acuity_L8_block1,acuity,L8,1,34,34.0,0.602059991,2.0,0.7,2.3,0.01,0.111111111,0.01,-0.470980441,0.049908745
6733ca6572d14762aea012ad,1,rsvp_foveal_block1,rsvp,foveal,1,72,72.0,0.301029996,2.0,0.7,2.3,0.01,0.038461538,0.01,-0.474108332,0.03261449
66a3b486230b71f8d86a5eec,1,crowding_R8_block1,crowding,R8,1,36,36.0,0.301029996,2.0,0.7,2.3,0.01,0.111111111,0.01,0.652053746,0.060076387
66a3b486230b71f8d86a5eec,1,crowding_L8_block1,crowding,L8,1,35,35.0,0.301029996,2.0,0.7,2.3,0.01,0.111111111,0.01,0.500071023,0.099522582
66a3b486230b71f8d86a5eec,1,crowding_R8_block2,crowding,R8,2,35,35.0,0.301029996,2.0,0.7,2.3,0.01,0.111111111,0.01,0.656774957,0.048108063
66a3b486230b71f8d86a5eec,1,crowding_L8_block2,crowding,L8,2,35,35.0,0.301029996,2.0,0.7,2.3,0.01,0.111111111,0.01,0.410126098,0.048664533
66a3b486230b71f8d86a5eec,1,acuity_R8_block1,acuity,R8,1,35,35.0,0.602059991,2.0,0.7,2.3,0.01,0.111111111,0.01,-0.294015661,0.047774624
66a3b486230b71f8d86a5eec,1,acuity_L8_block1,acuity,L8,1,35,35.0,0.602059991,2.0,0.7,2.3,0.01,0.111111111,0.01,-0.412977039,0.052368752
66a3b486230b71f8d86a5eec,1,rsvp_foveal_block1,rsvp,foveal,1,72,72.0,0.301029996,2.0,0.7,2.3,0.01,0.038461538,0.01,-1.229979593,0.033041284
6731b2a212a760a9375e0943,1,crowding_R8_block1,crowding,R8,1,35,35.0,0.301029996,2.0,0.7,2.3,0.01,0.111111111,0.01,0.219135445,0.061386261
6731b2a212a760a9375e0943,1,crowding_L8_block1,crowding,L8,1,35,35.0,0.301029996,2.0,0.7,2.3,0.01,0.111111111,0.01,0.457137259,0.051632851
6731b2a212a760a9375e0943,1,crowding_R8_block2,crowding,R8,2,35,35.0,0.301029996,2.0,0.7,2.3,0.01,0.111111111,0.01,0.469249424,0.048292214
6731b2a212a760a9375e0943,1,crowding_L8_block2,crowding,L8,2,35,35.0,0.301029996,2.0,0.7,2.3,0.01,0.111111111,0.01,0.504654716,0.048564308
6731b2a212a760a9375e0943,1,acuity_R8_block1,acuity,R8,1,35,35.0,0.602059991,2.0,0.7,2.3,0.01,0.111111111,0.01,-0.500602458,0.058418606
6731b2a212a760a9375e0943,1,acuity_L8_block1,acuity,L8,1,35,35.0,0.602059991,2.0,0.7,2.3,0.01,0.111111111,0.01,-0.545901005,0.050687184
6731b2a212a760a9375e0943,1,rsvp_foveal_block1,rsvp,foveal,1,72,72.0,0.301029996,2.0,0.7,2.3,0.01,0.038461538,0.01,-1.232741276,0.033484107
5ea619579a497562c9c5b34d,1,crowding_R8_block1,crowding,R8,1,35,35.0,0.301029996,2.0,0.7,2.3,0.01,0.111111111,0.01,0.662798746,0.04941928
5ea619579a497562c9c5b34d,1,crowding_L8_block1,crowding,L8,1,35,35.0,0.301029996,2.0,0.7,2.3,0.01,0.111111111,0.01,0.441088867,0.051436502
5ea619579a497562c9c5b34d,1,crowding_R8_block2,crowding,R8,2,35,35.0,0.301029996,2.0,0.7,2.3,0.01,0.111111111,0.01,0.628872746,0.051016935
5ea619579a497562c9c5b34d,1,crowding_L8_block2,crowding,L8,2,35,35.0,0.301029996,2.0,0.7,2.3,0.01,0.111111111,0.01,0.371334543,0.050724785
5ea619579a497562c9c5b34d,1,acuity_R8_block1,acuity,R8,1,35,35.0,0.602059991,2.0,0.7,2.3,0.01,0.111111111,0.01,-0.508510558,0.049115358
5ea619579a497562c9c5b34d,1,acuity_L8_block1,acuity,L8,1,35,35.0,0.602059991,2.0,0.7,2.3,0.01,0.111111111,0.01,-0.489305217,0.051058808
5ea619579a497562c9c5b34d,1,rsvp_foveal_block1,rsvp,foveal,1,72,72.0,0.301029996,2.0,0.7,2.3,0.01,0.038461538,0.01,-1.39370889,0.03114034
5c0873675b32d500012e3f2c,1,crowding_R8_block1,crowding,R8,1,32,32.0,0.301029996,2.0,0.7,2.3,0.01,0.111111111,0.01,-0.24273787,0.051271617
5c0873675b32d500012e3f2c,1,crowding_L8_block1,crowding,L8,1,33,33.0,0.301029996,2.0,0.7,2.3,0.01,0.111111111,0.01,-0.107462919,0.050980043
5c0873675b32d500012e3f2c,1,crowding_R8_block2,crowding,R8,2,33,33.0,0.301029996,2.0,0.7,2.3,0.01,0.111111111,0.01,-0.063813933,0.052871448
5c0873675b32d500012e3f2c,1,crowding_L8_block2,crowding,L8,2,30,30.0,0.301029996,2.0,0.7,2.3,0.01,0.111111111,0.01,0.022389628,0.053361258
5c0873675b32d500012e3f2c,1,acuity_R8_block1,acuity,R8,1,33,33.0,0.602059991,2.0,0.7,2.3,0.01,0.111111111,0.01,-0.6912936,0.081199007
5c0873675b32d500012e3f2c,1,acuity_L8_block1,acuity,L8,1,35,35.0,0.602059991,2.0,0.7,2.3,0.01,0.111111111,0.01,-0.517290198,0.050805161
5c0873675b32d500012e3f2c,1,rsvp_foveal_block1,rsvp,foveal,1,72,72.0,0.301029996,2.0,0.7,2.3,0.01,0.038461538,0.01,-1.605037126,0.035093808
67e461f383bb0fc948ffd5fd,1,crowding_R8_block1,crowding,R8,1,35,35.0,0.301029996,2.0,0.7,2.3,0.01,0.111111111,0.01,0.481090116,0.049141994
67e461f383bb0fc948ffd5fd,1,crowding_L8_block1,crowding,L8,1,35,35.0,0.301029996,2.0,0.7,2.3,0.01,0.111111111,0.01,0.497420998,0.048982908
67e461f383bb0fc948ffd5fd,1,crowding_R8_block2,crowding,R8,2,35,35.0,0.301029996,2.0,0.7,2.3,0.01,0.111111111,0.01,-0.119035728,0.050170929
67e461f383bb0fc948ffd5fd,1,crowding_L8_block2,crowding,L8,2,35,35.0,0.301029996,2.0,0.7,2.3,0.01,0.111111111,0.01,0.284546391,0.051308374
67e461f383bb0fc948ffd5fd,1,acuity_R8_block1,acuity,R8,1,35,35.0,0.602059991,2.0,0.7,2.3,0.01,0.111111111,0.01,-0.469520633,0.049109152
67e461f383bb0fc948ffd5fd,1,acuity_L8_block1,acuity,L8,1,35,35.0,0.602059991,2.0,0.7,2.3,0.01,0.111111111,0.01,-0.461311107,0.047169724
67e461f383bb0fc948ffd5fd,1,rsvp_foveal_block1,rsvp,foveal,1,72,72.0,0.301029996,2.0,0.7,2.3,0.01,0.038461538,0.01,-1.411930575,0.031358047
60ed501279c68ea1a313d0aa,1,crowding_R8_block1,crowding,R8,1,35,35.0,0.301029996,2.0,0.7,2.3,0.01,0.111111111,0.01,0.214743324,0.04957821
60ed501279c68ea1a313d0aa,1,crowding_L8_block1,crowding,L8,1,35,35.0,0.301029996,2.0,0.7,2.3,0.01,0.111111111,0.01,0.654611075,0.047799218
60ed501279c68ea1a313d0aa,1,crowding_R8_block2,crowding,R8,2,35,35.0,0.301029996,2.0,0.7,2.3,0.01,0.111111111,0.01,0.135248651,0.049723507
60ed501279c68ea1a313d0aa,1,crowding_L8_block2,crowding,L8,2,35,35.0,0.301029996,2.0,0.7,2.3,0.01,0.111111111,0.01,0.4730105,0.048266215
60ed501279c68ea1a313d0aa,1,acuity_R8_block1,acuity,R8,1,35,35.0,0.602059991,2.0,0.7,2.3,0.01,0.111111111,0.01,-0.393693868,0.048582611
60ed501279c68ea1a313d0aa,1,acuity_L8_block1,acuity,L8,1,35,35.0,0.602059991,2.0,0.7,2.3,0.01,0.111111111,0.01,-0.444581877,0.049377967
60ed501279c68ea1a313d0aa,1,rsvp_foveal_block1,rsvp,foveal,1,72,72.0,0.301029996,2.0,0.7,2.3,0.01,0.038461538,0.01,-1.231655349,0.0317925
66b223d532199c29ed32c8f4,1,crowding_R8_block1,crowding,R8,1,35,35.0,0.301029996,2.0,0.7,2.3,0.01,0.111111111,0.01,0.527027538,0.05007622
66b223d532199c29ed32c8f4,1,crowding_L8_block1,crowding,L8,1,35,35.0,0.301029996,2.0,0.7,2.3,0.01,0.111111111,0.01,0.621595924,0.053964884
66b223d532199c29ed32c8f4,1,crowding_R8_block2,crowding,R8,2,35,35.0,0.301029996,2.0,0.7,2.3,0.01,0.111111111,0.01,0.523357,0.050038224
66b223d532199c29ed32c8f4,1,crowding_L8_block2,crowding,L8,2,35,35.0,0.301029996,2.0,0.7,2.3,0.01,0.111111111,0.01,0.591209905,0.050553534
66b223d532199c29ed32c8f4,1,acuity_R8_block1,acuity,R8,1,35,35.0,0.602059991,2.0,0.7,2.3,0.01,0.111111111,0.01,-0.55428139,0.047946542
66b223d532199c29ed32c8f4,1,acuity_L8_block1,acuity,L8,1,35,35.0,0.602059991,2.0,0.7,2.3,0.01,0.111111111,0.01,-0.531365194,0.0493657
66b223d532199c29ed32c8f4,1,rsvp_foveal_block1,rsvp,foveal,1,72,72.0,0.301029996,2.0,0.7,2.3,0.01,0.038461538,0.01,-1.480480052,0.031963629
62db2644ab0a3a353c0dcb54,1,crowding_R8_block1,crowding,R8,1,35,35.0,0.301029996,2.0,0.7,2.3,0.01,0.111111111,0.01,0.363678572,0.048355931
62db2644ab0a3a353c0dcb54,1,crowding_L8_block1,crowding,L8,1,35,35.0,0.301029996,2.0,0.7,2.3,0.01,0.111111111,0.01,0.336938448,0.047254067
62db2644ab0a3a353c0dcb54,1,crowding_R8_block2,crowding,R8,2,35,35.0,0.301029996,2.0,0.7,2.3,0.01,0.111111111,0.01,0.10580329,0.053052524
62db2644ab0a3a353c0dcb54,1,crowding_L8_block2,crowding,L8,2,35,35.0,0.301029996,2.0,0.7,2.3,0.01,0.111111111,0.01,0.225087505,0.051114661
62db2644ab0a3a353c0dcb54,1,acuity_R8_block1,acuity,R8,1,35,35.0,0.602059991,2.0,0.7,2.3,0.01,0.111111111,0.01,-0.475286862,0.050824379
62db2644ab0a3a353c0dcb54,1,acuity_L8_block1,acuity,L8,1,35,35.0,0.602059991,2.0,0.7,2.3,0.01,0.111111111,0.01,-0.496725032,0.04907707
62db2644ab0a3a353c0dcb54,1,rsvp_foveal_block1,rsvp,foveal,1,72,72.0,0.301029996,2.0,0.7,2.3,0.01,0.038461538,0.01,-1.544195888,0.03098771
60fd29f9a87256295399a571,1,crowding_R8_block1,crowding,R8,1,35,35.0,0.301029996,2.0,0.7,2.3,0.01,0.111111111,0.01,-0.04864102,0.052149532
60fd29f9a87256295399a571,1,crowding_L8_block1,crowding,L8,1,35,35.0,0.301029996,2.0,0.7,2.3,0.01,0.111111111,0.01,0.059270854,0.053138734
60fd29f9a87256295399a571,1,crowding_R8_block2,crowding,R8,2,35,35.0,0.301029996,2.0,0.7,2.3,0.01,0.111111111,0.01,-0.069847204,0.062881768
60fd29f9a87256295399a571,1,crowding_L8_block2,crowding,L8,2,35,35.0,0.301029996,2.0,0.7,2.3,0.01,0.111111111,0.01,0.615131764,0.048445304
60fd29f9a87256295399a571,1,acuity_R8_block1,acuity,R8,1,35,35.0,0.602059991,2.0,0.7,2.3,0.01,0.111111111,0.01,-0.642262099,0.048362365
60fd29f9a87256295399a571,1,acuity_L8_block1,acuity,L8,1,35,35.0,0.602059991,2.0,0.7,2.3,0.01,0.111111111,0.01,-0.505470594,0.048813338
60fd29f9a87256295399a571,1,rsvp_foveal_block1,rsvp,foveal,1,72,72.0,0.301029996,2.0,0.7,2.3,0.01,0.038461538,0.01,-1.372223136,0.032200742
5d7bde81c7390f00169b2fdf,1,crowding_R8_block1,crowding,R8,1,35,35.0,0.301029996,2.0,0.7,2.3,0.01,0.111111111,0.01,-0.10320446,0.050809465
5d7bde81c7390f00169b2fdf,1,crowding_L8_block1,crowding,L8,1,35,35.0,0.301029996,2.0,0.7,2.3,0.01,0.111111111,0.01,-0.023930314,0.048629154
5d7bde81c7390f00169b2fdf,1,crowding_R8_block2,crowding,R8,2,35,35.0,0.301029996,2.0,0.7,2.3,0.01,0.111111111,0.01,-0.077557197,0.053060677
5d7bde81c7390f00169b2fdf,1,crowding_L8_block2,crowding,L8,2,35,35.0,0.301029996,2.0,0.7,2.3,0.01,0.111111111,0.01,0.28605033,0.065969921
5d7bde81c7390f00169b2fdf,1,acuity_R8_block1,acuity,R8,1,35,35.0,0.602059991,2.0,0.7,2.3,0.01,0.111111111,0.01,-0.513464058,0.049453
5d7bde81c7390f00169b2fdf,1,acuity_L8_block1,acuity,L8,1,35,35.0,0.602059991,2.0,0.7,2.3,0.01,0.111111111,0.01,-0.537821431,0.052869197
5d7bde81c7390f00169b2fdf,1,rsvp_foveal_block1,rsvp,foveal,1,72,72.0,0.301029996,2.0,0.7,2.3,0.01,0.038461538,0.01,-1.635593733,0.038114474
5e80b109ca1800791e1ca40c,1,crowding_R8_block1,crowding,R8,1,35,35.0,0.301029996,2.0,0.7,2.3,0.01,0.111111111,0.01,0.388072566,0.048112857
5e80b109ca1800791e1ca40c,1,crowding_L8_block1,crowding,L8,1,35,35.0,0.301029996,2.0,0.7,2.3,0.01,0.111111111,0.01,0.285431005,0.058090026
5e80b109ca1800791e1ca40c,1,crowding_R8_block2,crowding,R8,2,35,35.0,0.301029996,2.0,0.7,2.3,0.01,0.111111111,0.01,-0.00621315,0.052412022
5e80b109ca1800791e1ca40c,1,crowding_L8_block2,crowding,L8,2,35,35.0,0.301029996,2.0,0.7,2.3,0.01,0.111111111,0.01,0.429661756,0.051760162
5e80b109ca1800791e1ca40c,1,acuity_R8_block1,acuity,R8,1,35,35.0,0.602059991,2.0,0.7,2.3,0.01,0.111111111,0.01,-0.507887695,0.049719019
5e80b109ca1800791e1ca40c,1,acuity_L8_block1,acuity,L8,1,35,35.0,0.602059991,2.0,0.7,2.3,0.01,0.111111111,0.01,-0.510195341,0.049513559
5e80b109ca1800791e1ca40c,1,rsvp_foveal_block1,rsvp,foveal,1,72,72.0,0.301029996,2.0,0.7,2.3,0.01,0.038461538,0.01,-1.43240513,0.031854842
654e3fca4ff8d33df725feae,1,crowding_R8_block1,crowding,R8,1,35,35.0,0.301029996,2.0,0.7,2.3,0.01,0.111111111,0.01,0.032921154,0.047932166
654e3fca4ff8d33df725feae,1,crowding_L8_block1,crowding,L8,1,35,35.0,0.301029996,2.0,0.7,2.3,0.01,0.111111111,0.01,0.271142647,0.050271447
654e3fca4ff8d33df725feae,1,crowding_R8_block2,crowding,R8,2,35,35.0,0.301029996,2.0,0.7,2.3,0.01,0.111111111,0.01,0.386296829,0.049334402
654e3fca4ff8d33df725feae,1,crowding_L8_block2,crowding,L8,2,35,35.0,0.301029996,2.0,0.7,2.3,0.01,0.111111111,0.01,0.448455953,0.04889004
654e3fca4ff8d33df725feae,1,acuity_R8_block1,acuity,R8,1,35,35.0,0.602059991,2.0,0.7,2.3,0.01,0.111111111,0.01,-0.463466779,0.050775293
654e3fca4ff8d33df725feae,1,acuity_L8_block1,acuity,L8,1,35,35.0,0.602059991,2.0,0.7,2.3,0.01,0.111111111,0.01,-0.533581539,0.048305513
654e3fca4ff8d33df725feae,1,rsvp_foveal_block1,rsvp,foveal,1,72,72.0,0.301029996,2.0,0.7,2.3,0.01,0.038461538,0.01,-1.654069055,0.036336944
676e09a334757c5868cce157,1,crowding_R8_block1,crowding,R8,1,32,32.0,0.301029996,2.0,0.7,2.3,0.01,0.111111111,0.01,0.153463329,0.059625262
676e09a334757c5868cce157,1,crowding_L8_block1,crowding,L8,1,31,31.0,0.301029996,2.0,0.7,2.3,0.01,0.111111111,0.01,0.112475703,0.055579919
676e09a334757c5868cce157,1,crowding_R8_block2,crowding,R8,2,35,35.0,0.301029996,2.0,0.7,2.3,0.01,0.111111111,0.01,0.317460521,0.047758992
676e09a334757c5868cce157,1,crowding_L8_block2,crowding,L8,2,35,35.0,0.301029996,2.0,0.7,2.3,0.01,0.111111111,0.01,0.207976888,0.050481334
676e09a334757c5868cce157,1,acuity_R8_block1,acuity,R8,1,35,35.0,0.602059991,2.0,0.7,2.3,0.01,0.111111111,0.01,-0.583014637,0.050403559
676e09a334757c5868cce157,1,acuity_L8_block1,acuity,L8,1,35,35.0,0.602059991,2.0,0.7,2.3,0.01,0.111111111,0.01,-0.602477214,0.049389498
676e09a334757c5868cce157,1,rsvp_foveal_block1,rsvp,foveal,1,72,72.0,0.301029996,2.0,0.7,2.3,0.01,0.038461538,0.01,-1.644275529,0.036784206
5d743ec4869c8f0019b35907,1,crowding_R8_block1,crowding,R8,1,35,35.0,0.301029996,2.0,0.7,2.3,0.01,0.111111111,0.01,0.495425221,0.049328867
5d743ec4869c8f0019b35907,1,crowding_L8_block1,crowding,L8,1,35,35.0,0.301029996,2.0,0.7,2.3,0.01,0.111111111,0.01,0.759384368,0.05908987
5d743ec4869c8f0019b35907,1,crowding_R8_block2,crowding,R8,2,35,35.0,0.301029996,2.0,0.7,2.3,0.01,0.111111111,0.01,0.625128242,0.047082398
5d743ec4869c8f0019b35907,1,crowding_L8_block2,crowding,L8,2,35,35.0,0.301029996,2.0,0.7,2.3,0.01,0.111111111,0.01,0.648783044,0.051924396
5d743ec4869c8f0019b35907,1,acuity_R8_block1,acuity,R8,1,35,35.0,0.602059991,2.0,0.7,2.3,0.01,0.111111111,0.01,-0.324463646,0.060833869
5d743ec4869c8f0019b35907,1,acuity_L8_block1,acuity,L8,1,35,35.0,0.602059991,2.0,0.7,2.3,0.01,0.111111111,0.01,-0.438979469,0.047811889
5d743ec4869c8f0019b35907,1,rsvp_foveal_block1,rsvp,foveal,1,72,72.0,0.301029996,2.0,0.7,2.3,0.01,0.038461538,0.01,-1.312845365,0.031647813
6682fb350787f54e89d4001b,1,crowding_R8_block1,crowding,R8,1,35,35.0,0.301029996,2.0,0.7,2.3,0.01,0.111111111,0.01,0.693891578,0.048371443
6682fb350787f54e89d4001b,1,crowding_L8_block1,crowding,L8,1,35,35.0,0.301029996,2.0,0.7,2.3,0.01,0.111111111,0.01,0.858740521,0.053710193
6682fb350787f54e89d4001b,1,crowding_R8_block2,crowding,R8,2,35,35.0,0.301029996,2.0,0.7,2.3,0.01,0.111111111,0.01,0.95195783,0.057291601
6682fb350787f54e89d4001b,1,crowding_L8_block2,crowding,L8,2,35,35.0,0.301029996,2.0,0.7,2.3,0.01,0.111111111,0.01,0.850444178,0.05661395
6682fb350787f54e89d4001b,1,acuity_R8_block1,acuity,R8,1,35,35.0,0.602059991,2.0,0.7,2.3,0.01,0.111111111,0.01,-0.414845617,0.048968063
6682fb350787f54e89d4001b,1,acuity_L8_block1,acuity,L8,1,35,35.0,0.602059991,2.0,0.7,2.3,0.01,0.111111111,0.01,-0.222338763,0.048564086
6682fb350787f54e89d4001b,1,rsvp_foveal_block1,rsvp,foveal,1,72,72.0,0.301029996,2.0,0.7,2.3,0.01,0.038461538,0.01,-0.912691922,0.032658643
5f5452df72345118f58d187b,1,crowding_R8_block1,crowding,R8,1,35,35.0,0.301029996,2.0,0.7,2.3,0.01,0.111111111,0.01,0.563164484,0.07285283
5f5452df72345118f58d187b,1,crowding_L8_block1,crowding,L8,1,35,35.0,0.301029996,2.0,0.7,2.3,0.01,0.111111111,0.01,0.526428329,0.050681191
5f5452df72345118f58d187b,1,crowding_R8_block2,crowding,R8,2,35,35.0,0.301029996,2.0,0.7,2.3,0.01,0.111111111,0.01,-0.20622931,0.048615158
5f5452df72345118f58d187b,1,crowding_L8_block2,crowding,L8,2,35,35.0,0.301029996,2.0,0.7,2.3,0.01,0.111111111,0.01,-0.152786167,0.050116521
5f5452df72345118f58d187b,1,acuity_R8_block1,acuity,R8,1,35,35.0,0.602059991,2.0,0.7,2.3,0.01,0.111111111,0.01,-0.500235249,0.050479202
5f5452df72345118f58d187b,1,acuity_L8_block1,acuity,L8,1,35,35.0,0.602059991,2.0,0.7,2.3,0.01,0.111111111,0.01,-0.661862423,0.050616827
5f5452df72345118f58d187b,1,rsvp_foveal_block1,rsvp,foveal,1,72,72.0,0.301029996,2.0,0.7,2.3,0.01,0.038461538,0.01,-1.002344093,0.031583223
5d12ce9596919a0019367dd4,1,crowding_R8_block1,crowding,R8,1,35,35.0,0.301029996,2.0,0.7,2.3,0.01,0.111111111,0.01,0.29184634,0.046839706
5d12ce9596919a0019367dd4,1,crowding_L8_block1,crowding,L8,1,35,35.0,0.301029996,2.0,0.7,2.3,0.01,0.111111111,0.01,0.539371404,0.049961493
5d12ce9596919a0019367dd4,1,crowding_R8_block2,crowding,R8,2,35,35.0,0.301029996,2.0,0.7,2.3,0.01,0.111111111,0.01,0.075600114,0.056938677
5d12ce9596919a0019367dd4,1,crowding_L8_block2,crowding,L8,2,35,35.0,0.301029996,2.0,0.7,2.3,0.01,0.111111111,0.01,0.422033426,0.05665979
5d12ce9596919a0019367dd4,1,acuity_R8_block1,acuity,R8,1,35,35.0,0.602059991,2.0,0.7,2.3,0.01,0.111111111,0.01,-0.442726085,0.049029659
5d12ce9596919a0019367dd4,1,acuity_L8_block1,acuity,L8,1,35,35.0,0.602059991,2.0,0.7,2.3,0.01,0.111111111,0.01,-0.546545119,0.05074466
5d12ce9596919a0019367dd4,1,rsvp_foveal_block1,rsvp,foveal,1,72,72.0,0.301029996,2.0,0.7,2.3,0.01,0.038461538,0.01,-1.408525128,0.030983644
66849954ad6f34a6abffe11f,1,crowding_R8_block1,crowding,R8,1,35,35.0,0.301029996,2.0,0.7,2.3,0.01,0.111111111,0.01,0.574301507,0.047155572
66849954ad6f34a6abffe11f,1,crowding_L8_block1,crowding,L8,1,34,34.0,0.301029996,2.0,0.7,2.3,0.01,0.111111111,0.01,0.670736494,0.050060432
66849954ad6f34a6abffe11f,1,crowding_R8_block2,crowding,R8,2,35,35.0,0.301029996,2.0,0.7,2.3,0.01,0.111111111,0.01,0.553634794,0.049111276
66849954ad6f34a6abffe11f,1,crowding_L8_block2,crowding,L8,2,35,35.0,0.301029996,2.0,0.7,2.3,0.01,0.111111111,0.01,0.671581803,0.047321415
66849954ad6f34a6abffe11f,1,acuity_R8_block1,acuity,R8,1,35,35.0,0.602059991,2.0,0.7,2.3,0.01,0.111111111,0.01,-0.506430878,0.061404236
66849954ad6f34a6abffe11f,1,acuity_L8_block1,acuity,L8,1,35,35.0,0.602059991,2.0,0.7,2.3,0.01,0.111111111,0.01,-0.490819222,0.063322869
66849954ad6f34a6abffe11f,1,rsvp_foveal_block1,rsvp,foveal,1,72,72.0,0.301029996,2.0,0.7,2.3,0.01,0.038461538,0.01,-1.021462328,0.034116802
588a59813e1f290001aa78c1,1,crowding_R8_block1,crowding,R8,1,35,35.0,0.301029996,2.0,0.7,2.3,0.01,0.111111111,0.01,0.336394367,0.049716484
588a59813e1f290001aa78c1,1,crowding_L8_block1,crowding,L8,1,35,35.0,0.301029996,2.0,0.7,2.3,0.01,0.111111111,0.01,0.611763875,0.050293909
588a59813e1f290001aa78c1,1,crowding_R8_block2,crowding,R8,2,35,35.0,0.301029996,2.0,0.7,2.3,0.01,0.111111111,0.01,0.096511228,0.049049662
588a59813e1f290001aa78c1,1,crowding_L8_block2,crowding,L8,2,35,35.0,0.301029996,2.0,0.7,2.3,0.01,0.111111111,0.01,0.022827368,0.052739733
588a59813e1f290001aa78c1,1,acuity_R8_block1,acuity,R8,1,35,35.0,0.602059991,2.0,0.7,2.3,0.01,0.111111111,0.01,-0.458665393,0.04914593
588a59813e1f290001aa78c1,1,acuity_L8_block1,acuity,L8,1,35,35.0,0.602059991,2.0,0.7,2.3,0.01,0.111111111,0.01,-0.630094695,0.050391165
588a59813e1f290001aa78c1,1,rsvp_foveal_block1,rsvp,foveal,1,72,72.0,0.301029996,2.0,0.7,2.3,0.01,0.038461538,0.01,-1.388344205,0.032477585
5d453e8723a5bb0001492546,1,crowding_R8_block1,crowding,R8,1,35,35.0,0.301029996,2.0,0.7,2.3,0.01,0.111111111,0.01,0.452715511,0.069790487
5d453e8723a5bb0001492546,1,crowding_L8_block1,crowding,L8,1,35,35.0,0.301029996,2.0,0.7,2.3,0.01,0.111111111,0.01,0.505089894,0.053460683
5d453e8723a5bb0001492546,1,crowding_R8_block2,crowding,R8,2,35,35.0,0.301029996,2.0,0.7,2.3,0.01,0.111111111,0.01,0.425420303,0.048887035
5d453e8723a5bb0001492546,1,crowding_L8_block2,crowding,L8,2,35,35.0,0.301029996,2.0,0.7,2.3,0.01,0.111111111,0.01,0.550934705,0.051980824
5d453e8723a5bb0001492546,1,acuity_R8_block1,acuity,R8,1,35,35.0,0.602059991,2.0,0.7,2.3,0.01,0.111111111,0.01,-0.228264627,0.047724621
5d453e8723a5bb0001492546,1,acuity_L8_block1,acuity,L8,1,35,35.0,0.602059991,2.0,0.7,2.3,0.01,0.111111111,0.01,-0.359472267,0.050831962
5d453e8723a5bb0001492546,1,rsvp_foveal_block1,rsvp,foveal,1,69,69.0,0.301029996,2.0,0.7,2.3,0.01,0.038461538,0.01,-1.974450115,0.130168809
6746c680672c3ab45f25efb7,1,crowding_R8_block1,crowding,R8,1,31,31.0,0.301029996,2.0,0.7,2.3,0.01,0.111111111,0.01,0.663978259,0.051096871
6746c680672c3ab45f25efb7,1,crowding_L8_block1,crowding,L8,1,35,35.0,0.301029996,2.0,0.7,2.3,0.01,0.111111111,0.01,0.515557232,0.057260528
6746c680672c3ab45f25efb7,1,crowding_R8_block2,crowding,R8,2,34,34.0,0.301029996,2.0,0.7,2.3,0.01,0.111111111,0.01,0.546250517,0.055179002
6746c680672c3ab45f25efb7,1,crowding_L8_block2,crowding,L8,2,35,35.0,0.301029996,2.0,0.7,2.3,0.01,0.111111111,0.01,0.489656471,0.05334951
6746c680672c3ab45f25efb7,1,acuity_R8_block1,acuity,R8,1,35,35.0,0.602059991,2.0,0.7,2.3,0.01,0.111111111,0.01,-0.49677838,0.052613111
6746c680672c3ab45f25efb7,1,acuity_L8_block1,acuity,L8,1,35,35.0,0.602059991,2.0,0.7,2.3,0.01,0.111111111,0.01,-0.444502532,0.076701077
6746c680672c3ab45f25efb7,1,rsvp_foveal_block1,rsvp,foveal,1,72,72.0,0.301029996,2.0,0.7,2.3,0.01,0.038461538,0.01,-1.543907662,0.030992045
66d8b1917c364ec10c95a0c6,1,crowding_R8_block1,crowding,R8,1,35,35.0,0.301029996,2.0,0.7,2.3,0.01,0.111111111,0.01,0.2730482,0.048180468
66d8b1917c364ec10c95a0c6,1,crowding_L8_block1,crowding,L8,1,35,35.0,0.301029996,2.0,0.7,2.3,0.01,0.111111111,0.01,0.613753668,0.059840428
66d8b1917c364ec10c95a0c6,1,crowding_R8_block2,crowding,R8,2,35,35.0,0.301029996,2.0,0.7,2.3,0.01,0.111111111,0.01,0.516070529,0.048024478
66d8b1917c364ec10c95a0c6,1,crowding_L8_block2,crowding,L8,2,35,35.0,0.301029996,2.0,0.7,2.3,0.01,0.111111111,0.01,0.634546191,0.062193859
66d8b1917c364ec10c95a0c6,1,acuity_R8_block1,acuity,R8,1,35,35.0,0.602059991,2.0,0.7,2.3,0.01,0.111111111,0.01,-0.584874551,0.049147512
66d8b1917c364ec10c95a0c6,1,acuity_L8_block1,acuity,L8,1,35,35.0,0.602059991,2.0,0.7,2.3,0.01,0.111111111,0.01,-0.621518407,0.047599791
66d8b1917c364ec10c95a0c6,1,rsvp_foveal_block1,rsvp,foveal,1,72,72.0,0.301029996,2.0,0.7,2.3,0.01,0.038461538,0.01,-1.581311258,0.033608518
66b93ba9ccbb002158c59355,1,crowding_R8_block1,crowding,R8,1,35,35.0,0.301029996,2.0,0.7,2.3,0.01,0.111111111,0.01,0.497464949,0.113383867
66b93ba9ccbb002158c59355,1,crowding_L8_block1,crowding,L8,1,35,35.0,0.301029996,2.0,0.7,2.3,0.01,0.111111111,0.01,0.513828133,0.074742778
66b93ba9ccbb002158c59355,1,crowding_R8_block2,crowding,R8,2,35,35.0,0.301029996,2.0,0.7,2.3,0.01,0.111111111,0.01,0.48868168,0.059772622
66b93ba9ccbb002158c59355,1,crowding_L8_block2,crowding,L8,2,35,35.0,0.301029996,2.0,0.7,2.3,0.01,0.111111111,0.01,0.745204791,0.050864244
66b93ba9ccbb002158c59355,1,acuity_R8_block1,acuity,R8,1,35,35.0,0.602059991,2.0,0.7,2.3,0.01,0.111111111,0.01,-0.500564798,0.048476801
66b93ba9ccbb002158c59355,1,acuity_L8_block1,acuity,L8,1,29,29.0,0.602059991,2.0,0.7,2.3,0.01,0.111111111,0.01,-0.456418668,0.056195857
66b93ba9ccbb002158c59355,1,rsvp_foveal_block1,rsvp,foveal,1,72,72.0,0.301029996,2.0,0.7,2.3,0.01,0.038461538,0.01,-1.525709954,0.033351696
58adfc6e7cf56d0001f931a2,1,crowding_R8_block1,crowding,R8,1,35,35.0,0.301029996,2.0,0.7,2.3,0.01,0.111111111,0.01,0.659547883,0.052707368
58adfc6e7cf56d0001f931a2,1,crowding_L8_block1,crowding,L8,1,35,35.0,0.301029996,2.0,0.7,2.3,0.01,0.111111111,0.01,0.464292412,0.054543304
58adfc6e7cf56d0001f931a2,1,crowding_R8_block2,crowding,R8,2,35,35.0,0.301029996,2.0,0.7,2.3,0.01,0.111111111,0.01,0.400387426,0.255334382
58adfc6e7cf56d0001f931a2,1,crowding_L8_block2,crowding,L8,2,35,35.0,0.301029996,2.0,0.7,2.3,0.01,0.111111111,0.01,0.452417421,0.049078968
58adfc6e7cf56d0001f931a2,1,acuity_R8_block1,acuity,R8,1,35,35.0,0.602059991,2.0,0.7,2.3,0.01,0.111111111,0.01,-0.512474294,0.050805888
58adfc6e7cf56d0001f931a2,1,acuity_L8_block1,acuity,L8,1,35,35.0,0.602059991,2.0,0.7,2.3,0.01,0.111111111,0.01,-0.446594379,0.071167126
58adfc6e7cf56d0001f931a2,1,rsvp_foveal_block1,rsvp,foveal,1,72,72.0,0.301029996,2.0,0.7,2.3,0.01,0.038461538,0.01,-1.01238424,0.033819703
5f98099d48060d0450394002,1,crowding_R8_block1,crowding,R8,1,35,35.0,0.301029996,2.0,0.7,2.3,0.01,0.111111111,0.01,0.470129442,0.050489026
5f98099d48060d0450394002,1,crowding_L8_block1,crowding,L8,1,35,35.0,0.301029996,2.0,0.7,2.3,0.01,0.111111111,0.01,0.805552391,0.051453276
5f98099d48060d0450394002,1,crowding_R8_block2,crowding,R8,2,37,37.0,0.301029996,2.0,0.7,2.3,0.01,0.111111111,0.01,0.333071462,0.049582696
5f98099d48060d0450394002,1,crowding_L8_block2,crowding,L8,2,35,35.0,0.301029996,2.0,0.7,2.3,0.01,0.111111111,0.01,0.942984891,0.049865132
5f98099d48060d0450394002,1,acuity_R8_block1,acuity,R8,1,35,35.0,0.602059991,2.0,0.7,2.3,0.01,0.111111111,0.01,-0.51913699,0.047917702
5f98099d48060d0450394002,1,acuity_L8_block1,acuity,L8,1,35,35.0,0.602059991,2.0,0.7,2.3,0.01,0.111111111,0.01,-0.313405334,0.04979821
5f98099d48060d0450394002,1,rsvp_foveal_block1,rsvp,foveal,1,72,72.0,0.301029996,2.0,0.7,2.3,0.01,0.038461538,0.01,-1.613989911,0.032025791
65e64c08cd1bf3d6ab957af7,1,crowding_R8_block1,crowding,R8,1,35,35.0,0.301029996,2.0,0.7,2.3,0.01,0.111111111,0.01,0.362606633,0.049670096
65e64c08cd1bf3d6ab957af7,1,crowding_L8_block1,crowding,L8,1,35,35.0,0.301029996,2.0,0.7,2.3,0.01,0.111111111,0.01,0.406889592,0.055038749
65e64c08cd1bf3d6ab957af7,1,crowding_R8_block2,crowding,R8,2,35,35.0,0.301029996,2.0,0.7,2.3,0.01,0.111111111,0.01,0.17987094,0.052028422
65e64c08cd1bf3d6ab957af7,1,crowding_L8_block2,crowding,L8,2,35,35.0,0.301029996,2.0,0.7,2.3,0.01,0.111111111,0.01,0.547279552,0.056107237
65e64c08cd1bf3d6ab957af7,1,acuity_R8_block1,acuity,R8,1,35,35.0,0.602059991,2.0,0.7,2.3,0.01,0.111111111,0.01,-0.435765319,0.050466344
65e64c08cd1bf3d6ab957af7,1,acuity_L8_block1,acuity,L8,1,35,35.0,0.602059991,2.0,0.7,2.3,0.01,0.111111111,0.01,-0.441595922,0.049654977
65e64c08cd1bf3d6ab957af7,1,rsvp_foveal_block1,rsvp,foveal,1,72,72.0,0.301029996,2.0,0.7,2.3,0.01,0.038461538,0.01,-1.48962613,0.03170716
66821bd8c0252a33b4c4390f,1,crowding_R8_block1,crowding,R8,1,35,35.0,0.301029996,2.0,0.7,2.3,0.01,0.111111111,0.01,0.568242446,0.054406153
66821bd8c0252a33b4c4390f,1,crowding_L8_block1,crowding,L8,1,35,35.0,0.301029996,2.0,0.7,2.3,0.01,0.111111111,0.01,0.709656342,0.052170261
66821bd8c0252a33b4c4390f,1,crowding_R8_block2,crowding,R8,2,35,35.0,0.301029996,2.0,0.7,2.3,0.01,0.111111111,0.01,0.501607079,0.048097227
66821bd8c0252a33b4c4390f,1,crowding_L8_block2,crowding,L8,2,35,35.0,0.301029996,2.0,0.7,2.3,0.01,0.111111111,0.01,0.475921694,0.057681211
66821bd8c0252a33b4c4390f,1,acuity_R8_block1,acuity,R8,1,35,35.0,0.602059991,2.0,0.7,2.3,0.01,0.111111111,0.01,-0.289268494,0.047829101
66821bd8c0252a33b4c4390f,1,acuity_L8_block1,acuity,L8,1,35,35.0,0.602059991,2.0,0.7,2.3,0.01,0.111111111,0.01,-0.308581028,0.050330584
66821bd8c0252a33b4c4390f,1,rsvp_foveal_block1,rsvp,foveal,1,72,72.0,0.301029996,2.0,0.7,2.3,0.01,0.038461538,0.01,-1.412117006,0.032520274
67c74ce85a53a3888145adfd,1,crowding_R8_block1,crowding,R8,1,35,35.0,0.301029996,2.0,0.7,2.3,0.01,0.111111111,0.01,0.38553486,0.055121266
67c74ce85a53a3888145adfd,1,crowding_L8_block1,crowding,L8,1,35,35.0,0.301029996,2.0,0.7,2.3,0.01,0.111111111,0.01,0.621058196,0.04813599
67c74ce85a53a3888145adfd,1,crowding_R8_block2,crowding,R8,2,35,35.0,0.301029996,2.0,0.7,2.3,0.01,0.111111111,0.01,0.441156189,0.049881143
67c74ce85a53a3888145adfd,1,crowding_L8_block2,crowding,L8,2,35,35.0,0.301029996,2.0,0.7,2.3,0.01,0.111111111,0.01,0.146975764,0.04960168
67c74ce85a53a3888145adfd,1,acuity_R8_block1,acuity,R8,1,35,35.0,0.602059991,2.0,0.7,2.3,0.01,0.111111111,0.01,-0.34882342,0.052146676
67c74ce85a53a3888145adfd,1,acuity_L8_block1,acuity,L8,1,35,35.0,0.602059991,2.0,0.7,2.3,0.01,0.111111111,0.01,-0.458986463,0.052389885
67c74ce85a53a3888145adfd,1,rsvp_foveal_block1,rsvp,foveal,1,72,72.0,0.301029996,2.0,0.7,2.3,0.01,0.038461538,0.01,-1.425626141,0.031341791
6673c06ef972fa4885e8ec49,1,crowding_R8_block1,crowding,R8,1,35,35.0,0.301029996,2.0,0.7,2.3,0.01,0.111111111,0.01,0.282808547,0.047453904
6673c06ef972fa4885e8ec49,1,crowding_L8_block1,crowding,L8,1,35,35.0,0.301029996,2.0,0.7,2.3,0.01,0.111111111,0.01,0.607110878,0.047260184
6673c06ef972fa4885e8ec49,1,crowding_R8_block2,crowding,R8,2,35,35.0,0.301029996,2.0,0.7,2.3,0.01,0.111111111,0.01,0.132133764,0.047005001
6673c06ef972fa4885e8ec49,1,crowding_L8_block2,crowding,L8,2,35,35.0,0.301029996,2.0,0.7,2.3,0.01,0.111111111,0.01,0.523617449,0.053127234
6673c06ef972fa4885e8ec49,1,acuity_R8_block1,acuity,R8,1,35,35.0,0.602059991,2.0,0.7,2.3,0.01,0.111111111,0.01,-0.552251821,0.050417019
6673c06ef972fa4885e8ec49,1,acuity_L8_block1,acuity,L8,1,35,35.0,0.602059991,2.0,0.7,2.3,0.01,0.111111111,0.01,-0.532563601,0.048280452
6673c06ef972fa4885e8ec49,1,rsvp_foveal_block1,rsvp,foveal,1,72,72.0,0.301029996,2.0,0.7,2.3,0.01,0.038461538,0.01,-1.59199864,0.031303429
672135003f5e272c889620ea,1,crowding_R8_block1,crowding,R8,1,10,10.0,0.301029996,2.0,0.7,2.3,0.01,0.111111111,0.01,-0.181308501,0.768205781
672135003f5e272c889620ea,1,crowding_L8_block1,crowding,L8,1,10,10.0,0.301029996,2.0,0.7,2.3,0.01,0.111111111,0.01,0.503644108,0.130294153
672135003f5e272c889620ea,1,crowding_R8_block2,crowding,R8,2,14,14.0,0.301029996,2.0,0.7,2.3,0.01,0.111111111,0.01,0.082884123,0.087793
672135003f5e272c889620ea,1,crowding_L8_block2,crowding,L8,2,12,12.0,0.301029996,2.0,0.7,2.3,0.01,0.111111111,0.01,0.20893374,0.104221382
672135003f5e272c889620ea,1,acuity_R8_block1,acuity,R8,1,35,35.0,0.602059991,2.0,0.7,2.3,0.01,0.111111111,0.01,-0.578942282,0.048827284
672135003f5e272c889620ea,1,acuity_L8_block1,acuity,L8,1,35,35.0,0.602059991,2.0,0.7,2.3,0.01,0.111111111,0.01,-0.562657486,0.052685655
672135003f5e272c889620ea,1,rsvp_foveal_block1,rsvp,foveal,1,72,72.0,0.301029996,2.0,0.7,2.3,0.01,0.038461538,0.01,-1.62103705,0.036205821
66b73f9ba035651170b94c76,1,crowding_R8_block1,crowding,R8,1,35,35.0,0.301029996,2.0,0.7,2.3,0.01,0.111111111,0.01,0.401923121,0.048259934
66b73f9ba035651170b94c76,1,crowding_L8_block1,crowding,L8,1,35,35.0,0.301029996,2.0,0.7,2.3,0.01,0.111111111,0.01,0.254873185,0.05248596
66b73f9ba035651170b94c76,1,crowding_R8_block2,crowding,R8,2,35,35.0,0.301029996,2.0,0.7,2.3,0.01,0.111111111,0.01,0.31406615,0.048274995
66b73f9ba035651170b94c76,1,crowding_L8_block2,crowding,L8,2,35,35.0,0.301029996,2.0,0.7,2.3,0.01,0.111111111,0.01,0.372580878,0.048804934
66b73f9ba035651170b94c76,1,acuity_R8_block1,acuity,R8,1,35,35.0,0.602059991,2.0,0.7,2.3,0.01,0.111111111,0.01,-0.469753021,0.048736427
66b73f9ba035651170b94c76,1,acuity_L8_block1,acuity,L8,1,35,35.0,0.602059991,2.0,0.7,2.3,0.01,0.111111111,0.01,-0.422974894,0.053639854
66b73f9ba035651170b94c76,1,rsvp_foveal_block1,rsvp,foveal,1,72,72.0,0.301029996,2.0,0.7,2.3,0.01,0.038461538,0.01,-1.535346626,0.031072097
5685850c333cbd000d4e042f,1,crowding_R8_block1,crowding,R8,1,35,35.0,0.301029996,2.0,0.7,2.3,0.01,0.111111111,0.01,0.307618599,0.047343973
5685850c333cbd000d4e042f,1,crowding_L8_block1,crowding,L8,1,35,35.0,0.301029996,2.0,0.7,2.3,0.01,0.111111111,0.01,0.133610927,0.047627912
5685850c333cbd000d4e042f,1,crowding_R8_block2,crowding,R8,2,35,35.0,0.301029996,2.0,0.7,2.3,0.01,0.111111111,0.01,-0.144033619,0.051265263
5685850c333cbd000d4e042f,1,crowding_L8_block2,crowding,L8,2,35,35.0,0.301029996,2.0,0.7,2.3,0.01,0.111111111,0.01,0.369491917,0.048507679
5685850c333cbd000d4e042f,1,acuity_R8_block1,acuity,R8,1,35,35.0,0.602059991,2.0,0.7,2.3,0.01,0.111111111,0.01,-0.463442444,0.048483947
5685850c333cbd000d4e042f,1,acuity_L8_block1,acuity,L8,1,35,35.0,0.602059991,2.0,0.7,2.3,0.01,0.111111111,0.01,-0.525332854,0.047307783
5685850c333cbd000d4e042f,1,rsvp_foveal_block1,rsvp,foveal,1,72,72.0,0.301029996,2.0,0.7,2.3,0.01,0.038461538,0.01,-1.473978926,0.032578213
58404fd8ad98e40001ce915f,1,crowding_R8_block1,crowding,R8,1,35,35.0,0.301029996,2.0,0.7,2.3,0.01,0.111111111,0.01,0.575268121,0.048472169
58404fd8ad98e40001ce915f,1,crowding_L8_block1,crowding,L8,1,35,35.0,0.301029996,2.0,0.7,2.3,0.01,0.111111111,0.01,0.798901909,0.117106313
58404fd8ad98e40001ce915f,1,crowding_R8_block2,crowding,R8,2,35,35.0,0.301029996,2.0,0.7,2.3,0.01,0.111111111,0.01,0.158423092,0.048357427
58404fd8ad98e40001ce915f,1,crowding_L8_block2,crowding,L8,2,35,35.0,0.301029996,2.0,0.7,2.3,0.01,0.111111111,0.01,0.673375487,0.047522514
58404fd8ad98e40001ce915f,1,acuity_R8_block1,acuity,R8,1,35,35.0,0.602059991,2.0,0.7,2.3,0.01,0.111111111,0.01,-0.367318605,0.048719717
58404fd8ad98e40001ce915f,1,acuity_L8_block1,acuity,L8,1,35,35.0,0.602059991,2.0,0.7,2.3,0.01,0.111111111,0.01,-0.388060252,0.048731192
58404fd8ad98e40001ce915f,1,rsvp_foveal_block1,rsvp,foveal,1,72,72.0,0.301029996,2.0,0.7,2.3,0.01,0.038461538,0.01,-1.356095444,0.031173937
56b78f11e77ebe000cbefe79,1,crowding_R8_block1,crowding,R8,1,35,35.0,0.301029996,2.0,0.7,2.3,0.01,0.111111111,0.01,-0.099031375,0.048627137
56b78f11e77ebe000cbefe79,1,crowding_L8_block1,crowding,L8,1,35,35.0,0.301029996,2.0,0.7,2.3,0.01,0.111111111,0.01,0.526149663,0.049709473
56b78f11e77ebe000cbefe79,1,crowding_R8_block2,crowding,R8,2,35,35.0,0.301029996,2.0,0.7,2.3,0.01,0.111111111,0.01,-0.053649502,0.051449659
56b78f11e77ebe000cbefe79,1,crowding_L8_block2,crowding,L8,2,35,35.0,0.301029996,2.0,0.7,2.3,0.01,0.111111111,0.01,0.616076696,0.046907697
56b78f11e77ebe000cbefe79,1,acuity_R8_block1,acuity,R8,1,35,35.0,0.602059991,2.0,0.7,2.3,0.01,0.111111111,0.01,-0.468433561,0.048836169
56b78f11e77ebe000cbefe79,1,acuity_L8_block1,acuity,L8,1,35,35.0,0.602059991,2.0,0.7,2.3,0.01,0.111111111,0.01,-0.459295637,0.049428834
56b78f11e77ebe000cbefe79,1,rsvp_foveal_block1,rsvp,foveal,1,72,72.0,0.301029996,2.0,0.7,2.3,0.01,0.038461538,0.01,-1.260359207,0.032012353
5e38397719e44f0244389781,1,crowding_R8_block1,crowding,R8,1,35,35.0,0.301029996,2.0,0.7,2.3,0.01,0.111111111,0.01,0.314204325,0.051501598
5e38397719e44f0244389781,1,crowding_L8_block1,crowding,L8,1,35,35.0,0.301029996,2.0,0.7,2.3,0.01,0.111111111,0.01,0.410584473,0.056825495
5e38397719e44f0244389781,1,crowding_R8_block2,crowding,R8,2,35,35.0,0.301029996,2.0,0.7,2.3,0.01,0.111111111,0.01,0.316648162,0.354102861
5e38397719e44f0244389781,1,crowding_L8_block2,crowding,L8,2,35,35.0,0.301029996,2.0,0.7,2.3,0.01,0.111111111,0.01,0.29475195,0.059032708
5e38397719e44f0244389781,1,acuity_R8_block1,acuity,R8,1,35,35.0,0.602059991,2.0,0.7,2.3,0.01,0.111111111,0.01,-0.534599648,0.052479481
5e38397719e44f0244389781,1,acuity_L8_block1,acuity,L8,1,35,35.0,0.602059991,2.0,0.7,2.3,0.01,0.111111111,0.01,-0.521081641,0.050577016
5e38397719e44f0244389781,1,rsvp_foveal_block1,rsvp,foveal,1,69,69.0,0.301029996,2.0,0.7,2.3,0.01,0.038461538,0.01,-1.631253428,0.03861866
663ca3bb2308c5634004f00e,1,crowding_R8_block1,crowding,R8,1,35,35.0,0.301029996,2.0,0.7,2.3,0.01,0.111111111,0.01,0.335422855,0.047891277
663ca3bb2308c5634004f00e,1,crowding_L8_block1,crowding,L8,1,35,35.0,0.301029996,2.0,0.7,2.3,0.01,0.111111111,0.01,0.401875159,0.047483789
663ca3bb2308c5634004f00e,1,crowding_R8_block2,crowding,R8,2,35,35.0,0.301029996,2.0,0.7,2.3,0.01,0.111111111,0.01,0.070325494,0.050090037
663ca3bb2308c5634004f00e,1,crowding_L8_block2,crowding,L8,2,35,35.0,0.301029996,2.0,0.7,2.3,0.01,0.111111111,0.01,0.527009766,0.049555961
663ca3bb2308c5634004f00e,1,acuity_R8_block1,acuity,R8,1,35,35.0,0.602059991,2.0,0.7,2.3,0.01,0.111111111,0.01,-0.67109819,0.050059008
663ca3bb2308c5634004f00e,1,acuity_L8_block1,acuity,L8,1,35,35.0,0.602059991,2.0,0.7,2.3,0.01,0.111111111,0.01,-0.65111244,0.070728386
663ca3bb2308c5634004f00e,1,rsvp_foveal_block1,rsvp,foveal,1,72,72.0,0.301029996,2.0,0.7,2.3,0.01,0.038461538,0.01,-1.705496565,0.080142403
66929bbddece52b3d6569339,1,crowding_R8_block1,crowding,R8,1,35,35.0,0.301029996,2.0,0.7,2.3,0.01,0.111111111,0.01,0.211462795,0.047731088
66929bbddece52b3d6569339,1,crowding_L8_block1,crowding,L8,1,35,35.0,0.301029996,2.0,0.7,2.3,0.01,0.111111111,0.01,0.53959131,0.052368197
66929bbddece52b3d6569339,1,crowding_R8_block2,crowding,R8,2,35,35.0,0.301029996,2.0,0.7,2.3,0.01,0.111111111,0.01,0.154735837,0.050739257
66929bbddece52b3d6569339,1,crowding_L8_block2,crowding,L8,2,35,35.0,0.301029996,2.0,0.7,2.3,0.01,0.111111111,0.01,0.356238905,0.052470704
66929bbddece52b3d6569339,1,acuity_R8_block1,acuity,R8,1,35,35.0,0.602059991,2.0,0.7,2.3,0.01,0.111111111,0.01,-0.571855881,0.049060656
66929bbddece52b3d6569339,1,acuity_L8_block1,acuity,L8,1,35,35.0,0.602059991,2.0,0.7,2.3,0.01,0.111111111,0.01,-0.563802389,0.047872453
66929bbddece52b3d6569339,1,rsvp_foveal_block1,rsvp,foveal,1,72,72.0,0.301029996,2.0,0.7,2.3,0.01,0.038461538,0.01,-1.12960716,0.031099228
57334d427d01ed00098e8e69,1,crowding_R8_block1,crowding,R8,1,35,35.0,0.301029996,2.0,0.7,2.3,0.01,0.111111111,0.01,0.11493376,0.048881527
57334d427d01ed00098e8e69,1,crowding_L8_block1,crowding,L8,1,35,35.0,0.301029996,2.0,0.7,2.3,0.01,0.111111111,0.01,0.616505688,0.051329156
57334d427d01ed00098e8e69,1,crowding_R8_block2,crowding,R8,2,35,35.0,0.301029996,2.0,0.7,2.3,0.01,0.111111111,0.01,0.089409605,0.048552487
57334d427d01ed00098e8e69,1,crowding_L8_block2,crowding,L8,2,35,35.0,0.301029996,2.0,0.7,2.3,0.01,0.111111111,0.01,0.208333961,0.048505455
57334d427d01ed00098e8e69,1,acuity_R8_block1,acuity,R8,1,35,35.0,0.602059991,2.0,0.7,2.3,0.01,0.111111111,0.01,-0.487913726,0.049653405
57334d427d01ed00098e8e69,1,acuity_L8_block1,acuity,L8,1,35,35.0,0.602059991,2.0,0.7,2.3,0.01,0.111111111,0.01,-0.565535738,0.048178371
57334d427d01ed00098e8e69,1,rsvp_foveal_block1,rsvp,foveal,1,72,72.0,0.301029996,2.0,0.7,2.3,0.01,0.038461538,0.01,-1.420675535,0.031145605
65de3f6558e2556c9250e39e,1,crowding_R8_block1,crowding,R8,1,35,35.0,0.301029996,2.0,0.7,2.3,0.01,0.111111111,0.01,1.440668183,0.682445506
65de3f6558e2556c9250e39e,1,crowding_L8_block1,crowding,L8,1,35,35.0,0.301029996,2.0,0.7,2.3,0.01,0.111111111,0.01,1.486954865,0.664880242
65de3f6558e2556c9250e39e,1,crowding_R8_block2,crowding,R8,2,35,35.0,0.301029996,2.0,0.7,2.3,0.01,0.111111111,0.01,0.551961959,0.63764301
65de3f6558e2556c9250e39e,1,crowding_L8_block2,crowding,L8,2,35,35.0,0.301029996,2.0,0.7,2.3,0.01,0.111111111,0.01,0.986138417,0.75080913
65de3f6558e2556c9250e39e,1,acuity_R8_block1,acuity,R8,1,35,35.0,0.602059991,2.0,0.7,2.3,0.01,0.111111111,0.01,-0.548393401,0.047922095
65de3f6558e2556c9250e39e,1,acuity_L8_block1,acuity,L8,1,35,35.0,0.602059991,2.0,0.7,2.3,0.01,0.111111111,0.01,-0.491894658,0.050115537
65de3f6558e2556c9250e39e,1,rsvp_foveal_block1,rsvp,foveal,1,72,72.0,0.301029996,2.0,0.7,2.3,0.01,0.038461538,0.01,-1.535346626,0.031072097
675d61c63a00cb308be414f7,1,crowding_R8_block1,crowding,R8,1,35,35.0,0.301029996,2.0,0.7,2.3,0.01,0.111111111,0.01,0.326168008,0.049458481
675d61c63a00cb308be414f7,1,crowding_L8_block1,crowding,L8,1,35,35.0,0.301029996,2.0,0.7,2.3,0.01,0.111111111,0.01,0.194707877,0.051725932
675d61c63a00cb308be414f7,1,crowding_R8_block2,crowding,R8,2,35,35.0,0.301029996,2.0,0.7,2.3,0.01,0.111111111,0.01,0.231259328,0.048527236
675d61c63a00cb308be414f7,1,crowding_L8_block2,crowding,L8,2,35,35.0,0.301029996,2.0,0.7,2.3,0.01,0.111111111,0.01,0.652950999,0.114857988
675d61c63a00cb308be414f7,1,acuity_R8_block1,acuity,R8,1,35,35.0,0.602059991,2.0,0.7,2.3,0.01,0.111111111,0.01,-0.575934602,0.050818689
675d61c63a00cb308be414f7,1,acuity_L8_block1,acuity,L8,1,35,35.0,0.602059991,2.0,0.7,2.3,0.01,0.111111111,0.01,-0.573055107,0.05005048
675d61c63a00cb308be414f7,1,rsvp_foveal_block1,rsvp,foveal,1,72,72.0,0.301029996,2.0,0.7,2.3,0.01,0.038461538,0.01,-1.493736603,0.031346409
67ccdedfed7594041a89df19,1,crowding_R8_block1,crowding,R8,1,35,35.0,0.301029996,2.0,0.7,2.3,0.01,0.111111111,0.01,0.566143932,0.051699267
67ccdedfed7594041a89df19,1,crowding_L8_block1,crowding,L8,1,35,35.0,0.301029996,2.0,0.7,2.3,0.01,0.111111111,0.01,0.63373714,0.048431728
67ccdedfed7594041a89df19,1,crowding_R8_block2,crowding,R8,2,35,35.0,0.301029996,2.0,0.7,2.3,0.01,0.111111111,0.01,0.464274241,0.048179457
67ccdedfed7594041a89df19,1,crowding_L8_block2,crowding,L8,2,35,35.0,0.301029996,2.0,0.7,2.3,0.01,0.111111111,0.01,0.513688166,0.052899073
67ccdedfed7594041a89df19,1,acuity_R8_block1,acuity,R8,1,35,35.0,0.602059991,2.0,0.7,2.3,0.01,0.111111111,0.01,-0.536297351,0.052536233
67ccdedfed7594041a89df19,1,acuity_L8_block1,acuity,L8,1,35,35.0,0.602059991,2.0,0.7,2.3,0.01,0.111111111,0.01,-0.549051172,0.050703363
67ccdedfed7594041a89df19,1,rsvp_foveal_block1,rsvp,foveal,1,72,72.0,0.301029996,2.0,0.7,2.3,0.01,0.038461538,0.01,-1.125635134,0.031909409
67803b5508f3d995ef13696b,1,crowding_R8_block1,crowding,R8,1,35,35.0,0.301029996,2.0,0.7,2.3,0.01,0.111111111,0.01,-0.008757548,0.050915006
67803b5508f3d995ef13696b,1,crowding_L8_block1,crowding,L8,1,35,35.0,0.301029996,2.0,0.7,2.3,0.01,0.111111111,0.01,0.629392974,0.049976647
67803b5508f3d995ef13696b,1,crowding_R8_block2,crowding,R8,2,35,35.0,0.301029996,2.0,0.7,2.3,0.01,0.111111111,0.01,0.063398113,0.055154718
67803b5508f3d995ef13696b,1,crowding_L8_block2,crowding,L8,2,35,35.0,0.301029996,2.0,0.7,2.3,0.01,0.111111111,0.01,0.591818931,0.048721338
67803b5508f3d995ef13696b,1,acuity_R8_block1,acuity,R8,1,35,35.0,0.602059991,2.0,0.7,2.3,0.01,0.111111111,0.01,-0.664075737,0.048237227
67803b5508f3d995ef13696b,1,acuity_L8_block1,acuity,L8,1,35,35.0,0.602059991,2.0,0.7,2.3,0.01,0.111111111,0.01,-0.521325589,0.052352417
67803b5508f3d995ef13696b,1,rsvp_foveal_block1,rsvp,foveal,1,72,72.0,0.301029996,2.0,0.7,2.3,0.01,0.038461538,0.01,-1.078339982,0.03190162
608f68107d9ea28c690af9d2,1,crowding_R8_block1,crowding,R8,1,35,35.0,0.301029996,2.0,0.7,2.3,0.01,0.111111111,0.01,0.645641539,0.049589669
608f68107d9ea28c690af9d2,1,crowding_L8_block1,crowding,L8,1,35,35.0,0.301029996,2.0,0.7,2.3,0.01,0.111111111,0.01,0.445169293,0.082561058
608f68107d9ea28c690af9d2,1,crowding_R8_block2,crowding,R8,2,35,35.0,0.301029996,2.0,0.7,2.3,0.01,0.111111111,0.01,0.733466553,0.0610329
608f68107d9ea28c690af9d2,1,crowding_L8_block2,crowding,L8,2,35,35.0,0.301029996,2.0,0.7,2.3,0.01,0.111111111,0.01,0.346094532,0.051747047
608f68107d9ea28c690af9d2,1,acuity_R8_block1,acuity,R8,1,35,35.0,0.602059991,2.0,0.7,2.3,0.01,0.111111111,0.01,-0.610956166,0.051541178
608f68107d9ea28c690af9d2,1,acuity_L8_block1,acuity,L8,1,35,35.0,0.602059991,2.0,0.7,2.3,0.01,0.111111111,0.01,-0.557957614,0.050495675
608f68107d9ea28c690af9d2,1,rsvp_foveal_block1,rsvp,foveal,1,72,72.0,0.301029996,2.0,0.7,2.3,0.01,0.038461538,0.01,-1.501128728,0.031736331
67700724f07c694ad429287a,1,crowding_R8_block1,crowding,R8,1,35,35.0,0.301029996,2.0,0.7,2.3,0.01,0.111111111,0.01,0.591381264,0.048251205
67700724f07c694ad429287a,1,crowding_L8_block1,crowding,L8,1,35,35.0,0.301029996,2.0,0.7,2.3,0.01,0.111111111,0.01,0.58007205,0.048369188
67700724f07c694ad429287a,1,crowding_R8_block2,crowding,R8,2,35,35.0,0.301029996,2.0,0.7,2.3,0.01,0.111111111,0.01,0.561036438,0.049527552
67700724f07c694ad429287a,1,crowding_L8_block2,crowding,L8,2,35,35.0,0.301029996,2.0,0.7,2.3,0.01,0.111111111,0.01,0.711920341,0.046029722
67700724f07c694ad429287a,1,acuity_R8_block1,acuity,R8,1,35,35.0,0.602059991,2.0,0.7,2.3,0.01,0.111111111,0.01,-0.455138513,0.050802698
67700724f07c694ad429287a,1,acuity_L8_block1,acuity,L8,1,35,35.0,0.602059991,2.0,0.7,2.3,0.01,0.111111111,0.01,-0.647518973,0.048502301
67700724f07c694ad429287a,1,rsvp_foveal_block1,rsvp,foveal,1,72,72.0,0.301029996,2.0,0.7,2.3,0.01,0.038461538,0.01,-1.613989911,0.032025791
667871d17d7fdf0358f82a28,1,crowding_R8_block1,crowding,R8,1,35,35.0,0.301029996,2.0,0.7,2.3,0.01,0.111111111,0.01,0.538291325,0.048921037
667871d17d7fdf0358f82a28,1,crowding_L8_block1,crowding,L8,1,35,35.0,0.301029996,2.0,0.7,2.3,0.01,0.111111111,0.01,0.880417578,0.047552106
667871d17d7fdf0358f82a28,1,crowding_R8_block2,crowding,R8,2,35,35.0,0.301029996,2.0,0.7,2.3,0.01,0.111111111,0.01,0.582015495,0.055722247
667871d17d7fdf0358f82a28,1,crowding_L8_block2,crowding,L8,2,35,35.0,0.301029996,2.0,0.7,2.3,0.01,0.111111111,0.01,0.946087248,0.045625883
667871d17d7fdf0358f82a28,1,acuity_R8_block1,acuity,R8,1,31,31.0,0.602059991,2.0,0.7,2.3,0.01,0.111111111,0.01,-0.283549039,0.053968308
667871d17d7fdf0358f82a28,1,acuity_L8_block1,acuity,L8,1,30,30.0,0.602059991,2.0,0.7,2.3,0.01,0.111111111,0.01,-0.500066079,0.053398081
667871d17d7fdf0358f82a28,1,rsvp_foveal_block1,rsvp,foveal,1,72,72.0,0.301029996,2.0,0.7,2.3,0.01,0.038461538,0.01,-0.969827951,0.032758409
660604f1a9c44af2909516f6,1,crowding_R8_block1,crowding,R8,1,35,35.0,0.301029996,2.0,0.7,2.3,0.01,0.111111111,0.01,0.177825368,0.0490809
660604f1a9c44af2909516f6,1,crowding_L8_block1,crowding,L8,1,35,35.0,0.301029996,2.0,0.7,2.3,0.01,0.111111111,0.01,0.623207185,0.048191186
660604f1a9c44af2909516f6,1,crowding_R8_block2,crowding,R8,2,35,35.0,0.301029996,2.0,0.7,2.3,0.01,0.111111111,0.01,0.244873327,0.048851719
660604f1a9c44af2909516f6,1,crowding_L8_block2,crowding,L8,2,35,35.0,0.301029996,2.0,0.7,2.3,0.01,0.111111111,0.01,0.621068242,0.05120669
660604f1a9c44af2909516f6,1,acuity_R8_block1,acuity,R8,1,35,35.0,0.602059991,2.0,0.7,2.3,0.01,0.111111111,0.01,-0.550867748,0.049599086
660604f1a9c44af2909516f6,1,acuity_L8_block1,acuity,L8,1,35,35.0,0.602059991,2.0,0.7,2.3,0.01,0.111111111,0.01,-0.434570943,0.048127413
660604f1a9c44af2909516f6,1,rsvp_foveal_block1,rsvp,foveal,1,72,72.0,0.301029996,2.0,0.7,2.3,0.01,0.038461538,0.01,-1.080193557,0.033936151
6544fd4daeb0e81889e217f7,1,crowding_R8_block1,crowding,R8,1,35,35.0,0.301029996,2.0,0.7,2.3,0.01,0.111111111,0.01,0.503087455,0.072386866
6544fd4daeb0e81889e217f7,1,crowding_L8_block1,crowding,L8,1,35,35.0,0.301029996,2.0,0.7,2.3,0.01,0.111111111,0.01,0.554861845,0.04971354
6544fd4daeb0e81889e217f7,1,crowding_R8_block2,crowding,R8,2,35,35.0,0.301029996,2.0,0.7,2.3,0.01,0.111111111,0.01,0.532506923,0.053085287
6544fd4daeb0e81889e217f7,1,crowding_L8_block2,crowding,L8,2,35,35.0,0.301029996,2.0,0.7,2.3,0.01,0.111111111,0.01,0.59091845,0.047944081
6544fd4daeb0e81889e217f7,1,acuity_R8_block1,acuity,R8,1,35,35.0,0.602059991,2.0,0.7,2.3,0.01,0.111111111,0.01,-0.464303039,0.109560319
6544fd4daeb0e81889e217f7,1,acuity_L8_block1,acuity,L8,1,35,35.0,0.602059991,2.0,0.7,2.3,0.01,0.111111111,0.01,-0.44099567,0.050281747
6544fd4daeb0e81889e217f7,1,rsvp_foveal_block1,rsvp,foveal,1,72,72.0,0.301029996,2.0,0.7,2.3,0.01,0.038461538,0.01,-1.351057641,0.031136791
664e7baa0d6008036181a712,1,crowding_R8_block1,crowding,R8,1,35,35.0,0.301029996,2.0,0.7,2.3,0.01,0.111111111,0.01,0.32490225,0.049952569
664e7baa0d6008036181a712,1,crowding_L8_block1,crowding,L8,1,35,35.0,0.301029996,2.0,0.7,2.3,0.01,0.111111111,0.01,0.430593658,0.048296812
664e7baa0d6008036181a712,1,crowding_R8_block2,crowding,R8,2,35,35.0,0.301029996,2.0,0.7,2.3,0.01,0.111111111,0.01,0.441578943,0.048400154
664e7baa0d6008036181a712,1,crowding_L8_block2,crowding,L8,2,35,35.0,0.301029996,2.0,0.7,2.3,0.01,0.111111111,0.01,0.428864591,0.047349327
664e7baa0d6008036181a712,1,acuity_R8_block1,acuity,R8,1,34,34.0,0.602059991,2.0,0.7,2.3,0.01,0.111111111,0.01,-0.406686922,0.049604973
664e7baa0d6008036181a712,1,acuity_L8_block1,acuity,L8,1,35,35.0,0.602059991,2.0,0.7,2.3,0.01,0.111111111,0.01,-0.416139182,0.048280973
664e7baa0d6008036181a712,1,rsvp_foveal_block1,rsvp,foveal,1,72,72.0,0.301029996,2.0,0.7,2.3,0.01,0.038461538,0.01,-1.344434569,0.031532273
6516d39e9eea4ed892cbb5b7,1,crowding_R8_block1,crowding,R8,1,35,35.0,0.301029996,2.0,0.7,2.3,0.01,0.111111111,0.01,0.328662266,0.053646757
6516d39e9eea4ed892cbb5b7,1,crowding_L8_block1,crowding,L8,1,35,35.0,0.301029996,2.0,0.7,2.3,0.01,0.111111111,0.01,0.367965494,0.049402696
6516d39e9eea4ed892cbb5b7,1,crowding_R8_block2,crowding,R8,2,35,35.0,0.301029996,2.0,0.7,2.3,0.01,0.111111111,0.01,0.201096866,0.053026772
6516d39e9eea4ed892cbb5b7,1,crowding_L8_block2,crowding,L8,2,35,35.0,0.301029996,2.0,0.7,2.3,0.01,0.111111111,0.01,0.416840967,0.049040978
6516d39e9eea4ed892cbb5b7,1,acuity_R8_block1,acuity,R8,1,35,35.0,0.602059991,2.0,0.7,2.3,0.01,0.111111111,0.01,-0.501574397,0.049576679
6516d39e9eea4ed892cbb5b7,1,acuity_L8_block1,acuity,L8,1,35,35.0,0.602059991,2.0,0.7,2.3,0.01,0.111111111,0.01,-0.528279529,0.048739588
6516d39e9eea4ed892cbb5b7,1,rsvp_foveal_block1,rsvp,foveal,1,72,72.0,0.301029996,2.0,0.7,2.3,0.01,0.038461538,0.01,-1.612419507,0.032237589
58cd0bc2a47dbb000171dc8b,1,crowding_R8_block1,crowding,R8,1,15,15.0,0.301029996,2.0,0.7,2.3,0.01,0.111111111,0.01,0.154752616,0.282076465
58cd0bc2a47dbb000171dc8b,1,crowding_L8_block1,crowding,L8,1,13,13.0,0.301029996,2.0,0.7,2.3,0.01,0.111111111,0.01,0.811186839,0.311385982
58cd0bc2a47dbb000171dc8b,1,crowding_R8_block2,crowding,R8,2,21,21.0,0.301029996,2.0,0.7,2.3,0.01,0.111111111,0.01,0.184351422,0.069031147
58cd0bc2a47dbb000171dc8b,1,crowding_L8_block2,crowding,L8,2,16,16.0,0.301029996,2.0,0.7,2.3,0.01,0.111111111,0.01,0.216538517,0.086818039
58cd0bc2a47dbb000171dc8b,1,acuity_R8_block1,acuity,R8,1,18,18.0,0.602059991,2.0,0.7,2.3,0.01,0.111111111,0.01,-0.501896894,0.072766318
58cd0bc2a47dbb000171dc8b,1,acuity_L8_block1,acuity,L8,1,14,14.0,0.602059991,2.0,0.7,2.3,0.01,0.111111111,0.01,-0.340502486,0.08604142
58cd0bc2a47dbb000171dc8b,1,rsvp_foveal_block1,rsvp,foveal,1,72,72.0,0.301029996,2.0,0.7,2.3,0.01,0.038461538,0.01,-1.872854562,0.155722451
5eadaff848b26f4483ae62d9,1,crowding_R8_block1,crowding,R8,1,35,35.0,0.301029996,2.0,0.7,2.3,0.01,0.111111111,0.01,0.388118245,0.049348539
5eadaff848b26f4483ae62d9,1,crowding_L8_block1,crowding,L8,1,35,35.0,0.301029996,2.0,0.7,2.3,0.01,0.111111111,0.01,0.675992716,0.051621315
5eadaff848b26f4483ae62d9,1,crowding_R8_block2,crowding,R8,2,35,35.0,0.301029996,2.0,0.7,2.3,0.01,0.111111111,0.01,0.4457562,0.048239645
5eadaff848b26f4483ae62d9,1,crowding_L8_block2,crowding,L8,2,35,35.0,0.301029996,2.0,0.7,2.3,0.01,0.111111111,0.01,0.566784136,0.049286104
5eadaff848b26f4483ae62d9,1,acuity_R8_block1,acuity,R8,1,35,35.0,0.602059991,2.0,0.7,2.3,0.01,0.111111111,0.01,-0.530296772,0.050152593
5eadaff848b26f4483ae62d9,1,acuity_L8_block1,acuity,L8,1,35,35.0,0.602059991,2.0,0.7,2.3,0.01,0.111111111,0.01,-0.6078138,0.087167007
5eadaff848b26f4483ae62d9,1,rsvp_foveal_block1,rsvp,foveal,1,72,72.0,0.301029996,2.0,0.7,2.3,0.01,0.038461538,0.01,-1.480534984,0.032696959
55d51a6b8ce09000127d4821,1,crowding_R8_block1,crowding,R8,1,35,35.0,0.301029996,2.0,0.7,2.3,0.01,0.111111111,0.01,0.117933859,0.050133014
55d51a6b8ce09000127d4821,1,crowding_L8_block1,crowding,L8,1,35,35.0,0.301029996,2.0,0.7,2.3,0.01,0.111111111,0.01,0.061249892,0.048827596
55d51a6b8ce09000127d4821,1,crowding_R8_block2,crowding,R8,2,35,35.0,0.301029996,2.0,0.7,2.3,0.01,0.111111111,0.01,0.358344094,0.047741382
55d51a6b8ce09000127d4821,1,crowding_L8_block2,crowding,L8,2,35,35.0,0.301029996,2.0,0.7,2.3,0.01,0.111111111,0.01,-0.275240191,0.051878505
55d51a6b8ce09000127d4821,1,acuity_R8_block1,acuity,R8,1,35,35.0,0.602059991,2.0,0.7,2.3,0.01,0.111111111,0.01,-0.556254493,0.04890001
55d51a6b8ce09000127d4821,1,acuity_L8_block1,acuity,L8,1,35,35.0,0.602059991,2.0,0.7,2.3,0.01,0.111111111,0.01,-0.637062684,0.050965419
55d51a6b8ce09000127d4821,1,rsvp_foveal_block1,rsvp,foveal,1,72,72.0,0.301029996,2.0,0.7,2.3,0.01,0.038461538,0.01,-1.872854562,0.155722451
672166c613ae45d2990702b6,1,crowding_R8_block1,crowding,R8,1,35,35.0,0.301029996,2.0,0.7,2.3,0.01,0.111111111,0.01,0.621141737,0.050428726
672166c613ae45d2990702b6,1,crowding_L8_block1,crowding,L8,1,35,35.0,0.301029996,2.0,0.7,2.3,0.01,0.111111111,0.01,0.53735385,0.049469296
672166c613ae45d2990702b6,1,crowding_R8_block2,crowding,R8,2,35,35.0,0.301029996,2.0,0.7,2.3,0.01,0.111111111,0.01,0.480057562,0.049561928
672166c613ae45d2990702b6,1,crowding_L8_block2,crowding,L8,2,35,35.0,0.301029996,2.0,0.7,2.3,0.01,0.111111111,0.01,0.74952844,0.049307851
672166c613ae45d2990702b6,1,acuity_R8_block1,acuity,R8,1,35,35.0,0.602059991,2.0,0.7,2.3,0.01,0.111111111,0.01,-0.359090069,0.049601817
672166c613ae45d2990702b6,1,acuity_L8_block1,acuity,L8,1,35,35.0,0.602059991,2.0,0.7,2.3,0.01,0.111111111,0.01,-0.449612438,0.049444453
672166c613ae45d2990702b6,1,rsvp_foveal_block1,rsvp,foveal,1,72,72.0,0.301029996,2.0,0.7,2.3,0.01,0.038461538,0.01,-1.521633428,0.031261352
67411aa0172afbb200bd2c59,1,crowding_R8_block1,crowding,R8,1,35,35.0,0.301029996,2.0,0.7,2.3,0.01,0.111111111,0.01,-0.020157648,0.047629067
67411aa0172afbb200bd2c59,1,crowding_L8_block1,crowding,L8,1,35,35.0,0.301029996,2.0,0.7,2.3,0.01,0.111111111,0.01,0.082116509,0.068703352
67411aa0172afbb200bd2c59,1,crowding_R8_block2,crowding,R8,2,35,35.0,0.301029996,2.0,0.7,2.3,0.01,0.111111111,0.01,0.191872904,0.225478587
67411aa0172afbb200bd2c59,1,crowding_L8_block2,crowding,L8,2,35,35.0,0.301029996,2.0,0.7,2.3,0.01,0.111111111,0.01,0.10093767,0.049205594
67411aa0172afbb200bd2c59,1,acuity_R8_block1,acuity,R8,1,35,35.0,0.602059991,2.0,0.7,2.3,0.01,0.111111111,0.01,-0.552596461,0.04917343
67411aa0172afbb200bd2c59,1,acuity_L8_block1,acuity,L8,1,35,35.0,0.602059991,2.0,0.7,2.3,0.01,0.111111111,0.01,-0.518091786,0.048432258
67411aa0172afbb200bd2c59,1,rsvp_foveal_block1,rsvp,foveal,1,72,72.0,0.301029996,2.0,0.7,2.3,0.01,0.038461538,0.01,-1.571966864,0.030994956
66e8f81e357d882730f18be0,1,crowding_R8_block1,crowding,R8,1,35,35.0,0.301029996,2.0,0.7,2.3,0.01,0.111111111,0.01,0.617839324,0.052777023
66e8f81e357d882730f18be0,1,crowding_L8_block1,crowding,L8,1,35,35.0,0.301029996,2.0,0.7,2.3,0.01,0.111111111,0.01,0.643714201,0.046550558
66e8f81e357d882730f18be0,1,crowding_R8_block2,crowding,R8,2,35,35.0,0.301029996,2.0,0.7,2.3,0.01,0.111111111,0.01,0.395436389,0.050812006
66e8f81e357d882730f18be0,1,crowding_L8_block2,crowding,L8,2,35,35.0,0.301029996,2.0,0.7,2.3,0.01,0.111111111,0.01,0.653521338,0.045606763
66e8f81e357d882730f18be0,1,acuity_R8_block1,acuity,R8,1,35,35.0,0.602059991,2.0,0.7,2.3,0.01,0.111111111,0.01,-0.404406479,0.049132666
66e8f81e357d882730f18be0,1,acuity_L8_block1,acuity,L8,1,35,35.0,0.602059991,2.0,0.7,2.3,0.01,0.111111111,0.01,-0.47881474,0.049761921
66e8f81e357d882730f18be0,1,rsvp_foveal_block1,rsvp,foveal,1,72,72.0,0.301029996,2.0,0.7,2.3,0.01,0.038461538,0.01,-1.07752954,0.033129209
66735fc590d2b006289002b6,1,crowding_R8_block1,crowding,R8,1,35,35.0,0.301029996,2.0,0.7,2.3,0.01,0.111111111,0.01,0.389632588,0.050427535
66735fc590d2b006289002b6,1,crowding_L8_block1,crowding,L8,1,34,34.0,0.301029996,2.0,0.7,2.3,0.01,0.111111111,0.01,0.28108884,0.050075451
66735fc590d2b006289002b6,1,crowding_R8_block2,crowding,R8,2,35,35.0,0.301029996,2.0,0.7,2.3,0.01,0.111111111,0.01,0.41781454,0.051710559
66735fc590d2b006289002b6,1,crowding_L8_block2,crowding,L8,2,35,35.0,0.301029996,2.0,0.7,2.3,0.01,0.111111111,0.01,0.432614933,0.071254735
66735fc590d2b006289002b6,1,acuity_R8_block1,acuity,R8,1,35,35.0,0.602059991,2.0,0.7,2.3,0.01,0.111111111,0.01,-0.403211616,0.049161605
66735fc590d2b006289002b6,1,acuity_L8_block1,acuity,L8,1,35,35.0,0.602059991,2.0,0.7,2.3,0.01,0.111111111,0.01,-0.410762813,0.049382047
66735fc590d2b006289002b6,1,rsvp_foveal_block1,rsvp,foveal,1,72,72.0,0.301029996,2.0,0.7,2.3,0.01,0.038461538,0.01,-1.221593492,0.031610256
6743c8da977b0d274dad1fc2,1,crowding_R8_block1,crowding,R8,1,35,35.0,0.301029996,2.0,0.7,2.3,0.01,0.111111111,0.01,0.554715229,0.046557793
6743c8da977b0d274dad1fc2,1,crowding_L8_block1,crowding,L8,1,35,35.0,0.301029996,2.0,0.7,2.3,0.01,0.111111111,0.01,0.443630574,0.047486792
6743c8da977b0d274dad1fc2,1,crowding_R8_block2,crowding,R8,2,35,35.0,0.301029996,2.0,0.7,2.3,0.01,0.111111111,0.01,0.403592073,0.047625056
6743c8da977b0d274dad1fc2,1,crowding_L8_block2,crowding,L8,2,35,35.0,0.301029996,2.0,0.7,2.3,0.01,0.111111111,0.01,0.533618929,0.047462236
6743c8da977b0d274dad1fc2,1,acuity_R8_block1,acuity,R8,1,35,35.0,0.602059991,2.0,0.7,2.3,0.01,0.111111111,0.01,-0.615222243,0.049862468
6743c8da977b0d274dad1fc2,1,acuity_L8_block1,acuity,L8,1,35,35.0,0.602059991,2.0,0.7,2.3,0.01,0.111111111,0.01,-0.578514277,0.049686715
6743c8da977b0d274dad1fc2,1,rsvp_foveal_block1,rsvp,foveal,1,72,72.0,0.301029996,2.0,0.7,2.3,0.01,0.038461538,0.01,-1.100266732,0.033131748
6086a11397234e7f83e4e793,1,crowding_R8_block1,crowding,R8,1,35,35.0,0.301029996,2.0,0.7,2.3,0.01,0.111111111,0.01,0.533189543,0.048100397
6086a11397234e7f83e4e793,1,crowding_L8_block1,crowding,L8,1,35,35.0,0.301029996,2.0,0.7,2.3,0.01,0.111111111,0.01,0.392121364,0.080842161
6086a11397234e7f83e4e793,1,crowding_R8_block2,crowding,R8,2,35,35.0,0.301029996,2.0,0.7,2.3,0.01,0.111111111,0.01,0.465029162,0.103344007
6086a11397234e7f83e4e793,1,crowding_L8_block2,crowding,L8,2,35,35.0,0.301029996,2.0,0.7,2.3,0.01,0.111111111,0.01,0.639126133,0.048852482
6086a11397234e7f83e4e793,1,acuity_R8_block1,acuity,R8,1,35,35.0,0.602059991,2.0,0.7,2.3,0.01,0.111111111,0.01,-0.587708435,0.048862557
6086a11397234e7f83e4e793,1,acuity_L8_block1,acuity,L8,1,35,35.0,0.602059991,2.0,0.7,2.3,0.01,0.111111111,0.01,-0.474297273,0.049773233
6086a11397234e7f83e4e793,1,rsvp_foveal_block1,rsvp,foveal,1,72,72.0,0.301029996,2.0,0.7,2.3,0.01,0.038461538,0.01,-1.055688019,0.033540183
673feeafa80a279f5cc63e33,1,crowding_R8_block1,crowding,R8,1,35,35.0,0.301029996,2.0,0.7,2.3,0.01,0.111111111,0.01,0.548999356,0.04915981
673feeafa80a279f5cc63e33,1,crowding_L8_block1,crowding,L8,1,35,35.0,0.301029996,2.0,0.7,2.3,0.01,0.111111111,0.01,0.784825995,0.052464388
673feeafa80a279f5cc63e33,1,crowding_R8_block2,crowding,R8,2,35,35.0,0.301029996,2.0,0.7,2.3,0.01,0.111111111,0.01,0.318380152,0.309557713
673feeafa80a279f5cc63e33,1,crowding_L8_block2,crowding,L8,2,35,35.0,0.301029996,2.0,0.7,2.3,0.01,0.111111111,0.01,0.801995199,0.084678488
673feeafa80a279f5cc63e33,1,acuity_R8_block1,acuity,R8,1,30,30.0,0.602059991,2.0,0.7,2.3,0.01,0.111111111,0.01,-0.435195584,0.071162091
673feeafa80a279f5cc63e33,1,acuity_L8_block1,acuity,L8,1,32,32.0,0.602059991,2.0,0.7,2.3,0.01,0.111111111,0.01,-0.476130519,0.051586537
673feeafa80a279f5cc63e33,1,rsvp_foveal_block1,rsvp,foveal,1,72,72.0,0.301029996,2.0,0.7,2.3,0.01,0.038461538,0.01,-1.098576614,0.033001062
656bb5b282d8f0267db9d167,1,crowding_R8_block1,crowding,R8,1,35,35.0,0.301029996,2.0,0.7,2.3,0.01,0.111111111,0.01,0.572373623,0.053158153
656bb5b282d8f0267db9d167,1,crowding_L8_block1,crowding,L8,1,35,35.0,0.301029996,2.0,0.7,2.3,0.01,0.111111111,0.01,0.770043909,0.052705345
656bb5b282d8f0267db9d167,1,crowding_R8_block2,crowding,R8,2,35,35.0,0.301029996,2.0,0.7,2.3,0.01,0.111111111,0.01,0.476802721,0.048962769
656bb5b282d8f0267db9d167,1,crowding_L8_block2,crowding,L8,2,35,35.0,0.301029996,2.0,0.7,2.3,0.01,0.111111111,0.01,0.878314181,0.049764461
656bb5b282d8f0267db9d167,1,acuity_R8_block1,acuity,R8,1,35,35.0,0.602059991,2.0,0.7,2.3,0.01,0.111111111,0.01,-0.542171238,0.050716896
656bb5b282d8f0267db9d167,1,acuity_L8_block1,acuity,L8,1,35,35.0,0.602059991,2.0,0.7,2.3,0.01,0.111111111,0.01,-0.550456401,0.048792539
656bb5b282d8f0267db9d167,1,rsvp_foveal_block1,rsvp,foveal,1,72,72.0,0.301029996,2.0,0.7,2.3,0.01,0.038461538,0.01,-1.471815929,0.032093424
6526ba5706ea8e4e5cafde48,1,crowding_R8_block1,crowding,R8,1,35,35.0,0.301029996,2.0,0.7,2.3,0.01,0.111111111,0.01,0.371157458,0.051767722
6526ba5706ea8e4e5cafde48,1,crowding_L8_block1,crowding,L8,1,35,35.0,0.301029996,2.0,0.7,2.3,0.01,0.111111111,0.01,0.44710787,0.055003951
6526ba5706ea8e4e5cafde48,1,crowding_R8_block2,crowding,R8,2,35,35.0,0.301029996,2.0,0.7,2.3,0.01,0.111111111,0.01,0.580555413,0.056768906
6526ba5706ea8e4e5cafde48,1,crowding_L8_block2,crowding,L8,2,35,35.0,0.301029996,2.0,0.7,2.3,0.01,0.111111111,0.01,0.494209558,0.050891825
6526ba5706ea8e4e5cafde48,1,acuity_R8_block1,acuity,R8,1,35,35.0,0.602059991,2.0,0.7,2.3,0.01,0.111111111,0.01,-0.523359069,0.047725443
6526ba5706ea8e4e5cafde48,1,acuity_L8_block1,acuity,L8,1,35,35.0,0.602059991,2.0,0.7,2.3,0.01,0.111111111,0.01,-0.492039397,0.048644568
6526ba5706ea8e4e5cafde48,1,rsvp_foveal_block1,rsvp,foveal,1,72,72.0,0.301029996,2.0,0.7,2.3,0.01,0.038461538,0.01,-1.539009311,0.033111911
67104c7deff954cb22438402,1,crowding_R8_block1,crowding,R8,1,35,35.0,0.301029996,2.0,0.7,2.3,0.01,0.111111111,0.01,0.317948558,0.052836668
67104c7deff954cb22438402,1,crowding_L8_block1,crowding,L8,1,35,35.0,0.301029996,2.0,0.7,2.3,0.01,0.111111111,0.01,0.143793072,0.04873475
67104c7deff954cb22438402,1,crowding_R8_block2,crowding,R8,2,35,35.0,0.301029996,2.0,0.7,2.3,0.01,0.111111111,0.01,0.031450711,0.053399207
67104c7deff954cb22438402,1,crowding_L8_block2,crowding,L8,2,35,35.0,0.301029996,2.0,0.7,2.3,0.01,0.111111111,0.01,0.335509387,0.049486771
67104c7deff954cb22438402,1,acuity_R8_block1,acuity,R8,1,35,35.0,0.602059991,2.0,0.7,2.3,0.01,0.111111111,0.01,-0.548979522,0.048905606
67104c7deff954cb22438402,1,acuity_L8_block1,acuity,L8,1,35,35.0,0.602059991,2.0,0.7,2.3,0.01,0.111111111,0.01,-0.445232636,0.052051691
67104c7deff954cb22438402,1,rsvp_foveal_block1,rsvp,foveal,1,72,72.0,0.301029996,2.0,0.7,2.3,0.01,0.038461538,0.01,-1.58178806,0.031110233
5bbb5e3f118c0600013c3202,1,crowding_R8_block1,crowding,R8,1,35,35.0,0.301029996,2.0,0.7,2.3,0.01,0.111111111,0.01,0.323765356,0.051344538
5bbb5e3f118c0600013c3202,1,crowding_L8_block1,crowding,L8,1,35,35.0,0.301029996,2.0,0.7,2.3,0.01,0.111111111,0.01,0.513614412,0.04984432
5bbb5e3f118c0600013c3202,1,crowding_R8_block2,crowding,R8,2,35,35.0,0.301029996,2.0,0.7,2.3,0.01,0.111111111,0.01,0.244313635,0.055829045
5bbb5e3f118c0600013c3202,1,crowding_L8_block2,crowding,L8,2,35,35.0,0.301029996,2.0,0.7,2.3,0.01,0.111111111,0.01,0.422444849,0.050525873
5bbb5e3f118c0600013c3202,1,acuity_R8_block1,acuity,R8,1,35,35.0,0.602059991,2.0,0.7,2.3,0.01,0.111111111,0.01,-0.454321649,0.04926638
5bbb5e3f118c0600013c3202,1,acuity_L8_block1,acuity,L8,1,35,35.0,0.602059991,2.0,0.7,2.3,0.01,0.111111111,0.01,-0.488603749,0.04851071
5bbb5e3f118c0600013c3202,1,rsvp_foveal_block1,rsvp,foveal,1,72,72.0,0.301029996,2.0,0.7,2.3,0.01,0.038461538,0.01,-1.213130845,0.048304214
672feab4c04c20d23bc0e95d,1,crowding_R8_block1,crowding,R8,1,35,35.0,0.301029996,2.0,0.7,2.3,0.01,0.111111111,0.01,0.317219828,0.047962009
672feab4c04c20d23bc0e95d,1,crowding_L8_block1,crowding,L8,1,35,35.0,0.301029996,2.0,0.7,2.3,0.01,0.111111111,0.01,0.210357115,0.05639284
672feab4c04c20d23bc0e95d,1,crowding_R8_block2,crowding,R8,2,35,35.0,0.301029996,2.0,0.7,2.3,0.01,0.111111111,0.01,0.019674231,0.049459902
672feab4c04c20d23bc0e95d,1,crowding_L8_block2,crowding,L8,2,35,35.0,0.301029996,2.0,0.7,2.3,0.01,0.111111111,0.01,0.304614851,0.048539168
672feab4c04c20d23bc0e95d,1,acuity_R8_block1,acuity,R8,1,35,35.0,0.602059991,2.0,0.7,2.3,0.01,0.111111111,0.01,-0.583332919,0.049330301
672feab4c04c20d23bc0e95d,1,acuity_L8_block1,acuity,L8,1,35,35.0,0.602059991,2.0,0.7,2.3,0.01,0.111111111,0.01,-0.524612924,0.046899277
672feab4c04c20d23bc0e95d,1,rsvp_foveal_block1,rsvp,foveal,1,72,72.0,0.301029996,2.0,0.7,2.3,0.01,0.038461538,0.01,-1.534778694,0.031080182
6661b368a58b43154e1c7560,1,crowding_R8_block1,crowding,R8,1,35,35.0,0.301029996,2.0,0.7,2.3,0.01,0.111111111,0.01,0.315095156,0.050730976
6661b368a58b43154e1c7560,1,crowding_L8_block1,crowding,L8,1,35,35.0,0.301029996,2.0,0.7,2.3,0.01,0.111111111,0.01,0.394451682,0.060005987
6661b368a58b43154e1c7560,1,crowding_R8_block2,crowding,R8,2,35,35.0,0.301029996,2.0,0.7,2.3,0.01,0.111111111,0.01,0.426468351,0.061289321
6661b368a58b43154e1c7560,1,crowding_L8_block2,crowding,L8,2,35,35.0,0.301029996,2.0,0.7,2.3,0.01,0.111111111,0.01,0.145562201,0.052657781
6661b368a58b43154e1c7560,1,acuity_R8_block1,acuity,R8,1,35,35.0,0.602059991,2.0,0.7,2.3,0.01,0.111111111,0.01,-0.384310666,0.04992283
6661b368a58b43154e1c7560,1,acuity_L8_block1,acuity,L8,1,35,35.0,0.602059991,2.0,0.7,2.3,0.01,0.111111111,0.01,-0.454120885,0.049618676
6661b368a58b43154e1c7560,1,rsvp_foveal_block1,rsvp,foveal,1,72,72.0,0.301029996,2.0,0.7,2.3,0.01,0.038461538,0.01,-1.587077336,0.03148143
676add84a7c12204af3e4c90,1,crowding_R8_block1,crowding,R8,1,35,35.0,0.301029996,2.0,0.7,2.3,0.01,0.111111111,0.01,0.544959165,0.049028741
676add84a7c12204af3e4c90,1,crowding_L8_block1,crowding,L8,1,35,35.0,0.301029996,2.0,0.7,2.3,0.01,0.111111111,0.01,0.653230821,0.048414827
676add84a7c12204af3e4c90,1,crowding_R8_block2,crowding,R8,2,35,35.0,0.301029996,2.0,0.7,2.3,0.01,0.111111111,0.01,0.515022764,0.049207901
676add84a7c12204af3e4c90,1,crowding_L8_block2,crowding,L8,2,35,35.0,0.301029996,2.0,0.7,2.3,0.01,0.111111111,0.01,0.659727795,0.051245885
676add84a7c12204af3e4c90,1,acuity_R8_block1,acuity,R8,1,35,35.0,0.602059991,2.0,0.7,2.3,0.01,0.111111111,0.01,-0.322840386,0.048308069
676add84a7c12204af3e4c90,1,acuity_L8_block1,acuity,L8,1,35,35.0,0.602059991,2.0,0.7,2.3,0.01,0.111111111,0.01,-0.372623411,0.048214204
676add84a7c12204af3e4c90,1,rsvp_foveal_block1,rsvp,foveal,1,72,72.0,0.301029996,2.0,0.7,2.3,0.01,0.038461538,0.01,-1.039750483,0.03443039
615cb147f04efc8a8c2ff1e5,1,crowding_R8_block1,crowding,R8,1,35,35.0,0.301029996,2.0,0.7,2.3,0.01,0.111111111,0.01,0.397743079,0.047515722
615cb147f04efc8a8c2ff1e5,1,crowding_L8_block1,crowding,L8,1,35,35.0,0.301029996,2.0,0.7,2.3,0.01,0.111111111,0.01,0.723981555,0.050516769
615cb147f04efc8a8c2ff1e5,1,crowding_R8_block2,crowding,R8,2,35,35.0,0.301029996,2.0,0.7,2.3,0.01,0.111111111,0.01,0.299173336,0.048295532
615cb147f04efc8a8c2ff1e5,1,crowding_L8_block2,crowding,L8,2,35,35.0,0.301029996,2.0,0.7,2.3,0.01,0.111111111,0.01,0.664487656,0.048850651
615cb147f04efc8a8c2ff1e5,1,acuity_R8_block1,acuity,R8,1,35,35.0,0.602059991,2.0,0.7,2.3,0.01,0.111111111,0.01,-0.223149432,0.065899548
615cb147f04efc8a8c2ff1e5,1,acuity_L8_block1,acuity,L8,1,35,35.0,0.602059991,2.0,0.7,2.3,0.01,0.111111111,0.01,-0.209397666,0.047688823
615cb147f04efc8a8c2ff1e5,1,rsvp_foveal_block1,rsvp,foveal,1,72,72.0,0.301029996,2.0,0.7,2.3,0.01,0.038461538,0.01,-1.353988613,0.032498013
67d054da1ace82013b5f0d99,1,crowding_R8_block1,crowding,R8,1,35,35.0,0.301029996,2.0,0.7,2.3,0.01,0.111111111,0.01,0.379944891,0.049466375
67d054da1ace82013b5f0d99,1,crowding_L8_block1,crowding,L8,1,35,35.0,0.301029996,2.0,0.7,2.3,0.01,0.111111111,0.01,0.344899324,0.049277719
67d054da1ace82013b5f0d99,1,crowding_R8_block2,crowding,R8,2,35,35.0,0.301029996,2.0,0.7,2.3,0.01,0.111111111,0.01,0.299594083,0.049331186
67d054da1ace82013b5f0d99,1,crowding_L8_block2,crowding,L8,2,35,35.0,0.301029996,2.0,0.7,2.3,0.01,0.111111111,0.01,0.166503001,0.066528855
67d054da1ace82013b5f0d99,1,acuity_R8_block1,acuity,R8,1,35,35.0,0.602059991,2.0,0.7,2.3,0.01,0.111111111,0.01,-0.629974295,0.050947783
67d054da1ace82013b5f0d99,1,acuity_L8_block1,acuity,L8,1,35,35.0,0.602059991,2.0,0.7,2.3,0.01,0.111111111,0.01,-0.604759081,0.048489942
67d054da1ace82013b5f0d99,1,rsvp_foveal_block1,rsvp,foveal,1,72,72.0,0.301029996,2.0,0.7,2.3,0.01,0.038461538,0.01,-1.37865818,0.031297772
5fc2c0cfdb80f9025c6b4810,1,crowding_R8_block1,crowding,R8,1,35,35.0,0.301029996,2.0,0.7,2.3,0.01,0.111111111,0.01,0.426054755,0.047103838
5fc2c0cfdb80f9025c6b4810,1,crowding_L8_block1,crowding,L8,1,35,35.0,0.301029996,2.0,0.7,2.3,0.01,0.111111111,0.01,0.687937276,0.049338751
5fc2c0cfdb80f9025c6b4810,1,crowding_R8_block2,crowding,R8,2,35,35.0,0.301029996,2.0,0.7,2.3,0.01,0.111111111,0.01,-0.017860469,0.056182802
5fc2c0cfdb80f9025c6b4810,1,crowding_L8_block2,crowding,L8,2,35,35.0,0.301029996,2.0,0.7,2.3,0.01,0.111111111,0.01,0.570909056,0.051506845
5fc2c0cfdb80f9025c6b4810,1,acuity_R8_block1,acuity,R8,1,35,35.0,0.602059991,2.0,0.7,2.3,0.01,0.111111111,0.01,-0.550928288,0.048801382
5fc2c0cfdb80f9025c6b4810,1,acuity_L8_block1,acuity,L8,1,35,35.0,0.602059991,2.0,0.7,2.3,0.01,0.111111111,0.01,-0.530411415,0.051633446
5fc2c0cfdb80f9025c6b4810,1,rsvp_foveal_block1,rsvp,foveal,1,72,72.0,0.301029996,2.0,0.7,2.3,0.01,0.038461538,0.01,-1.52664179,0.031191791
6544ff9e0fb2eaaf83e2de5c,1,crowding_R8_block1,crowding,R8,1,35,35.0,0.301029996,2.0,0.7,2.3,0.01,0.111111111,0.01,0.054392817,0.049217579
6544ff9e0fb2eaaf83e2de5c,1,crowding_L8_block1,crowding,L8,1,35,35.0,0.301029996,2.0,0.7,2.3,0.01,0.111111111,0.01,0.263438481,0.054948719
6544ff9e0fb2eaaf83e2de5c,1,crowding_R8_block2,crowding,R8,2,35,35.0,0.301029996,2.0,0.7,2.3,0.01,0.111111111,0.01,0.064858482,0.04771494
6544ff9e0fb2eaaf83e2de5c,1,crowding_L8_block2,crowding,L8,2,35,35.0,0.301029996,2.0,0.7,2.3,0.01,0.111111111,0.01,0.127165066,0.050530609
6544ff9e0fb2eaaf83e2de5c,1,acuity_R8_block1,acuity,R8,1,35,35.0,0.602059991,2.0,0.7,2.3,0.01,0.111111111,0.01,-0.462556106,0.048217673
6544ff9e0fb2eaaf83e2de5c,1,acuity_L8_block1,acuity,L8,1,35,35.0,0.602059991,2.0,0.7,2.3,0.01,0.111111111,0.01,-0.448938268,0.049357615
6544ff9e0fb2eaaf83e2de5c,1,rsvp_foveal_block1,rsvp,foveal,1,72,72.0,0.301029996,2.0,0.7,2.3,0.01,0.038461538,0.01,-1.59199864,0.031303429
5fa4c21a04bc5912180291bc,1,crowding_R8_block1,crowding,R8,1,35,35.0,0.301029996,2.0,0.7,2.3,0.01,0.111111111,0.01,0.711643672,0.057019821
5fa4c21a04bc5912180291bc,1,crowding_L8_block1,crowding,L8,1,35,35.0,0.301029996,2.0,0.7,2.3,0.01,0.111111111,0.01,0.59296897,0.047120137
5fa4c21a04bc5912180291bc,1,crowding_R8_block2,crowding,R8,2,35,35.0,0.301029996,2.0,0.7,2.3,0.01,0.111111111,0.01,-0.024858157,0.058155285
5fa4c21a04bc5912180291bc,1,crowding_L8_block2,crowding,L8,2,35,35.0,0.301029996,2.0,0.7,2.3,0.01,0.111111111,0.01,-0.021366772,0.048508476
5fa4c21a04bc5912180291bc,1,acuity_R8_block1,acuity,R8,1,34,34.0,0.602059991,2.0,0.7,2.3,0.01,0.111111111,0.01,-0.535260791,0.052806519
5fa4c21a04bc5912180291bc,1,acuity_L8_block1,acuity,L8,1,32,32.0,0.602059991,2.0,0.7,2.3,0.01,0.111111111,0.01,-0.71445866,0.051626096
5fa4c21a04bc5912180291bc,1,rsvp_foveal_block1,rsvp,foveal,1,72,72.0,0.301029996,2.0,0.7,2.3,0.01,0.038461538,0.01,-1.59199864,0.031303429
60721c2da01b3a616edba9a7,1,crowding_R8_block1,crowding,R8,1,35,35.0,0.301029996,2.0,0.7,2.3,0.01,0.111111111,0.01,0.462889061,0.048742765
60721c2da01b3a616edba9a7,1,crowding_L8_block1,crowding,L8,1,35,35.0,0.301029996,2.0,0.7,2.3,0.01,0.111111111,0.01,0.247409116,0.052730154
60721c2da01b3a616edba9a7,1,crowding_R8_block2,crowding,R8,2,34,34.0,0.301029996,2.0,0.7,2.3,0.01,0.111111111,0.01,0.358619359,0.050764632
60721c2da01b3a616edba9a7,1,crowding_L8_block2,crowding,L8,2,35,35.0,0.301029996,2.0,0.7,2.3,0.01,0.111111111,0.01,0.572346435,0.046913772
60721c2da01b3a616edba9a7,1,acuity_R8_block1,acuity,R8,1,34,34.0,0.602059991,2.0,0.7,2.3,0.01,0.111111111,0.01,-0.422754678,0.050505334
60721c2da01b3a616edba9a7,1,acuity_L8_block1,acuity,L8,1,32,32.0,0.602059991,2.0,0.7,2.3,0.01,0.111111111,0.01,-0.304487034,0.082262373
60721c2da01b3a616edba9a7,1,rsvp_foveal_block1,rsvp,foveal,1,72,72.0,0.301029996,2.0,0.7,2.3,0.01,0.038461538,0.01,-1.13072827,0.03222247
66231fc6e1ecba676935943a,1,crowding_R8_block1,crowding,R8,1,35,35.0,0.301029996,2.0,0.7,2.3,0.01,0.111111111,0.01,0.233052166,0.047909259
66231fc6e1ecba676935943a,1,crowding_L8_block1,crowding,L8,1,35,35.0,0.301029996,2.0,0.7,2.3,0.01,0.111111111,0.01,0.474019656,0.060923665
66231fc6e1ecba676935943a,1,crowding_R8_block2,crowding,R8,2,35,35.0,0.301029996,2.0,0.7,2.3,0.01,0.111111111,0.01,0.211942702,0.048798203
66231fc6e1ecba676935943a,1,crowding_L8_block2,crowding,L8,2,35,35.0,0.301029996,2.0,0.7,2.3,0.01,0.111111111,0.01,0.194222684,0.053654811
66231fc6e1ecba676935943a,1,acuity_R8_block1,acuity,R8,1,35,35.0,0.602059991,2.0,0.7,2.3,0.01,0.111111111,0.01,-0.508142712,0.050287466
66231fc6e1ecba676935943a,1,acuity_L8_block1,acuity,L8,1,35,35.0,0.602059991,2.0,0.7,2.3,0.01,0.111111111,0.01,-0.441333163,0.049408163
66231fc6e1ecba676935943a,1,rsvp_foveal_block1,rsvp,foveal,1,72,72.0,0.301029996,2.0,0.7,2.3,0.01,0.038461538,0.01,-1.614105168,0.036210417
5910a5f8748d450001ba3a67,1,crowding_R8_block1,crowding,R8,1,35,35.0,0.301029996,2.0,0.7,2.3,0.01,0.111111111,0.01,0.369107093,0.070372803
5910a5f8748d450001ba3a67,1,crowding_L8_block1,crowding,L8,1,35,35.0,0.301029996,2.0,0.7,2.3,0.01,0.111111111,0.01,0.494800695,0.066629777
5910a5f8748d450001ba3a67,1,crowding_R8_block2,crowding,R8,2,35,35.0,0.301029996,2.0,0.7,2.3,0.01,0.111111111,0.01,0.075378681,0.053476019
5910a5f8748d450001ba3a67,1,crowding_L8_block2,crowding,L8,2,35,35.0,0.301029996,2.0,0.7,2.3,0.01,0.111111111,0.01,0.55785322,0.050270632
5910a5f8748d450001ba3a67,1,acuity_R8_block1,acuity,R8,1,35,35.0,0.602059991,2.0,0.7,2.3,0.01,0.111111111,0.01,-0.549297699,0.055301737
5910a5f8748d450001ba3a67,1,acuity_L8_block1,acuity,L8,1,35,35.0,0.602059991,2.0,0.7,2.3,0.01,0.111111111,0.01,-0.574136344,0.048973455
5910a5f8748d450001ba3a67,1,rsvp_foveal_block1,rsvp,foveal,1,72,72.0,0.301029996,2.0,0.7,2.3,0.01,0.038461538,0.01,-1.199905589,0.040261283
67d8c5c9af10b96e0f5c4daf,1,crowding_R8_block1,crowding,R8,1,35,35.0,0.301029996,2.0,0.7,2.3,0.01,0.111111111,0.01,0.393696287,0.047608027
67d8c5c9af10b96e0f5c4daf,1,crowding_L8_block1,crowding,L8,1,35,35.0,0.301029996,2.0,0.7,2.3,0.01,0.111111111,0.01,0.456631657,0.0497349
67d8c5c9af10b96e0f5c4daf,1,crowding_R8_block2,crowding,R8,2,35,35.0,0.301029996,2.0,0.7,2.3,0.01,0.111111111,0.01,0.188394664,0.056328476
67d8c5c9af10b96e0f5c4daf,1,crowding_L8_block2,crowding,L8,2,35,35.0,0.301029996,2.0,0.7,2.3,0.01,0.111111111,0.01,0.366026651,0.055551711
67d8c5c9af10b96e0f5c4daf,1,acuity_R8_block1,acuity,R8,1,35,35.0,0.602059991,2.0,0.7,2.3,0.01,0.111111111,0.01,-0.622614951,0.051989171
67d8c5c9af10b96e0f5c4daf,1,acuity_L8_block1,acuity,L8,1,35,35.0,0.602059991,2.0,0.7,2.3,0.01,0.111111111,0.01,-0.50734164,0.065899941
67d8c5c9af10b96e0f5c4daf,1,rsvp_foveal_block1,rsvp,foveal,1,72,72.0,0.301029996,2.0,0.7,2.3,0.01,0.038461538,0.01,-1.155189119,0.033947307
64401708880c30ec28b9aef4,1,crowding_R8_block1,crowding,R8,1,35,35.0,0.301029996,2.0,0.7,2.3,0.01,0.111111111,0.01,-0.13445906,0.059478267
64401708880c30ec28b9aef4,1,crowding_L8_block1,crowding,L8,1,35,35.0,0.301029996,2.0,0.7,2.3,0.01,0.111111111,0.01,0.664912261,0.047568321
64401708880c30ec28b9aef4,1,crowding_R8_block2,crowding,R8,2,35,35.0,0.301029996,2.0,0.7,2.3,0.01,0.111111111,0.01,-0.037120884,0.050669287
64401708880c30ec28b9aef4,1,crowding_L8_block2,crowding,L8,2,35,35.0,0.301029996,2.0,0.7,2.3,0.01,0.111111111,0.01,0.470038149,0.22409823
64401708880c30ec28b9aef4,1,acuity_R8_block1,acuity,R8,1,35,35.0,0.602059991,2.0,0.7,2.3,0.01,0.111111111,0.01,-0.378668933,0.050523235
64401708880c30ec28b9aef4,1,acuity_L8_block1,acuity,L8,1,35,35.0,0.602059991,2.0,0.7,2.3,0.01,0.111111111,0.01,-0.399271335,0.049504729
64401708880c30ec28b9aef4,1,rsvp_foveal_block1,rsvp,foveal,1,72,72.0,0.301029996,2.0,0.7,2.3,0.01,0.038461538,0.01,-1.359538444,0.035570317
66bfd4b46a7e9cec65d88461,1,crowding_R8_block1,crowding,R8,1,35,35.0,0.301029996,2.0,0.7,2.3,0.01,0.111111111,0.01,0.167509249,0.047588508
66bfd4b46a7e9cec65d88461,1,crowding_L8_block1,crowding,L8,1,35,35.0,0.301029996,2.0,0.7,2.3,0.01,0.111111111,0.01,0.443679347,0.06553896
66bfd4b46a7e9cec65d88461,1,crowding_R8_block2,crowding,R8,2,35,35.0,0.301029996,2.0,0.7,2.3,0.01,0.111111111,0.01,0.26715674,0.06078152
66bfd4b46a7e9cec65d88461,1,crowding_L8_block2,crowding,L8,2,35,35.0,0.301029996,2.0,0.7,2.3,0.01,0.111111111,0.01,0.3629701,0.055426686
66bfd4b46a7e9cec65d88461,1,acuity_R8_block1,acuity,R8,1,35,35.0,0.602059991,2.0,0.7,2.3,0.01,0.111111111,0.01,-0.5916379,0.049004907
66bfd4b46a7e9cec65d88461,1,acuity_L8_block1,acuity,L8,1,35,35.0,0.602059991,2.0,0.7,2.3,0.01,0.111111111,0.01,-0.510793515,0.04837746
66bfd4b46a7e9cec65d88461,1,rsvp_foveal_block1,rsvp,foveal,1,72,72.0,0.301029996,2.0,0.7,2.3,0.01,0.038461538,0.01,-1.142019021,0.032449907
610ccf09b1b0759b2668ded1,1,crowding_R8_block1,crowding,R8,1,35,35.0,0.301029996,2.0,0.7,2.3,0.01,0.111111111,0.01,0.311192711,0.048045733
610ccf09b1b0759b2668ded1,1,crowding_L8_block1,crowding,L8,1,35,35.0,0.301029996,2.0,0.7,2.3,0.01,0.111111111,0.01,0.57426641,0.049792411
610ccf09b1b0759b2668ded1,1,crowding_R8_block2,crowding,R8,2,35,35.0,0.301029996,2.0,0.7,2.3,0.01,0.111111111,0.01,0.311111375,0.05111242
610ccf09b1b0759b2668ded1,1,crowding_L8_block2,crowding,L8,2,35,35.0,0.301029996,2.0,0.7,2.3,0.01,0.111111111,0.01,0.094569321,0.057018505
610ccf09b1b0759b2668ded1,1,acuity_R8_block1,acuity,R8,1,35,35.0,0.602059991,2.0,0.7,2.3,0.01,0.111111111,0.01,-0.473974948,0.05165888
610ccf09b1b0759b2668ded1,1,acuity_L8_block1,acuity,L8,1,35,35.0,0.602059991,2.0,0.7,2.3,0.01,0.111111111,0.01,-0.602452224,0.047803784
610ccf09b1b0759b2668ded1,1,rsvp_foveal_block1,rsvp,foveal,1,72,72.0,0.301029996,2.0,0.7,2.3,0.01,0.038461538,0.01,-1.531352244,0.031133739
67363452674f3db8059e7888,1,crowding_R8_block1,crowding,R8,1,35,35.0,0.301029996,2.0,0.7,2.3,0.01,0.111111111,0.01,0.152122887,0.049445233
67363452674f3db8059e7888,1,crowding_L8_block1,crowding,L8,1,35,35.0,0.301029996,2.0,0.7,2.3,0.01,0.111111111,0.01,0.390001901,0.055889954
67363452674f3db8059e7888,1,crowding_R8_block2,crowding,R8,2,35,35.0,0.301029996,2.0,0.7,2.3,0.01,0.111111111,0.01,0.428213309,0.047994939
67363452674f3db8059e7888,1,crowding_L8_block2,crowding,L8,2,35,35.0,0.301029996,2.0,0.7,2.3,0.01,0.111111111,0.01,0.417747356,0.048139437
67363452674f3db8059e7888,1,acuity_R8_block1,acuity,R8,1,35,35.0,0.602059991,2.0,0.7,2.3,0.01,0.111111111,0.01,-0.530262691,0.048876565
67363452674f3db8059e7888,1,acuity_L8_block1,acuity,L8,1,35,35.0,0.602059991,2.0,0.7,2.3,0.01,0.111111111,0.01,-0.4623358,0.049502115
67363452674f3db8059e7888,1,rsvp_foveal_block1,rsvp,foveal,1,72,72.0,0.301029996,2.0,0.7,2.3,0.01,0.038461538,0.01,-1.59199864,0.031303429
62cbf51439a76e8fccd8a495,1,crowding_R8_block1,crowding,R8,1,21,21.0,0.301029996,2.0,0.7,2.3,0.01,0.111111111,0.01,0.475579231,0.067847814
62cbf51439a76e8fccd8a495,1,crowding_L8_block1,crowding,L8,1,24,24.0,0.301029996,2.0,0.7,2.3,0.01,0.111111111,0.01,0.680798035,0.07096509
62cbf51439a76e8fccd8a495,1,crowding_R8_block2,crowding,R8,2,20,20.0,0.301029996,2.0,0.7,2.3,0.01,0.111111111,0.01,0.219263592,0.088968987
62cbf51439a76e8fccd8a495,1,crowding_L8_block2,crowding,L8,2,26,26.0,0.301029996,2.0,0.7,2.3,0.01,0.111111111,0.01,0.74508624,0.060951072
62cbf51439a76e8fccd8a495,1,acuity_R8_block1,acuity,R8,1,13,13.0,0.602059991,2.0,0.7,2.3,0.01,0.111111111,0.01,-0.38992836,0.091117604
62cbf51439a76e8fccd8a495,1,acuity_L8_block1,acuity,L8,1,22,22.0,0.602059991,2.0,0.7,2.3,0.01,0.111111111,0.01,-0.420191382,0.064803054
62cbf51439a76e8fccd8a495,1,rsvp_foveal_block1,rsvp,foveal,1,72,72.0,0.301029996,2.0,0.7,2.3,0.01,0.038461538,0.01,-1.558297874,0.032704283
6747f2e7a7bbb1b5cdb7b365,1,crowding_R8_block1,crowding,R8,1,35,35.0,0.301029996,2.0,0.7,2.3,0.01,0.111111111,0.01,0.02075045,0.054498731
6747f2e7a7bbb1b5cdb7b365,1,crowding_L8_block1,crowding,L8,1,35,35.0,0.301029996,2.0,0.7,2.3,0.01,0.111111111,0.01,0.471175161,0.052749788
6747f2e7a7bbb1b5cdb7b365,1,crowding_R8_block2,crowding,R8,2,35,35.0,0.301029996,2.0,0.7,2.3,0.01,0.111111111,0.01,0.123109048,0.058490596
6747f2e7a7bbb1b5cdb7b365,1,crowding_L8_block2,crowding,L8,2,35,35.0,0.301029996,2.0,0.7,2.3,0.01,0.111111111,0.01,0.54789041,0.051752
6747f2e7a7bbb1b5cdb7b365,1,acuity_R8_block1,acuity,R8,1,35,35.0,0.602059991,2.0,0.7,2.3,0.01,0.111111111,0.01,-0.426271256,0.052320334
6747f2e7a7bbb1b5cdb7b365,1,acuity_L8_block1,acuity,L8,1,35,35.0,0.602059991,2.0,0.7,2.3,0.01,0.111111111,0.01,-0.411443014,0.049869787
6747f2e7a7bbb1b5cdb7b365,1,rsvp_foveal_block1,rsvp,foveal,1,72,72.0,0.301029996,2.0,0.7,2.3,0.01,0.038461538,0.01,-1.202779886,0.032343184
671961a21d864743f6277a27,1,crowding_R8_block1,crowding,R8,1,35,35.0,0.301029996,2.0,0.7,2.3,0.01,0.111111111,0.01,0.239292112,0.055634572
671961a21d864743f6277a27,1,crowding_L8_block1,crowding,L8,1,35,35.0,0.301029996,2.0,0.7,2.3,0.01,0.111111111,0.01,0.217816393,0.061544586
671961a21d864743f6277a27,1,crowding_R8_block2,crowding,R8,2,35,35.0,0.301029996,2.0,0.7,2.3,0.01,0.111111111,0.01,0.336448523,0.049402294
671961a21d864743f6277a27,1,crowding_L8_block2,crowding,L8,2,35,35.0,0.301029996,2.0,0.7,2.3,0.01,0.111111111,0.01,0.275837741,0.047621256
671961a21d864743f6277a27,1,acuity_R8_block1,acuity,R8,1,35,35.0,0.602059991,2.0,0.7,2.3,0.01,0.111111111,0.01,-0.463340921,0.054173896
671961a21d864743f6277a27,1,acuity_L8_block1,acuity,L8,1,35,35.0,0.602059991,2.0,0.7,2.3,0.01,0.111111111,0.01,-0.655408576,0.085280354
671961a21d864743f6277a27,1,rsvp_foveal_block1,rsvp,foveal,1,72,72.0,0.301029996,2.0,0.7,2.3,0.01,0.038461538,0.01,-1.333822364,0.031334788
66d4407f31981698998d25d8,1,crowding_R8_block1,crowding,R8,1,34,34.0,0.301029996,2.0,0.7,2.3,0.01,0.111111111,0.01,0.268340056,0.049477195
66d4407f31981698998d25d8,1,crowding_L8_block1,crowding,L8,1,32,32.0,0.301029996,2.0,0.7,2.3,0.01,0.111111111,0.01,0.626874931,0.050805874
66d4407f31981698998d25d8,1,crowding_R8_block2,crowding,R8,2,29,29.0,0.301029996,2.0,0.7,2.3,0.01,0.111111111,0.01,-0.042298479,0.067168503
66d4407f31981698998d25d8,1,crowding_L8_block2,crowding,L8,2,28,28.0,0.301029996,2.0,0.7,2.3,0.01,0.111111111,0.01,0.374128883,0.059196886
66d4407f31981698998d25d8,1,acuity_R8_block1,acuity,R8,1,34,34.0,0.602059991,2.0,0.7,2.3,0.01,0.111111111,0.01,-0.476293686,0.095490765
66d4407f31981698998d25d8,1,acuity_L8_block1,acuity,L8,1,35,35.0,0.602059991,2.0,0.7,2.3,0.01,0.111111111,0.01,-0.470490089,0.049216367
66d4407f31981698998d25d8,1,rsvp_foveal_block1,rsvp,foveal,1,72,72.0,0.301029996,2.0,0.7,2.3,0.01,0.038461538,0.01,-1.10232453,0.03437014
63af557b3d4f219c3226b7d6,1,crowding_R8_block1,crowding,R8,1,35,35.0,0.301029996,2.0,0.7,2.3,0.01,0.111111111,0.01,0.413291478,0.047655643
63af557b3d4f219c3226b7d6,1,crowding_L8_block1,crowding,L8,1,35,35.0,0.301029996,2.0,0.7,2.3,0.01,0.111111111,0.01,0.580667174,0.049653651
63af557b3d4f219c3226b7d6,1,crowding_R8_block2,crowding,R8,2,35,35.0,0.301029996,2.0,0.7,2.3,0.01,0.111111111,0.01,0.643046674,0.047298354
63af557b3d4f219c3226b7d6,1,crowding_L8_block2,crowding,L8,2,35,35.0,0.301029996,2.0,0.7,2.3,0.01,0.111111111,0.01,0.136420933,0.052486756
63af557b3d4f219c3226b7d6,1,acuity_R8_block1,acuity,R8,1,29,29.0,0.602059991,2.0,0.7,2.3,0.01,0.111111111,0.01,-0.491210494,0.054305178
63af557b3d4f219c3226b7d6,1,acuity_L8_block1,acuity,L8,1,30,30.0,0.602059991,2.0,0.7,2.3,0.01,0.111111111,0.01,-0.484683623,0.053218755
63af557b3d4f219c3226b7d6,1,rsvp_foveal_block1,rsvp,foveal,1,72,72.0,0.301029996,2.0,0.7,2.3,0.01,0.038461538,0.01,-1.539864966,0.032242816
67486ef5b88595ed8d20fe7c,1,crowding_R8_block1,crowding,R8,1,33,33.0,0.301029996,2.0,0.7,2.3,0.01,0.111111111,0.01,0.069617708,0.049123073
67486ef5b88595ed8d20fe7c,1,crowding_L8_block1,crowding,L8,1,33,33.0,0.301029996,2.0,0.7,2.3,0.01,0.111111111,0.01,0.38043485,0.048860233
67486ef5b88595ed8d20fe7c,1,crowding_R8_block2,crowding,R8,2,32,32.0,0.301029996,2.0,0.7,2.3,0.01,0.111111111,0.01,-0.050200441,0.05046015
67486ef5b88595ed8d20fe7c,1,crowding_L8_block2,crowding,L8,2,31,31.0,0.301029996,2.0,0.7,2.3,0.01,0.111111111,0.01,0.107147328,0.057879283
67486ef5b88595ed8d20fe7c,1,acuity_R8_block1,acuity,R8,1,35,35.0,0.602059991,2.0,0.7,2.3,0.01,0.111111111,0.01,-0.603039208,0.049964641
67486ef5b88595ed8d20fe7c,1,acuity_L8_block1,acuity,L8,1,35,35.0,0.602059991,2.0,0.7,2.3,0.01,0.111111111,0.01,-0.534712286,0.050815187
67486ef5b88595ed8d20fe7c,1,rsvp_foveal_block1,rsvp,foveal,1,72,72.0,0.301029996,2.0,0.7,2.3,0.01,0.038461538,0.01,-1.32245371,0.031809844
65feaaac53eb219f09ad5ea0,1,crowding_R8_block1,crowding,R8,1,35,35.0,0.301029996,2.0,0.7,2.3,0.01,0.111111111,0.01,0.580328828,0.048373879
65feaaac53eb219f09ad5ea0,1,crowding_L8_block1,crowding,L8,1,35,35.0,0.301029996,2.0,0.7,2.3,0.01,0.111111111,0.01,0.496484035,0.072470103
65feaaac53eb219f09ad5ea0,1,crowding_R8_block2,crowding,R8,2,35,35.0,0.301029996,2.0,0.7,2.3,0.01,0.111111111,0.01,0.584548175,0.048349375
65feaaac53eb219f09ad5ea0,1,crowding_L8_block2,crowding,L8,2,35,35.0,0.301029996,2.0,0.7,2.3,0.01,0.111111111,0.01,-0.015547592,0.05195299
65feaaac53eb219f09ad5ea0,1,acuity_R8_block1,acuity,R8,1,35,35.0,0.602059991,2.0,0.7,2.3,0.01,0.111111111,0.01,-0.575204181,0.047865406
65feaaac53eb219f09ad5ea0,1,acuity_L8_block1,acuity,L8,1,34,34.0,0.602059991,2.0,0.7,2.3,0.01,0.111111111,0.01,-0.609526747,0.051344233
65feaaac53eb219f09ad5ea0,1,rsvp_foveal_block1,rsvp,foveal,1,72,72.0,0.301029996,2.0,0.7,2.3,0.01,0.038461538,0.01,-1.934845274,0.146778371
672a8544e38b571bd7d4fb71,1,crowding_R8_block1,crowding,R8,1,35,35.0,0.301029996,2.0,0.7,2.3,0.01,0.111111111,0.01,0.188383294,0.049624121
672a8544e38b571bd7d4fb71,1,crowding_L8_block1,crowding,L8,1,35,35.0,0.301029996,2.0,0.7,2.3,0.01,0.111111111,0.01,0.113783638,0.047895077
672a8544e38b571bd7d4fb71,1,crowding_R8_block2,crowding,R8,2,35,35.0,0.301029996,2.0,0.7,2.3,0.01,0.111111111,0.01,-0.125234418,0.064786709
672a8544e38b571bd7d4fb71,1,crowding_L8_block2,crowding,L8,2,35,35.0,0.301029996,2.0,0.7,2.3,0.01,0.111111111,0.01,0.149846175,0.04833869
672a8544e38b571bd7d4fb71,1,acuity_R8_block1,acuity,R8,1,35,35.0,0.602059991,2.0,0.7,2.3,0.01,0.111111111,0.01,-0.439829269,0.051244877
672a8544e38b571bd7d4fb71,1,acuity_L8_block1,acuity,L8,1,35,35.0,0.602059991,2.0,0.7,2.3,0.01,0.111111111,0.01,-0.636180811,0.04943715
672a8544e38b571bd7d4fb71,1,rsvp_foveal_block1,rsvp,foveal,1,72,72.0,0.301029996,2.0,0.7,2.3,0.01,0.038461538,0.01,-1.562463764,0.030942611
662959b221d6790f5548ba36,1,crowding_R8_block1,crowding,R8,1,35,35.0,0.301029996,2.0,0.7,2.3,0.01,0.111111111,0.01,0.139845477,0.04776626
662959b221d6790f5548ba36,1,crowding_L8_block1,crowding,L8,1,35,35.0,0.301029996,2.0,0.7,2.3,0.01,0.111111111,0.01,0.505956785,0.0513189
662959b221d6790f5548ba36,1,crowding_R8_block2,crowding,R8,2,35,35.0,0.301029996,2.0,0.7,2.3,0.01,0.111111111,0.01,0.310851363,0.047363064
662959b221d6790f5548ba36,1,crowding_L8_block2,crowding,L8,2,35,35.0,0.301029996,2.0,0.7,2.3,0.01,0.111111111,0.01,0.044426653,0.053802553
662959b221d6790f5548ba36,1,acuity_R8_block1,acuity,R8,1,35,35.0,0.602059991,2.0,0.7,2.3,0.01,0.111111111,0.01,-0.492061578,0.049847702
662959b221d6790f5548ba36,1,acuity_L8_block1,acuity,L8,1,35,35.0,0.602059991,2.0,0.7,2.3,0.01,0.111111111,0.01,-0.573689257,0.051881737
662959b221d6790f5548ba36,1,rsvp_foveal_block1,rsvp,foveal,1,72,72.0,0.301029996,2.0,0.7,2.3,0.01,0.038461538,0.01,-1.513383375,0.03136053
6750bac54816fc7028a10a46,1,crowding_R8_block1,crowding,R8,1,35,35.0,0.301029996,2.0,0.7,2.3,0.01,0.111111111,0.01,0.438581326,0.051748555
6750bac54816fc7028a10a46,1,crowding_L8_block1,crowding,L8,1,35,35.0,0.301029996,2.0,0.7,2.3,0.01,0.111111111,0.01,0.785363955,0.0468271
6750bac54816fc7028a10a46,1,crowding_R8_block2,crowding,R8,2,35,35.0,0.301029996,2.0,0.7,2.3,0.01,0.111111111,0.01,0.447196823,0.099818729
6750bac54816fc7028a10a46,1,crowding_L8_block2,crowding,L8,2,35,35.0,0.301029996,2.0,0.7,2.3,0.01,0.111111111,0.01,0.41468363,0.057239957
6750bac54816fc7028a10a46,1,acuity_R8_block1,acuity,R8,1,35,35.0,0.602059991,2.0,0.7,2.3,0.01,0.111111111,0.01,-0.480700642,0.055054294
6750bac54816fc7028a10a46,1,acuity_L8_block1,acuity,L8,1,35,35.0,0.602059991,2.0,0.7,2.3,0.01,0.111111111,0.01,-0.432645399,0.060883917
6750bac54816fc7028a10a46,1,rsvp_foveal_block1,rsvp,foveal,1,72,72.0,0.301029996,2.0,0.7,2.3,0.01,0.038461538,0.01,-1.58178806,0.031110233
67c1ce78c21573ec238ef382,1,crowding_R8_block1,crowding,R8,1,35,35.0,0.301029996,2.0,0.7,2.3,0.01,0.111111111,0.01,0.15512628,0.055912953
67c1ce78c21573ec238ef382,1,crowding_L8_block1,crowding,L8,1,35,35.0,0.301029996,2.0,0.7,2.3,0.01,0.111111111,0.01,0.424824062,0.048416023
67c1ce78c21573ec238ef382,1,crowding_R8_block2,crowding,R8,2,35,35.0,0.301029996,2.0,0.7,2.3,0.01,0.111111111,0.01,0.224546222,0.048580573
67c1ce78c21573ec238ef382,1,crowding_L8_block2,crowding,L8,2,35,35.0,0.301029996,2.0,0.7,2.3,0.01,0.111111111,0.01,0.618527325,0.050570629
67c1ce78c21573ec238ef382,1,acuity_R8_block1,acuity,R8,1,35,35.0,0.602059991,2.0,0.7,2.3,0.01,0.111111111,0.01,-0.553350861,0.052461948
67c1ce78c21573ec238ef382,1,acuity_L8_block1,acuity,L8,1,35,35.0,0.602059991,2.0,0.7,2.3,0.01,0.111111111,0.01,-0.464734628,0.049544306
67c1ce78c21573ec238ef382,1,rsvp_foveal_block1,rsvp,foveal,1,72,72.0,0.301029996,2.0,0.7,2.3,0.01,0.038461538,0.01,-1.133504123,0.032603474
666a55efa1dfe5f75c655953,1,crowding_R8_block1,crowding,R8,1,35,35.0,0.301029996,2.0,0.7,2.3,0.01,0.111111111,0.01,0.359006011,0.049019391
666a55efa1dfe5f75c655953,1,crowding_L8_block1,crowding,L8,1,35,35.0,0.301029996,2.0,0.7,2.3,0.01,0.111111111,0.01,0.56598996,0.047167997
666a55efa1dfe5f75c655953,1,crowding_R8_block2,crowding,R8,2,35,35.0,0.301029996,2.0,0.7,2.3,0.01,0.111111111,0.01,0.076218333,0.053299543
666a55efa1dfe5f75c655953,1,crowding_L8_block2,crowding,L8,2,35,35.0,0.301029996,2.0,0.7,2.3,0.01,0.111111111,0.01,0.757644013,0.065844661
666a55efa1dfe5f75c655953,1,acuity_R8_block1,acuity,R8,1,35,35.0,0.602059991,2.0,0.7,2.3,0.01,0.111111111,0.01,-0.524232924,0.050124643
666a55efa1dfe5f75c655953,1,acuity_L8_block1,acuity,L8,1,35,35.0,0.602059991,2.0,0.7,2.3,0.01,0.111111111,0.01,-0.517233806,0.049974536
666a55efa1dfe5f75c655953,1,rsvp_foveal_block1,rsvp,foveal,1,72,72.0,0.301029996,2.0,0.7,2.3,0.01,0.038461538,0.01,-1.127090507,0.031122376
67269f439696d166fbb74e09,1,crowding_R8_block1,crowding,R8,1,35,35.0,0.301029996,2.0,0.7,2.3,0.01,0.111111111,0.01,0.444028684,0.123343673
67269f439696d166fbb74e09,1,crowding_L8_block1,crowding,L8,1,35,35.0,0.301029996,2.0,0.7,2.3,0.01,0.111111111,0.01,1.072579408,0.631534438
67269f439696d166fbb74e09,1,crowding_R8_block2,crowding,R8,2,35,35.0,0.301029996,2.0,0.7,2.3,0.01,0.111111111,0.01,0.503726563,0.225254762
67269f439696d166fbb74e09,1,crowding_L8_block2,crowding,L8,2,35,35.0,0.301029996,2.0,0.7,2.3,0.01,0.111111111,0.01,0.596735702,0.298428329
67269f439696d166fbb74e09,1,acuity_R8_block1,acuity,R8,1,35,35.0,0.602059991,2.0,0.7,2.3,0.01,0.111111111,0.01,-0.529249159,0.048265392
67269f439696d166fbb74e09,1,acuity_L8_block1,acuity,L8,1,35,35.0,0.602059991,2.0,0.7,2.3,0.01,0.111111111,0.01,-0.431750811,0.053107925
67269f439696d166fbb74e09,1,rsvp_foveal_block1,rsvp,foveal,1,72,72.0,0.301029996,2.0,0.7,2.3,0.01,0.038461538,0.01,-1.210979098,0.032732709
669a4f388b2de8df723faf1e,1,crowding_R8_block1,crowding,R8,1,35,35.0,0.301029996,2.0,0.7,2.3,0.01,0.111111111,0.01,0.545960829,0.057457136
669a4f388b2de8df723faf1e,1,crowding_L8_block1,crowding,L8,1,35,35.0,0.301029996,2.0,0.7,2.3,0.01,0.111111111,0.01,0.260051363,0.051088197
669a4f388b2de8df723faf1e,1,crowding_R8_block2,crowding,R8,2,35,35.0,0.301029996,2.0,0.7,2.3,0.01,0.111111111,0.01,0.066299361,0.051819657
669a4f388b2de8df723faf1e,1,crowding_L8_block2,crowding,L8,2,35,35.0,0.301029996,2.0,0.7,2.3,0.01,0.111111111,0.01,0.373360454,0.051767835
669a4f388b2de8df723faf1e,1,acuity_R8_block1,acuity,R8,1,35,35.0,0.602059991,2.0,0.7,2.3,0.01,0.111111111,0.01,-0.30494858,0.052422762
669a4f388b2de8df723faf1e,1,acuity_L8_block1,acuity,L8,1,35,35.0,0.602059991,2.0,0.7,2.3,0.01,0.111111111,0.01,-0.331114951,0.049881907
669a4f388b2de8df723faf1e,1,rsvp_foveal_block1,rsvp,foveal,1,72,72.0,0.301029996,2.0,0.7,2.3,0.01,0.038461538,0.01,-1.429646845,0.031670688
559ad287fdf99b219a612d22,1,crowding_R8_block1,crowding,R8,1,35,35.0,0.301029996,2.0,0.7,2.3,0.01,0.111111111,0.01,0.71993373,0.055793553
559ad287fdf99b219a612d22,1,crowding_L8_block1,crowding,L8,1,35,35.0,0.301029996,2.0,0.7,2.3,0.01,0.111111111,0.01,0.97143966,0.047178529
559ad287fdf99b219a612d22,1,crowding_R8_block2,crowding,R8,2,35,35.0,0.301029996,2.0,0.7,2.3,0.01,0.111111111,0.01,0.783393285,0.050921836
559ad287fdf99b219a612d22,1,crowding_L8_block2,crowding,L8,2,35,35.0,0.301029996,2.0,0.7,2.3,0.01,0.111111111,0.01,0.981924602,0.04850328
559ad287fdf99b219a612d22,1,acuity_R8_block1,acuity,R8,1,35,35.0,0.602059991,2.0,0.7,2.3,0.01,0.111111111,0.01,-0.454518533,0.048134831
559ad287fdf99b219a612d22,1,acuity_L8_block1,acuity,L8,1,35,35.0,0.602059991,2.0,0.7,2.3,0.01,0.111111111,0.01,-0.375855836,0.051465825
559ad287fdf99b219a612d22,1,rsvp_foveal_block1,rsvp,foveal,1,72,72.0,0.301029996,2.0,0.7,2.3,0.01,0.038461538,0.01,-0.745428064,0.030253485
666fb6f24d1c14f333eb4a0a,1,crowding_R8_block1,crowding,R8,1,35,35.0,0.301029996,2.0,0.7,2.3,0.01,0.111111111,0.01,0.186770586,0.057198139
666fb6f24d1c14f333eb4a0a,1,crowding_L8_block1,crowding,L8,1,35,35.0,0.301029996,2.0,0.7,2.3,0.01,0.111111111,0.01,0.317346637,0.049492135
666fb6f24d1c14f333eb4a0a,1,crowding_R8_block2,crowding,R8,2,35,35.0,0.301029996,2.0,0.7,2.3,0.01,0.111111111,0.01,0.427859997,0.049787948
666fb6f24d1c14f333eb4a0a,1,crowding_L8_block2,crowding,L8,2,35,35.0,0.301029996,2.0,0.7,2.3,0.01,0.111111111,0.01,0.310408947,0.049671093
666fb6f24d1c14f333eb4a0a,1,acuity_R8_block1,acuity,R8,1,35,35.0,0.602059991,2.0,0.7,2.3,0.01,0.111111111,0.01,-0.508954903,0.049715602
666fb6f24d1c14f333eb4a0a,1,acuity_L8_block1,acuity,L8,1,35,35.0,0.602059991,2.0,0.7,2.3,0.01,0.111111111,0.01,-0.554664447,0.046889744
666fb6f24d1c14f333eb4a0a,1,rsvp_foveal_block1,rsvp,foveal,1,72,72.0,0.301029996,2.0,0.7,2.3,0.01,0.038461538,0.01,-1.602691073,0.031596813
67acbb030811018b016dcaf7,1,crowding_R8_block1,crowding,R8,1,35,35.0,0.301029996,2.0,0.7,2.3,0.01,0.111111111,0.01,0.147769142,0.048184419
67acbb030811018b016dcaf7,1,crowding_L8_block1,crowding,L8,1,35,35.0,0.301029996,2.0,0.7,2.3,0.01,0.111111111,0.01,0.659637833,0.049593824
67acbb030811018b016dcaf7,1,crowding_R8_block2,crowding,R8,2,35,35.0,0.301029996,2.0,0.7,2.3,0.01,0.111111111,0.01,0.389781014,0.055254006
67acbb030811018b016dcaf7,1,crowding_L8_block2,crowding,L8,2,35,35.0,0.301029996,2.0,0.7,2.3,0.01,0.111111111,0.01,0.21677051,0.052124261
67acbb030811018b016dcaf7,1,acuity_R8_block1,acuity,R8,1,35,35.0,0.602059991,2.0,0.7,2.3,0.01,0.111111111,0.01,-0.461293758,0.0489845
67acbb030811018b016dcaf7,1,acuity_L8_block1,acuity,L8,1,35,35.0,0.602059991,2.0,0.7,2.3,0.01,0.111111111,0.01,-0.500834954,0.048905245
67acbb030811018b016dcaf7,1,rsvp_foveal_block1,rsvp,foveal,1,72,72.0,0.301029996,2.0,0.7,2.3,0.01,0.038461538,0.01,-1.334579415,0.033930429
63f78d9a7a3d118594efff74,1,crowding_R8_block1,crowding,R8,1,35,35.0,0.301029996,2.0,0.7,2.3,0.01,0.111111111,0.01,0.365138214,0.047553313
63f78d9a7a3d118594efff74,1,crowding_L8_block1,crowding,L8,1,35,35.0,0.301029996,2.0,0.7,2.3,0.01,0.111111111,0.01,0.509089349,0.054379893
63f78d9a7a3d118594efff74,1,crowding_R8_block2,crowding,R8,2,35,35.0,0.301029996,2.0,0.7,2.3,0.01,0.111111111,0.01,0.414118838,0.055551983
63f78d9a7a3d118594efff74,1,crowding_L8_block2,crowding,L8,2,35,35.0,0.301029996,2.0,0.7,2.3,0.01,0.111111111,0.01,0.123366098,0.048221752
63f78d9a7a3d118594efff74,1,acuity_R8_block1,acuity,R8,1,35,35.0,0.602059991,2.0,0.7,2.3,0.01,0.111111111,0.01,-0.549740137,0.047782842
63f78d9a7a3d118594efff74,1,acuity_L8_block1,acuity,L8,1,35,35.0,0.602059991,2.0,0.7,2.3,0.01,0.111111111,0.01,-0.404951,0.050217376
63f78d9a7a3d118594efff74,1,rsvp_foveal_block1,rsvp,foveal,1,72,72.0,0.301029996,2.0,0.7,2.3,0.01,0.038461538,0.01,-1.301775181,0.032925616
5ebc87dc8442d10c0b9b2ff9,1,crowding_R8_block1,crowding,R8,1,35,35.0,0.301029996,2.0,0.7,2.3,0.01,0.111111111,0.01,-0.103713035,0.054271281
5ebc87dc8442d10c0b9b2ff9,1,crowding_L8_block1,crowding,L8,1,35,35.0,0.301029996,2.0,0.7,2.3,0.01,0.111111111,0.01,-0.224468734,0.08854922
5ebc87dc8442d10c0b9b2ff9,1,crowding_R8_block2,crowding,R8,2,35,35.0,0.301029996,2.0,0.7,2.3,0.01,0.111111111,0.01,0.035186504,0.051847739
5ebc87dc8442d10c0b9b2ff9,1,crowding_L8_block2,crowding,L8,2,35,35.0,0.301029996,2.0,0.7,2.3,0.01,0.111111111,0.01,0.43843604,0.048836527
5ebc87dc8442d10c0b9b2ff9,1,acuity_R8_block1,acuity,R8,1,35,35.0,0.602059991,2.0,0.7,2.3,0.01,0.111111111,0.01,-0.549694743,0.049749282
5ebc87dc8442d10c0b9b2ff9,1,acuity_L8_block1,acuity,L8,1,35,35.0,0.602059991,2.0,0.7,2.3,0.01,0.111111111,0.01,-0.437961726,0.052253126
5ebc87dc8442d10c0b9b2ff9,1,rsvp_foveal_block1,rsvp,foveal,1,72,72.0,0.301029996,2.0,0.7,2.3,0.01,0.038461538,0.01,-1.517792328,0.032175476
667c2175b570aa694ce2f63c,1,crowding_R8_block1,crowding,R8,1,35,35.0,0.301029996,2.0,0.7,2.3,0.01,0.111111111,0.01,0.053530934,0.052407328
667c2175b570aa694ce2f63c,1,crowding_L8_block1,crowding,L8,1,35,35.0,0.301029996,2.0,0.7,2.3,0.01,0.111111111,0.01,0.440137236,0.056179731
667c2175b570aa694ce2f63c,1,crowding_R8_block2,crowding,R8,2,35,35.0,0.301029996,2.0,0.7,2.3,0.01,0.111111111,0.01,0.248221878,0.049828357
667c2175b570aa694ce2f63c,1,crowding_L8_block2,crowding,L8,2,35,35.0,0.301029996,2.0,0.7,2.3,0.01,0.111111111,0.01,0.292792995,0.048753207
667c2175b570aa694ce2f63c,1,acuity_R8_block1,acuity,R8,1,35,35.0,0.602059991,2.0,0.7,2.3,0.01,0.111111111,0.01,-0.46760891,0.050042784
667c2175b570aa694ce2f63c,1,acuity_L8_block1,acuity,L8,1,35,35.0,0.602059991,2.0,0.7,2.3,0.01,0.111111111,0.01,-0.533726649,0.050201038
667c2175b570aa694ce2f63c,1,rsvp_foveal_block1,rsvp,foveal,1,72,72.0,0.301029996,2.0,0.7,2.3,0.01,0.038461538,0.01,-1.606589971,0.035096301
5bb756696322c5000159756c,1,crowding_R8_block1,crowding,R8,1,35,35.0,0.301029996,2.0,0.7,2.3,0.01,0.111111111,0.01,-0.01936614,0.049121879
5bb756696322c5000159756c,1,crowding_L8_block1,crowding,L8,1,35,35.0,0.301029996,2.0,0.7,2.3,0.01,0.111111111,0.01,0.537341603,0.05981659
5bb756696322c5000159756c,1,crowding_R8_block2,crowding,R8,2,35,35.0,0.301029996,2.0,0.7,2.3,0.01,0.111111111,0.01,0.069050833,0.062083817
5bb756696322c5000159756c,1,crowding_L8_block2,crowding,L8,2,35,35.0,0.301029996,2.0,0.7,2.3,0.01,0.111111111,0.01,0.243644059,0.050036679
5bb756696322c5000159756c,1,acuity_R8_block1,acuity,R8,1,35,35.0,0.602059991,2.0,0.7,2.3,0.01,0.111111111,0.01,-0.487136409,0.051084446
5bb756696322c5000159756c,1,acuity_L8_block1,acuity,L8,1,35,35.0,0.602059991,2.0,0.7,2.3,0.01,0.111111111,0.01,-0.493824001,0.049503169
5bb756696322c5000159756c,1,rsvp_foveal_block1,rsvp,foveal,1,72,72.0,0.301029996,2.0,0.7,2.3,0.01,0.038461538,0.01,-1.59199864,0.031303429
6672da623917a1e4eca8f4f4,1,crowding_R8_block1,crowding,R8,1,35,35.0,0.301029996,2.0,0.7,2.3,0.01,0.111111111,0.01,0.497863956,0.054369004
6672da623917a1e4eca8f4f4,1,crowding_L8_block1,crowding,L8,1,35,35.0,0.301029996,2.0,0.7,2.3,0.01,0.111111111,0.01,0.43696303,0.048432372
6672da623917a1e4eca8f4f4,1,crowding_R8_block2,crowding,R8,2,35,35.0,0.301029996,2.0,0.7,2.3,0.01,0.111111111,0.01,0.415605186,0.058953347
6672da623917a1e4eca8f4f4,1,crowding_L8_block2,crowding,L8,2,35,35.0,0.301029996,2.0,0.7,2.3,0.01,0.111111111,0.01,0.008536034,0.056552415
6672da623917a1e4eca8f4f4,1,acuity_R8_block1,acuity,R8,1,35,35.0,0.602059991,2.0,0.7,2.3,0.01,0.111111111,0.01,-0.513390375,0.049653132
6672da623917a1e4eca8f4f4,1,acuity_L8_block1,acuity,L8,1,35,35.0,0.602059991,2.0,0.7,2.3,0.01,0.111111111,0.01,-0.433388496,0.048385649
6672da623917a1e4eca8f4f4,1,rsvp_foveal_block1,rsvp,foveal,1,72,72.0,0.301029996,2.0,0.7,2.3,0.01,0.038461538,0.01,-1.303438316,0.032077971
5af1c4dfaec2b600010a96c9,1,crowding_R8_block1,crowding,R8,1,35,35.0,0.301029996,2.0,0.7,2.3,0.01,0.111111111,0.01,0.618207833,0.049264291
5af1c4dfaec2b600010a96c9,1,crowding_L8_block1,crowding,L8,1,35,35.0,0.301029996,2.0,0.7,2.3,0.01,0.111111111,0.01,0.427875178,0.048253984
5af1c4dfaec2b600010a96c9,1,crowding_R8_block2,crowding,R8,2,35,35.0,0.301029996,2.0,0.7,2.3,0.01,0.111111111,0.01,0.588580504,0.051504335
5af1c4dfaec2b600010a96c9,1,crowding_L8_block2,crowding,L8,2,35,35.0,0.301029996,2.0,0.7,2.3,0.01,0.111111111,0.01,0.196813579,0.048858009
5af1c4dfaec2b600010a96c9,1,acuity_R8_block1,acuity,R8,1,35,35.0,0.602059991,2.0,0.7,2.3,0.01,0.111111111,0.01,-0.365684147,0.048622321
5af1c4dfaec2b600010a96c9,1,acuity_L8_block1,acuity,L8,1,35,35.0,0.602059991,2.0,0.7,2.3,0.01,0.111111111,0.01,-0.355915528,0.0486622
5af1c4dfaec2b600010a96c9,1,rsvp_foveal_block1,rsvp,foveal,1,72,72.0,0.301029996,2.0,0.7,2.3,0.01,0.038461538,0.01,-1.135213653,0.032954195
678ddb5f75ad8c49b8347e79,1,crowding_R8_block1,crowding,R8,1,35,35.0,0.301029996,2.0,0.7,2.3,0.01,0.111111111,0.01,0.269598534,0.053078256
678ddb5f75ad8c49b8347e79,1,crowding_L8_block1,crowding,L8,1,35,35.0,0.301029996,2.0,0.7,2.3,0.01,0.111111111,0.01,0.67748022,0.053203271
678ddb5f75ad8c49b8347e79,1,crowding_R8_block2,crowding,R8,2,35,35.0,0.301029996,2.0,0.7,2.3,0.01,0.111111111,0.01,0.622019037,0.048309265
678ddb5f75ad8c49b8347e79,1,crowding_L8_block2,crowding,L8,2,35,35.0,0.301029996,2.0,0.7,2.3,0.01,0.111111111,0.01,0.594573862,0.050094809
678ddb5f75ad8c49b8347e79,1,acuity_R8_block1,acuity,R8,1,35,35.0,0.602059991,2.0,0.7,2.3,0.01,0.111111111,0.01,-0.470007522,0.056362931
678ddb5f75ad8c49b8347e79,1,acuity_L8_block1,acuity,L8,1,35,35.0,0.602059991,2.0,0.7,2.3,0.01,0.111111111,0.01,-0.496529395,0.051276103
678ddb5f75ad8c49b8347e79,1,rsvp_foveal_block1,rsvp,foveal,1,72,72.0,0.301029996,2.0,0.7,2.3,0.01,0.038461538,0.01,-1.181647137,0.032967205
647c65c5acb91c89819c7970,1,crowding_R8_block1,crowding,R8,1,35,35.0,0.301029996,2.0,0.7,2.3,0.01,0.111111111,0.01,0.498854607,0.063919559
647c65c5acb91c89819c7970,1,crowding_L8_block1,crowding,L8,1,35,35.0,0.301029996,2.0,0.7,2.3,0.01,0.111111111,0.01,0.807053137,0.047550187
647c65c5acb91c89819c7970,1,crowding_R8_block2,crowding,R8,2,34,34.0,0.301029996,2.0,0.7,2.3,0.01,0.111111111,0.01,0.443949475,0.04903044
647c65c5acb91c89819c7970,1,crowding_L8_block2,crowding,L8,2,35,35.0,0.301029996,2.0,0.7,2.3,0.01,0.111111111,0.01,0.534192143,0.056177221
647c65c5acb91c89819c7970,1,acuity_R8_block1,acuity,R8,1,35,35.0,0.602059991,2.0,0.7,2.3,0.01,0.111111111,0.01,-0.381076021,0.048856366
647c65c5acb91c89819c7970,1,acuity_L8_block1,acuity,L8,1,34,34.0,0.602059991,2.0,0.7,2.3,0.01,0.111111111,0.01,-0.416328965,0.050274293
647c65c5acb91c89819c7970,1,rsvp_foveal_block1,rsvp,foveal,1,72,72.0,0.301029996,2.0,0.7,2.3,0.01,0.038461538,0.01,-1.169340985,0.035698948
604fa685e33606f9a0ee8189,1,crowding_R8_block1,crowding,R8,1,35,35.0,0.301029996,2.0,0.7,2.3,0.01,0.111111111,0.01,0.416994734,0.049796406
604fa685e33606f9a0ee8189,1,crowding_L8_block1,crowding,L8,1,35,35.0,0.301029996,2.0,0.7,2.3,0.01,0.111111111,0.01,0.069192544,0.051527298
604fa685e33606f9a0ee8189,1,crowding_R8_block2,crowding,R8,2,35,35.0,0.301029996,2.0,0.7,2.3,0.01,0.111111111,0.01,0.304842036,0.048534626
604fa685e33606f9a0ee8189,1,crowding_L8_block2,crowding,L8,2,35,35.0,0.301029996,2.0,0.7,2.3,0.01,0.111111111,0.01,0.089844783,0.052221779
604fa685e33606f9a0ee8189,1,acuity_R8_block1,acuity,R8,1,35,35.0,0.602059991,2.0,0.7,2.3,0.01,0.111111111,0.01,-0.61752261,0.048260456
604fa685e33606f9a0ee8189,1,acuity_L8_block1,acuity,L8,1,35,35.0,0.602059991,2.0,0.7,2.3,0.01,0.111111111,0.01,-0.543220212,0.051898799
604fa685e33606f9a0ee8189,1,rsvp_foveal_block1,rsvp,foveal,1,72,72.0,0.301029996,2.0,0.7,2.3,0.01,0.038461538,0.01,-1.626072534,0.032657886
67df1fe4815dd262e75aac89,1,crowding_R8_block1,crowding,R8,1,35,35.0,0.301029996,2.0,0.7,2.3,0.01,0.111111111,0.01,0.440429293,0.048828781
67df1fe4815dd262e75aac89,1,crowding_L8_block1,crowding,L8,1,35,35.0,0.301029996,2.0,0.7,2.3,0.01,0.111111111,0.01,0.095378955,0.051087786
67df1fe4815dd262e75aac89,1,crowding_R8_block2,crowding,R8,2,35,35.0,0.301029996,2.0,0.7,2.3,0.01,0.111111111,0.01,0.437443663,0.051606324
67df1fe4815dd262e75aac89,1,crowding_L8_block2,crowding,L8,2,35,35.0,0.301029996,2.0,0.7,2.3,0.01,0.111111111,0.01,0.514849102,0.050973013
67df1fe4815dd262e75aac89,1,acuity_R8_block1,acuity,R8,1,35,35.0,0.602059991,2.0,0.7,2.3,0.01,0.111111111,0.01,-0.561234263,0.048623847
67df1fe4815dd262e75aac89,1,acuity_L8_block1,acuity,L8,1,35,35.0,0.602059991,2.0,0.7,2.3,0.01,0.111111111,0.01,-0.576388608,0.052253755
67df1fe4815dd262e75aac89,1,rsvp_foveal_block1,rsvp,foveal,1,72,72.0,0.301029996,2.0,0.7,2.3,0.01,0.038461538,0.01,-1.320161615,0.030795036
65ddeb426c748b12456eed89,1,crowding_R8_block1,crowding,R8,1,35,35.0,0.301029996,2.0,0.7,2.3,0.01,0.111111111,0.01,0.577569249,0.049783438
65ddeb426c748b12456eed89,1,crowding_L8_block1,crowding,L8,1,35,35.0,0.301029996,2.0,0.7,2.3,0.01,0.111111111,0.01,0.515754991,0.048981579
65ddeb426c748b12456eed89,1,crowding_R8_block2,crowding,R8,2,35,35.0,0.301029996,2.0,0.7,2.3,0.01,0.111111111,0.01,0.348809623,0.051611648
65ddeb426c748b12456eed89,1,crowding_L8_block2,crowding,L8,2,35,35.0,0.301029996,2.0,0.7,2.3,0.01,0.111111111,0.01,0.423935803,0.056250045
65ddeb426c748b12456eed89,1,acuity_R8_block1,acuity,R8,1,35,35.0,0.602059991,2.0,0.7,2.3,0.01,0.111111111,0.01,-0.436336367,0.049336592
65ddeb426c748b12456eed89,1,acuity_L8_block1,acuity,L8,1,35,35.0,0.602059991,2.0,0.7,2.3,0.01,0.111111111,0.01,-0.484453663,0.050122123
65ddeb426c748b12456eed89,1,rsvp_foveal_block1,rsvp,foveal,1,72,72.0,0.301029996,2.0,0.7,2.3,0.01,0.038461538,0.01,-1.549136252,0.032431067
5fb281433a31c686f0ec3ecb,1,crowding_R8_block1,crowding,R8,1,35,35.0,0.301029996,2.0,0.7,2.3,0.01,0.111111111,0.01,0.628714545,0.055731911
5fb281433a31c686f0ec3ecb,1,crowding_L8_block1,crowding,L8,1,35,35.0,0.301029996,2.0,0.7,2.3,0.01,0.111111111,0.01,0.698709569,0.047821923
5fb281433a31c686f0ec3ecb,1,crowding_R8_block2,crowding,R8,2,35,35.0,0.301029996,2.0,0.7,2.3,0.01,0.111111111,0.01,0.402532747,0.048098515
5fb281433a31c686f0ec3ecb,1,crowding_L8_block2,crowding,L8,2,35,35.0,0.301029996,2.0,0.7,2.3,0.01,0.111111111,0.01,0.703415523,0.047000758
5fb281433a31c686f0ec3ecb,1,acuity_R8_block1,acuity,R8,1,35,35.0,0.602059991,2.0,0.7,2.3,0.01,0.111111111,0.01,-0.573983265,0.049366437
5fb281433a31c686f0ec3ecb,1,acuity_L8_block1,acuity,L8,1,35,35.0,0.602059991,2.0,0.7,2.3,0.01,0.111111111,0.01,-0.490938943,0.051137967
5fb281433a31c686f0ec3ecb,1,rsvp_foveal_block1,rsvp,foveal,1,72,72.0,0.301029996,2.0,0.7,2.3,0.01,0.038461538,0.01,-1.579872828,0.03360098
5fe40aa4dfcbb916af9c599a,1,crowding_R8_block1,crowding,R8,1,34,34.0,0.301029996,2.0,0.7,2.3,0.01,0.111111111,0.01,0.247923842,0.04971361
5fe40aa4dfcbb916af9c599a,1,crowding_L8_block1,crowding,L8,1,35,35.0,0.301029996,2.0,0.7,2.3,0.01,0.111111111,0.01,0.322389727,0.060842854
5fe40aa4dfcbb916af9c599a,1,crowding_R8_block2,crowding,R8,2,35,35.0,0.301029996,2.0,0.7,2.3,0.01,0.111111111,0.01,0.380127665,0.047503591
5fe40aa4dfcbb916af9c599a,1,crowding_L8_block2,crowding,L8,2,35,35.0,0.301029996,2.0,0.7,2.3,0.01,0.111111111,0.01,0.308468849,0.047284919
5fe40aa4dfcbb916af9c599a,1,acuity_R8_block1,acuity,R8,1,35,35.0,0.602059991,2.0,0.7,2.3,0.01,0.111111111,0.01,-0.568778008,0.047795701
5fe40aa4dfcbb916af9c599a,1,acuity_L8_block1,acuity,L8,1,35,35.0,0.602059991,2.0,0.7,2.3,0.01,0.111111111,0.01,-0.613054972,0.052550915
5fe40aa4dfcbb916af9c599a,1,rsvp_foveal_block1,rsvp,foveal,1,72,72.0,0.301029996,2.0,0.7,2.3,0.01,0.038461538,0.01,-1.639223284,0.033705165
638e2eed82fa613f2140ba13,1,crowding_R8_block1,crowding,R8,1,35,35.0,0.301029996,2.0,0.7,2.3,0.01,0.111111111,0.01,-0.071025015,0.049890848
638e2eed82fa613f2140ba13,1,crowding_L8_block1,crowding,L8,1,35,35.0,0.301029996,2.0,0.7,2.3,0.01,0.111111111,0.01,0.685605188,0.048628416
638e2eed82fa613f2140ba13,1,crowding_R8_block2,crowding,R8,2,35,35.0,0.301029996,2.0,0.7,2.3,0.01,0.111111111,0.01,0.223395971,0.047359551
638e2eed82fa613f2140ba13,1,crowding_L8_block2,crowding,L8,2,35,35.0,0.301029996,2.0,0.7,2.3,0.01,0.111111111,0.01,0.646488863,0.047642988
638e2eed82fa613f2140ba13,1,acuity_R8_block1,acuity,R8,1,35,35.0,0.602059991,2.0,0.7,2.3,0.01,0.111111111,0.01,-0.494325532,0.048854309
638e2eed82fa613f2140ba13,1,acuity_L8_block1,acuity,L8,1,35,35.0,0.602059991,2.0,0.7,2.3,0.01,0.111111111,0.01,-0.545498462,0.048999115
638e2eed82fa613f2140ba13,1,rsvp_foveal_block1,rsvp,foveal,1,72,72.0,0.301029996,2.0,0.7,2.3,0.01,0.038461538,0.01,-1.435195752,0.031063529
67104869a47a61b561900be7,1,crowding_R8_block1,crowding,R8,1,35,35.0,0.301029996,2.0,0.7,2.3,0.01,0.111111111,0.01,0.49968941,0.04950876
67104869a47a61b561900be7,1,crowding_L8_block1,crowding,L8,1,35,35.0,0.301029996,2.0,0.7,2.3,0.01,0.111111111,0.01,0.581493313,0.048951717
67104869a47a61b561900be7,1,crowding_R8_block2,crowding,R8,2,35,35.0,0.301029996,2.0,0.7,2.3,0.01,0.111111111,0.01,0.411261996,0.050816776
67104869a47a61b561900be7,1,crowding_L8_block2,crowding,L8,2,35,35.0,0.301029996,2.0,0.7,2.3,0.01,0.111111111,0.01,0.482882166,0.048254463
67104869a47a61b561900be7,1,acuity_R8_block1,acuity,R8,1,35,35.0,0.602059991,2.0,0.7,2.3,0.01,0.111111111,0.01,-0.380155754,0.048370104
67104869a47a61b561900be7,1,acuity_L8_block1,acuity,L8,1,35,35.0,0.602059991,2.0,0.7,2.3,0.01,0.111111111,0.01,-0.433514779,0.05051405
67104869a47a61b561900be7,1,rsvp_foveal_block1,rsvp,foveal,1,72,72.0,0.301029996,2.0,0.7,2.3,0.01,0.038461538,0.01,-1.48384365,0.033999426
65178713fd459dd31fbfb62b,1,crowding_R8_block1,crowding,R8,1,32,32.0,0.301029996,2.0,0.7,2.3,0.01,0.111111111,0.01,-0.118710713,0.051832275
65178713fd459dd31fbfb62b,1,crowding_L8_block1,crowding,L8,1,33,33.0,0.301029996,2.0,0.7,2.3,0.01,0.111111111,0.01,0.516830385,0.049153052
65178713fd459dd31fbfb62b,1,crowding_R8_block2,crowding,R8,2,35,35.0,0.301029996,2.0,0.7,2.3,0.01,0.111111111,0.01,0.402721737,0.05080205
65178713fd459dd31fbfb62b,1,crowding_L8_block2,crowding,L8,2,35,35.0,0.301029996,2.0,0.7,2.3,0.01,0.111111111,0.01,0.421408432,0.064020214
65178713fd459dd31fbfb62b,1,acuity_R8_block1,acuity,R8,1,35,35.0,0.602059991,2.0,0.7,2.3,0.01,0.111111111,0.01,-0.500751061,0.049404835
65178713fd459dd31fbfb62b,1,acuity_L8_block1,acuity,L8,1,35,35.0,0.602059991,2.0,0.7,2.3,0.01,0.111111111,0.01,-0.506209895,0.049491858
65178713fd459dd31fbfb62b,1,rsvp_foveal_block1,rsvp,foveal,1,72,72.0,0.301029996,2.0,0.7,2.3,0.01,0.038461538,0.01,-1.312302377,0.03157514
676d346f257c35fb4c43e63b,1,crowding_R8_block1,crowding,R8,1,35,35.0,0.301029996,2.0,0.7,2.3,0.01,0.111111111,0.01,-4.88541e-05,0.049019611
676d346f257c35fb4c43e63b,1,crowding_L8_block1,crowding,L8,1,35,35.0,0.301029996,2.0,0.7,2.3,0.01,0.111111111,0.01,-0.061888936,0.052522919
676d346f257c35fb4c43e63b,1,crowding_R8_block2,crowding,R8,2,35,35.0,0.301029996,2.0,0.7,2.3,0.01,0.111111111,0.01,0.251041185,0.048726515
676d346f257c35fb4c43e63b,1,crowding_L8_block2,crowding,L8,2,35,35.0,0.301029996,2.0,0.7,2.3,0.01,0.111111111,0.01,0.251700543,0.050199985
676d346f257c35fb4c43e63b,1,acuity_R8_block1,acuity,R8,1,35,35.0,0.602059991,2.0,0.7,2.3,0.01,0.111111111,0.01,-0.585308433,0.049952238
676d346f257c35fb4c43e63b,1,acuity_L8_block1,acuity,L8,1,35,35.0,0.602059991,2.0,0.7,2.3,0.01,0.111111111,0.01,-0.525204906,0.048521716
676d346f257c35fb4c43e63b,1,rsvp_foveal_block1,rsvp,foveal,1,72,72.0,0.301029996,2.0,0.7,2.3,0.01,0.038461538,0.01,-1.569983918,0.033098366
67c70c52a1bcef4f5a09bb5b,1,crowding_R8_block1,crowding,R8,1,35,35.0,0.301029996,2.0,0.7,2.3,0.01,0.111111111,0.01,0.202297757,0.056248422
67c70c52a1bcef4f5a09bb5b,1,crowding_L8_block1,crowding,L8,1,35,35.0,0.301029996,2.0,0.7,2.3,0.01,0.111111111,0.01,0.351416493,0.051299807
67c70c52a1bcef4f5a09bb5b,1,crowding_R8_block2,crowding,R8,2,35,35.0,0.301029996,2.0,0.7,2.3,0.01,0.111111111,0.01,0.165691338,0.048206688
67c70c52a1bcef4f5a09bb5b,1,crowding_L8_block2,crowding,L8,2,35,35.0,0.301029996,2.0,0.7,2.3,0.01,0.111111111,0.01,0.429895137,0.051069211
67c70c52a1bcef4f5a09bb5b,1,acuity_R8_block1,acuity,R8,1,35,35.0,0.602059991,2.0,0.7,2.3,0.01,0.111111111,0.01,-0.278209415,0.049887946
67c70c52a1bcef4f5a09bb5b,1,acuity_L8_block1,acuity,L8,1,35,35.0,0.602059991,2.0,0.7,2.3,0.01,0.111111111,0.01,-0.297780892,0.048894717
67c70c52a1bcef4f5a09bb5b,1,rsvp_foveal_block1,rsvp,foveal,1,72,72.0,0.301029996,2.0,0.7,2.3,0.01,0.038461538,0.01,-1.561818978,0.031068241
5ea32a0ea7b59a0c92e82ac8,1,crowding_R8_block1,crowding,R8,1,35,35.0,0.301029996,2.0,0.7,2.3,0.01,0.111111111,0.01,0.442648579,0.048901698
5ea32a0ea7b59a0c92e82ac8,1,crowding_L8_block1,crowding,L8,1,35,35.0,0.301029996,2.0,0.7,2.3,0.01,0.111111111,0.01,0.719059539,0.048146382
5ea32a0ea7b59a0c92e82ac8,1,crowding_R8_block2,crowding,R8,2,35,35.0,0.301029996,2.0,0.7,2.3,0.01,0.111111111,0.01,0.495598624,0.047165553
5ea32a0ea7b59a0c92e82ac8,1,crowding_L8_block2,crowding,L8,2,35,35.0,0.301029996,2.0,0.7,2.3,0.01,0.111111111,0.01,0.780621801,0.048358178
5ea32a0ea7b59a0c92e82ac8,1,acuity_R8_block1,acuity,R8,1,35,35.0,0.602059991,2.0,0.7,2.3,0.01,0.111111111,0.01,-0.318331143,0.049648254
5ea32a0ea7b59a0c92e82ac8,1,acuity_L8_block1,acuity,L8,1,35,35.0,0.602059991,2.0,0.7,2.3,0.01,0.111111111,0.01,-0.345904215,0.065427336
5ea32a0ea7b59a0c92e82ac8,1,rsvp_foveal_block1,rsvp,foveal,1,72,72.0,0.301029996,2.0,0.7,2.3,0.01,0.038461538,0.01,-1.328205287,0.031769148
5a8f01d95292b80001235d34,1,crowding_R8_block1,crowding,R8,1,35,35.0,0.301029996,2.0,0.7,2.3,0.01,0.111111111,0.01,0.149800009,0.048593591
5a8f01d95292b80001235d34,1,crowding_L8_block1,crowding,L8,1,35,35.0,0.301029996,2.0,0.7,2.3,0.01,0.111111111,0.01,0.399280918,0.047649704
5a8f01d95292b80001235d34,1,crowding_R8_block2,crowding,R8,2,35,35.0,0.301029996,2.0,0.7,2.3,0.01,0.111111111,0.01,0.111987643,0.059323518
5a8f01d95292b80001235d34,1,crowding_L8_block2,crowding,L8,2,35,35.0,0.301029996,2.0,0.7,2.3,0.01,0.111111111,0.01,0.422947977,0.048749296
5a8f01d95292b80001235d34,1,acuity_R8_block1,acuity,R8,1,35,35.0,0.602059991,2.0,0.7,2.3,0.01,0.111111111,0.01,-0.473664536,0.050830873
5a8f01d95292b80001235d34,1,acuity_L8_block1,acuity,L8,1,35,35.0,0.602059991,2.0,0.7,2.3,0.01,0.111111111,0.01,-0.520581204,0.04966022
5a8f01d95292b80001235d34,1,rsvp_foveal_block1,rsvp,foveal,1,72,72.0,0.301029996,2.0,0.7,2.3,0.01,0.038461538,0.01,-1.525578114,0.031197332
588ab33542c8e900019d02ae,1,crowding_R8_block1,crowding,R8,1,35,35.0,0.301029996,2.0,0.7,2.3,0.01,0.111111111,0.01,0.013081654,0.053191004
588ab33542c8e900019d02ae,1,crowding_L8_block1,crowding,L8,1,35,35.0,0.301029996,2.0,0.7,2.3,0.01,0.111111111,0.01,0.327845177,0.049572717
588ab33542c8e900019d02ae,1,crowding_R8_block2,crowding,R8,2,35,35.0,0.301029996,2.0,0.7,2.3,0.01,0.111111111,0.01,-0.050926191,0.047756516
588ab33542c8e900019d02ae,1,crowding_L8_block2,crowding,L8,2,35,35.0,0.301029996,2.0,0.7,2.3,0.01,0.111111111,0.01,0.029871966,0.047767081
588ab33542c8e900019d02ae,1,acuity_R8_block1,acuity,R8,1,35,35.0,0.602059991,2.0,0.7,2.3,0.01,0.111111111,0.01,-0.518297875,0.048371783
588ab33542c8e900019d02ae,1,acuity_L8_block1,acuity,L8,1,35,35.0,0.602059991,2.0,0.7,2.3,0.01,0.111111111,0.01,-0.49085099,0.051091831
588ab33542c8e900019d02ae,1,rsvp_foveal_block1,rsvp,foveal,1,72,72.0,0.301029996,2.0,0.7,2.3,0.01,0.038461538,0.01,-1.050008217,0.031608185
665cc37706c5e959d6f680a3,1,crowding_R8_block1,crowding,R8,1,35,35.0,0.301029996,2.0,0.7,2.3,0.01,0.111111111,0.01,-0.341947451,0.049621456
665cc37706c5e959d6f680a3,1,crowding_L8_block1,crowding,L8,1,35,35.0,0.301029996,2.0,0.7,2.3,0.01,0.111111111,0.01,-0.227777837,0.047264845
665cc37706c5e959d6f680a3,1,crowding_R8_block2,crowding,R8,2,35,35.0,0.301029996,2.0,0.7,2.3,0.01,0.111111111,0.01,-0.298410145,0.062578596
665cc37706c5e959d6f680a3,1,crowding_L8_block2,crowding,L8,2,35,35.0,0.301029996,2.0,0.7,2.3,0.01,0.111111111,0.01,-0.051978851,0.050066613
665cc37706c5e959d6f680a3,1,acuity_R8_block1,acuity,R8,1,35,35.0,0.602059991,2.0,0.7,2.3,0.01,0.111111111,0.01,-0.553186316,0.048713785
665cc37706c5e959d6f680a3,1,acuity_L8_block1,acuity,L8,1,35,35.0,0.602059991,2.0,0.7,2.3,0.01,0.111111111,0.01,-0.464508128,0.049467765
665cc37706c5e959d6f680a3,1,rsvp_foveal_block1,rsvp,foveal,1,72,72.0,0.301029996,2.0,0.7,2.3,0.01,0.038461538,0.01,-1.700560669,0.076404339
66757cddd8d92a5cbfda353f,1,crowding_R8_block1,crowding,R8,1,35,35.0,0.301029996,2.0,0.7,2.3,0.01,0.111111111,0.01,0.256144647,0.05188795
66757cddd8d92a5cbfda353f,1,crowding_L8_block1,crowding,L8,1,35,35.0,0.301029996,2.0,0.7,2.3,0.01,0.111111111,0.01,0.610833807,0.048193595
66757cddd8d92a5cbfda353f,1,crowding_R8_block2,crowding,R8,2,35,35.0,0.301029996,2.0,0.7,2.3,0.01,0.111111111,0.01,0.442956369,0.050232421
66757cddd8d92a5cbfda353f,1,crowding_L8_block2,crowding,L8,2,35,35.0,0.301029996,2.0,0.7,2.3,0.01,0.111111111,0.01,0.436788606,0.049898713
66757cddd8d92a5cbfda353f,1,acuity_R8_block1,acuity,R8,1,35,35.0,0.602059991,2.0,0.7,2.3,0.01,0.111111111,0.01,-0.578372192,0.049712629
66757cddd8d92a5cbfda353f,1,acuity_L8_block1,acuity,L8,1,35,35.0,0.602059991,2.0,0.7,2.3,0.01,0.111111111,0.01,-0.394849248,0.049069942
66757cddd8d92a5cbfda353f,1,rsvp_foveal_block1,rsvp,foveal,1,72,72.0,0.301029996,2.0,0.7,2.3,0.01,0.038461538,0.01,-1.289147904,0.031245517
672f51ea346fba23ddd5a793,1,crowding_R8_block1,crowding,R8,1,35,35.0,0.301029996,2.0,0.7,2.3,0.01,0.111111111,0.01,0.546761029,0.048434513
672f51ea346fba23ddd5a793,1,crowding_L8_block1,crowding,L8,1,35,35.0,0.301029996,2.0,0.7,2.3,0.01,0.111111111,0.01,0.895573129,0.046063394
672f51ea346fba23ddd5a793,1,crowding_R8_block2,crowding,R8,2,35,35.0,0.301029996,2.0,0.7,2.3,0.01,0.111111111,0.01,0.742870271,0.0537885
672f51ea346fba23ddd5a793,1,crowding_L8_block2,crowding,L8,2,35,35.0,0.301029996,2.0,0.7,2.3,0.01,0.111111111,0.01,0.854435668,0.04986709
672f51ea346fba23ddd5a793,1,acuity_R8_block1,acuity,R8,1,24,24.0,0.602059991,2.0,0.7,2.3,0.01,0.111111111,0.01,-0.384099193,0.061635537
672f51ea346fba23ddd5a793,1,acuity_L8_block1,acuity,L8,1,21,21.0,0.602059991,2.0,0.7,2.3,0.01,0.111111111,0.01,-0.616468713,0.070346575
672f51ea346fba23ddd5a793,1,rsvp_foveal_block1,rsvp,foveal,1,72,72.0,0.301029996,2.0,0.7,2.3,0.01,0.038461538,0.01,-0.970124336,0.033824491
664a4e8fb8a92bf4b389e8fd,1,crowding_R8_block1,crowding,R8,1,35,35.0,0.301029996,2.0,0.7,2.3,0.01,0.111111111,0.01,0.667808507,0.051754561
664a4e8fb8a92bf4b389e8fd,1,crowding_L8_block1,crowding,L8,1,35,35.0,0.301029996,2.0,0.7,2.3,0.01,0.111111111,0.01,0.553819605,0.066346599
664a4e8fb8a92bf4b389e8fd,1,crowding_R8_block2,crowding,R8,2,35,35.0,0.301029996,2.0,0.7,2.3,0.01,0.111111111,0.01,0.693771783,0.049234849
664a4e8fb8a92bf4b389e8fd,1,crowding_L8_block2,crowding,L8,2,35,35.0,0.301029996,2.0,0.7,2.3,0.01,0.111111111,0.01,0.618107213,0.050748267
664a4e8fb8a92bf4b389e8fd,1,acuity_R8_block1,acuity,R8,1,35,35.0,0.602059991,2.0,0.7,2.3,0.01,0.111111111,0.01,-0.602809359,0.049059681
664a4e8fb8a92bf4b389e8fd,1,acuity_L8_block1,acuity,L8,1,35,35.0,0.602059991,2.0,0.7,2.3,0.01,0.111111111,0.01,-0.476193401,0.049807241
664a4e8fb8a92bf4b389e8fd,1,rsvp_foveal_block1,rsvp,foveal,1,72,72.0,0.301029996,2.0,0.7,2.3,0.01,0.038461538,0.01,-1.198241442,0.031299061
67dc489d382612526415e4b1,1,crowding_R8_block1,crowding,R8,1,35,35.0,0.301029996,2.0,0.7,2.3,0.01,0.111111111,0.01,0.051025452,0.051339092
67dc489d382612526415e4b1,1,crowding_L8_block1,crowding,L8,1,35,35.0,0.301029996,2.0,0.7,2.3,0.01,0.111111111,0.01,0.297862972,0.047867371
67dc489d382612526415e4b1,1,crowding_R8_block2,crowding,R8,2,35,35.0,0.301029996,2.0,0.7,2.3,0.01,0.111111111,0.01,0.204398706,0.049007021
67dc489d382612526415e4b1,1,crowding_L8_block2,crowding,L8,2,35,35.0,0.301029996,2.0,0.7,2.3,0.01,0.111111111,0.01,0.111364059,0.05888934
67dc489d382612526415e4b1,1,acuity_R8_block1,acuity,R8,1,35,35.0,0.602059991,2.0,0.7,2.3,0.01,0.111111111,0.01,-0.477583345,0.050857723
67dc489d382612526415e4b1,1,acuity_L8_block1,acuity,L8,1,35,35.0,0.602059991,2.0,0.7,2.3,0.01,0.111111111,0.01,-0.506552861,0.052326101
67dc489d382612526415e4b1,1,rsvp_foveal_block1,rsvp,foveal,1,72,72.0,0.301029996,2.0,0.7,2.3,0.01,0.038461538,0.01,-1.473308468,0.031953282
60c329e4a31bf9f8b6c87b3d,1,crowding_R8_block1,crowding,R8,1,35,35.0,0.301029996,2.0,0.7,2.3,0.01,0.111111111,0.01,0.102200224,0.047646233
60c329e4a31bf9f8b6c87b3d,1,crowding_L8_block1,crowding,L8,1,35,35.0,0.301029996,2.0,0.7,2.3,0.01,0.111111111,0.01,0.193686913,0.048409067
60c329e4a31bf9f8b6c87b3d,1,crowding_R8_block2,crowding,R8,2,35,35.0,0.301029996,2.0,0.7,2.3,0.01,0.111111111,0.01,-0.082112367,0.049440825
60c329e4a31bf9f8b6c87b3d,1,crowding_L8_block2,crowding,L8,2,35,35.0,0.301029996,2.0,0.7,2.3,0.01,0.111111111,0.01,0.090985,0.047699727
60c329e4a31bf9f8b6c87b3d,1,acuity_R8_block1,acuity,R8,1,35,35.0,0.602059991,2.0,0.7,2.3,0.01,0.111111111,0.01,-0.56777291,0.050739942
60c329e4a31bf9f8b6c87b3d,1,acuity_L8_block1,acuity,L8,1,35,35.0,0.602059991,2.0,0.7,2.3,0.01,0.111111111,0.01,-0.48808883,0.048311391
60c329e4a31bf9f8b6c87b3d,1,rsvp_foveal_block1,rsvp,foveal,1,72,72.0,0.301029996,2.0,0.7,2.3,0.01,0.038461538,0.01,-1.257717846,0.03154243
66f46179fa81f408915abaaa,1,crowding_R8_block1,crowding,R8,1,35,35.0,0.301029996,2.0,0.7,2.3,0.01,0.111111111,0.01,0.739347688,0.049170475
66f46179fa81f408915abaaa,1,crowding_L8_block1,crowding,L8,1,35,35.0,0.301029996,2.0,0.7,2.3,0.01,0.111111111,0.01,0.696517064,0.078837019
66f46179fa81f408915abaaa,1,crowding_R8_block2,crowding,R8,2,34,34.0,0.301029996,2.0,0.7,2.3,0.01,0.111111111,0.01,0.628287836,0.056869794
66f46179fa81f408915abaaa,1,crowding_L8_block2,crowding,L8,2,35,35.0,0.301029996,2.0,0.7,2.3,0.01,0.111111111,0.01,0.650086215,0.053755639
66f46179fa81f408915abaaa,1,acuity_R8_block1,acuity,R8,1,35,35.0,0.602059991,2.0,0.7,2.3,0.01,0.111111111,0.01,-0.316626938,0.062837154
66f46179fa81f408915abaaa,1,acuity_L8_block1,acuity,L8,1,35,35.0,0.602059991,2.0,0.7,2.3,0.01,0.111111111,0.01,-0.440741485,0.049427353
66f46179fa81f408915abaaa,1,rsvp_foveal_block1,rsvp,foveal,1,72,72.0,0.301029996,2.0,0.7,2.3,0.01,0.038461538,0.01,-1.492351099,0.031503655
6112c911a83cc494df38b468,1,crowding_R8_block1,crowding,R8,1,35,35.0,0.301029996,2.0,0.7,2.3,0.01,0.111111111,0.01,0.47991648,0.048557674
6112c911a83cc494df38b468,1,crowding_L8_block1,crowding,L8,1,35,35.0,0.301029996,2.0,0.7,2.3,0.01,0.111111111,0.01,0.695303763,0.052943791
6112c911a83cc494df38b468,1,crowding_R8_block2,crowding,R8,2,35,35.0,0.301029996,2.0,0.7,2.3,0.01,0.111111111,0.01,0.404592276,0.050464312
6112c911a83cc494df38b468,1,crowding_L8_block2,crowding,L8,2,35,35.0,0.301029996,2.0,0.7,2.3,0.01,0.111111111,0.01,0.460638717,0.05821759
6112c911a83cc494df38b468,1,acuity_R8_block1,acuity,R8,1,35,35.0,0.602059991,2.0,0.7,2.3,0.01,0.111111111,0.01,-0.513110311,0.051632555
6112c911a83cc494df38b468,1,acuity_L8_block1,acuity,L8,1,35,35.0,0.602059991,2.0,0.7,2.3,0.01,0.111111111,0.01,-0.435875748,0.052061771
6112c911a83cc494df38b468,1,rsvp_foveal_block1,rsvp,foveal,1,72,72.0,0.301029996,2.0,0.7,2.3,0.01,0.038461538,0.01,-1.510832674,0.032087475
664921b8a4c8fcf533571f7a,1,crowding_R8_block1,crowding,R8,1,35,35.0,0.301029996,2.0,0.7,2.3,0.01,0.111111111,0.01,0.223503144,0.050948066
664921b8a4c8fcf533571f7a,1,crowding_L8_block1,crowding,L8,1,35,35.0,0.301029996,2.0,0.7,2.3,0.01,0.111111111,0.01,0.473365197,0.069616228
664921b8a4c8fcf533571f7a,1,crowding_R8_block2,crowding,R8,2,35,35.0,0.301029996,2.0,0.7,2.3,0.01,0.111111111,0.01,-0.09637812,0.056443983
664921b8a4c8fcf533571f7a,1,crowding_L8_block2,crowding,L8,2,35,35.0,0.301029996,2.0,0.7,2.3,0.01,0.111111111,0.01,0.266227101,0.06438963
664921b8a4c8fcf533571f7a,1,acuity_R8_block1,acuity,R8,1,35,35.0,0.602059991,2.0,0.7,2.3,0.01,0.111111111,0.01,-0.549476794,0.053372427
664921b8a4c8fcf533571f7a,1,acuity_L8_block1,acuity,L8,1,35,35.0,0.602059991,2.0,0.7,2.3,0.01,0.111111111,0.01,-0.502587866,0.05125703
664921b8a4c8fcf533571f7a,1,rsvp_foveal_block1,rsvp,foveal,1,72,72.0,0.301029996,2.0,0.7,2.3,0.01,0.038461538,0.01,-1.672901925,0.046760577
6718da927f1110131780367d,1,crowding_R8_block1,crowding,R8,1,35,35.0,0.301029996,2.0,0.7,2.3,0.01,0.111111111,0.01,0.157569172,0.049464004
6718da927f1110131780367d,1,crowding_L8_block1,crowding,L8,1,35,35.0,0.301029996,2.0,0.7,2.3,0.01,0.111111111,0.01,0.141682086,0.050866546
6718da927f1110131780367d,1,crowding_R8_block2,crowding,R8,2,35,35.0,0.301029996,2.0,0.7,2.3,0.01,0.111111111,0.01,0.070038259,0.050181844
6718da927f1110131780367d,1,crowding_L8_block2,crowding,L8,2,35,35.0,0.301029996,2.0,0.7,2.3,0.01,0.111111111,0.01,0.477820421,0.048093041
6718da927f1110131780367d,1,acuity_R8_block1,acuity,R8,1,35,35.0,0.602059991,2.0,0.7,2.3,0.01,0.111111111,0.01,-0.545531209,0.050318444
6718da927f1110131780367d,1,acuity_L8_block1,acuity,L8,1,35,35.0,0.602059991,2.0,0.7,2.3,0.01,0.111111111,0.01,-0.607199612,0.047084146
6718da927f1110131780367d,1,rsvp_foveal_block1,rsvp,foveal,1,72,72.0,0.301029996,2.0,0.7,2.3,0.01,0.038461538,0.01,-1.553004123,0.03350026
66f75ca6c63db2214194b1cc,1,crowding_R8_block1,crowding,R8,1,35,35.0,0.301029996,2.0,0.7,2.3,0.01,0.111111111,0.01,0.610483418,0.050680458
66f75ca6c63db2214194b1cc,1,crowding_L8_block1,crowding,L8,1,35,35.0,0.301029996,2.0,0.7,2.3,0.01,0.111111111,0.01,0.778357649,0.047941471
66f75ca6c63db2214194b1cc,1,crowding_R8_block2,crowding,R8,2,35,35.0,0.301029996,2.0,0.7,2.3,0.01,0.111111111,0.01,0.672128557,0.051578443
66f75ca6c63db2214194b1cc,1,crowding_L8_block2,crowding,L8,2,35,35.0,0.301029996,2.0,0.7,2.3,0.01,0.111111111,0.01,0.802756627,0.048597246
66f75ca6c63db2214194b1cc,1,acuity_R8_block1,acuity,R8,1,35,35.0,0.602059991,2.0,0.7,2.3,0.01,0.111111111,0.01,-0.413866658,0.050810774
66f75ca6c63db2214194b1cc,1,acuity_L8_block1,acuity,L8,1,35,35.0,0.602059991,2.0,0.7,2.3,0.01,0.111111111,0.01,-0.424135178,0.050300731
66f75ca6c63db2214194b1cc,1,rsvp_foveal_block1,rsvp,foveal,1,72,72.0,0.301029996,2.0,0.7,2.3,0.01,0.038461538,0.01,-1.523591167,0.031229838
65c50a5d05b32d6f18aef101,1,crowding_R8_block1,crowding,R8,1,35,35.0,0.301029996,2.0,0.7,2.3,0.01,0.111111111,0.01,1.229011392,0.706582801
65c50a5d05b32d6f18aef101,1,crowding_L8_block1,crowding,L8,1,35,35.0,0.301029996,2.0,0.7,2.3,0.01,0.111111111,0.01,0.547021021,0.491855874
65c50a5d05b32d6f18aef101,1,crowding_R8_block2,crowding,R8,2,35,35.0,0.301029996,2.0,0.7,2.3,0.01,0.111111111,0.01,1.412472404,0.674874396
65c50a5d05b32d6f18aef101,1,crowding_L8_block2,crowding,L8,2,35,35.0,0.301029996,2.0,0.7,2.3,0.01,0.111111111,0.01,0.403608199,0.320724088
65c50a5d05b32d6f18aef101,1,acuity_R8_block1,acuity,R8,1,35,35.0,0.602059991,2.0,0.7,2.3,0.01,0.111111111,0.01,-0.605643888,0.048794518
65c50a5d05b32d6f18aef101,1,acuity_L8_block1,acuity,L8,1,35,35.0,0.602059991,2.0,0.7,2.3,0.01,0.111111111,0.01,-0.594698852,0.049008
65c50a5d05b32d6f18aef101,1,rsvp_foveal_block1,rsvp,foveal,1,72,72.0,0.301029996,2.0,0.7,2.3,0.01,0.038461538,0.01,-1.273603312,0.031404305
675de3bd64119cef93edfc75,1,crowding_R8_block1,crowding,R8,1,35,35.0,0.301029996,2.0,0.7,2.3,0.01,0.111111111,0.01,0.381823713,0.078915295
675de3bd64119cef93edfc75,1,crowding_L8_block1,crowding,L8,1,35,35.0,0.301029996,2.0,0.7,2.3,0.01,0.111111111,0.01,0.900767328,0.069889391
675de3bd64119cef93edfc75,1,crowding_R8_block2,crowding,R8,2,35,35.0,0.301029996,2.0,0.7,2.3,0.01,0.111111111,0.01,0.477968682,0.048535684
675de3bd64119cef93edfc75,1,crowding_L8_block2,crowding,L8,2,35,35.0,0.301029996,2.0,0.7,2.3,0.01,0.111111111,0.01,0.748891385,0.054244173
675de3bd64119cef93edfc75,1,acuity_R8_block1,acuity,R8,1,35,35.0,0.602059991,2.0,0.7,2.3,0.01,0.111111111,0.01,-0.535058015,0.050723406
675de3bd64119cef93edfc75,1,acuity_L8_block1,acuity,L8,1,35,35.0,0.602059991,2.0,0.7,2.3,0.01,0.111111111,0.01,-0.583991558,0.049794025
675de3bd64119cef93edfc75,1,rsvp_foveal_block1,rsvp,foveal,1,72,72.0,0.301029996,2.0,0.7,2.3,0.01,0.038461538,0.01,-1.329937683,0.031549804
6665fdcffb9c8e828cd159cd,1,crowding_R8_block1,crowding,R8,1,35,35.0,0.301029996,2.0,0.7,2.3,0.01,0.111111111,0.01,0.638660924,0.053414235
6665fdcffb9c8e828cd159cd,1,crowding_L8_block1,crowding,L8,1,35,35.0,0.301029996,2.0,0.7,2.3,0.01,0.111111111,0.01,0.626154773,0.04795422
6665fdcffb9c8e828cd159cd,1,crowding_R8_block2,crowding,R8,2,35,35.0,0.301029996,2.0,0.7,2.3,0.01,0.111111111,0.01,0.604639082,0.048430166
6665fdcffb9c8e828cd159cd,1,crowding_L8_block2,crowding,L8,2,35,35.0,0.301029996,2.0,0.7,2.3,0.01,0.111111111,0.01,0.692164699,0.048695803
6665fdcffb9c8e828cd159cd,1,acuity_R8_block1,acuity,R8,1,35,35.0,0.602059991,2.0,0.7,2.3,0.01,0.111111111,0.01,-0.633538279,0.053759979
6665fdcffb9c8e828cd159cd,1,acuity_L8_block1,acuity,L8,1,35,35.0,0.602059991,2.0,0.7,2.3,0.01,0.111111111,0.01,-0.573307207,0.049749947
6665fdcffb9c8e828cd159cd,1,rsvp_foveal_block1,rsvp,foveal,1,72,72.0,0.301029996,2.0,0.7,2.3,0.01,0.038461538,0.01,-1.230947188,0.031323562
672bb1963a3e366539886bfc,1,crowding_R8_block1,crowding,R8,1,32,32.0,0.301029996,2.0,0.7,2.3,0.01,0.111111111,0.01,0.200221729,0.052099535
672bb1963a3e366539886bfc,1,crowding_L8_block1,crowding,L8,1,34,34.0,0.301029996,2.0,0.7,2.3,0.01,0.111111111,0.01,0.297218315,0.064787019
672bb1963a3e366539886bfc,1,crowding_R8_block2,crowding,R8,2,35,35.0,0.301029996,2.0,0.7,2.3,0.01,0.111111111,0.01,0.209323389,0.047334169
672bb1963a3e366539886bfc,1,crowding_L8_block2,crowding,L8,2,34,34.0,0.301029996,2.0,0.7,2.3,0.01,0.111111111,0.01,0.07908884,0.056890059
672bb1963a3e366539886bfc,1,acuity_R8_block1,acuity,R8,1,13,13.0,0.602059991,2.0,0.7,2.3,0.01,0.111111111,0.01,-0.356771349,0.093780959
672bb1963a3e366539886bfc,1,acuity_L8_block1,acuity,L8,1,10,10.0,0.602059991,2.0,0.7,2.3,0.01,0.111111111,0.01,-0.456229234,0.11946223
672bb1963a3e366539886bfc,1,rsvp_foveal_block1,rsvp,foveal,1,72,72.0,0.301029996,2.0,0.7,2.3,0.01,0.038461538,0.01,-1.775218724,0.132754186
67439be8ee2236a7c078d523,1,crowding_R8_block1,crowding,R8,1,35,35.0,0.301029996,2.0,0.7,2.3,0.01,0.111111111,0.01,0.044040933,0.052050299
67439be8ee2236a7c078d523,1,crowding_L8_block1,crowding,L8,1,35,35.0,0.301029996,2.0,0.7,2.3,0.01,0.111111111,0.01,0.728888066,0.071036734
67439be8ee2236a7c078d523,1,crowding_R8_block2,crowding,R8,2,35,35.0,0.301029996,2.0,0.7,2.3,0.01,0.111111111,0.01,0.154685618,0.0482739
67439be8ee2236a7c078d523,1,crowding_L8_block2,crowding,L8,2,35,35.0,0.301029996,2.0,0.7,2.3,0.01,0.111111111,0.01,0.514561897,0.057559623
67439be8ee2236a7c078d523,1,acuity_R8_block1,acuity,R8,1,35,35.0,0.602059991,2.0,0.7,2.3,0.01,0.111111111,0.01,-0.531301991,0.048967572
67439be8ee2236a7c078d523,1,acuity_L8_block1,acuity,L8,1,35,35.0,0.602059991,2.0,0.7,2.3,0.01,0.111111111,0.01,-0.43295803,0.050619332
67439be8ee2236a7c078d523,1,rsvp_foveal_block1,rsvp,foveal,1,72,72.0,0.301029996,2.0,0.7,2.3,0.01,0.038461538,0.01,-1.602691073,0.031596813
65031d5ca9f619d9e0412f0a,1,crowding_R8_block1,crowding,R8,1,18,18.0,0.301029996,2.0,0.7,2.3,0.01,0.111111111,0.01,0.504455279,0.092953653
65031d5ca9f619d9e0412f0a,1,crowding_L8_block1,crowding,L8,1,20,20.0,0.301029996,2.0,0.7,2.3,0.01,0.111111111,0.01,0.449447006,0.069331212
65031d5ca9f619d9e0412f0a,1,crowding_R8_block2,crowding,R8,2,4,4.0,0.301029996,2.0,0.7,2.3,0.01,0.111111111,0.01,0.393461703,0.456595079
65031d5ca9f619d9e0412f0a,1,crowding_L8_block2,crowding,L8,2,5,5.0,0.301029996,2.0,0.7,2.3,0.01,0.111111111,0.01,0.447416396,0.495320542
65031d5ca9f619d9e0412f0a,1,acuity_R8_block1,acuity,R8,1,20,20.0,0.602059991,2.0,0.7,2.3,0.01,0.111111111,0.01,-0.396094605,0.071246126
65031d5ca9f619d9e0412f0a,1,acuity_L8_block1,acuity,L8,1,26,26.0,0.602059991,2.0,0.7,2.3,0.01,0.111111111,0.01,-0.410377085,0.068307827
65031d5ca9f619d9e0412f0a,1,rsvp_foveal_block1,rsvp,foveal,1,72,72.0,0.301029996,2.0,0.7,2.3,0.01,0.038461538,0.01,-1.775218724,0.132754186
632c673f8b99c86ac2fba537,1,crowding_R8_block1,crowding,R8,1,34,34.0,0.301029996,2.0,0.7,2.3,0.01,0.111111111,0.01,0.675516691,0.074083374
632c673f8b99c86ac2fba537,1,crowding_L8_block1,crowding,L8,1,34,34.0,0.301029996,2.0,0.7,2.3,0.01,0.111111111,0.01,0.607832921,0.051943834
632c673f8b99c86ac2fba537,1,crowding_R8_block2,crowding,R8,2,35,35.0,0.301029996,2.0,0.7,2.3,0.01,0.111111111,0.01,0.336226279,0.053891978
632c673f8b99c86ac2fba537,1,crowding_L8_block2,crowding,L8,2,35,35.0,0.301029996,2.0,0.7,2.3,0.01,0.111111111,0.01,0.71111167,0.048806663
632c673f8b99c86ac2fba537,1,acuity_R8_block1,acuity,R8,1,35,35.0,0.602059991,2.0,0.7,2.3,0.01,0.111111111,0.01,-0.554679763,0.050864227
632c673f8b99c86ac2fba537,1,acuity_L8_block1,acuity,L8,1,35,35.0,0.602059991,2.0,0.7,2.3,0.01,0.111111111,0.01,-0.40858883,0.050068325
632c673f8b99c86ac2fba537,1,rsvp_foveal_block1,rsvp,foveal,1,72,72.0,0.301029996,2.0,0.7,2.3,0.01,0.038461538,0.01,-1.151815175,0.033064939
66708c3d9418ec5491c5483e,1,crowding_R8_block1,crowding,R8,1,35,35.0,0.301029996,2.0,0.7,2.3,0.01,0.111111111,0.01,-0.00211722,0.051774031
66708c3d9418ec5491c5483e,1,crowding_L8_block1,crowding,L8,1,35,35.0,0.301029996,2.0,0.7,2.3,0.01,0.111111111,0.01,0.32519923,0.191622018
66708c3d9418ec5491c5483e,1,crowding_R8_block2,crowding,R8,2,35,35.0,0.301029996,2.0,0.7,2.3,0.01,0.111111111,0.01,-0.071381687,0.053120423
66708c3d9418ec5491c5483e,1,crowding_L8_block2,crowding,L8,2,35,35.0,0.301029996,2.0,0.7,2.3,0.01,0.111111111,0.01,0.057450503,0.053378876
66708c3d9418ec5491c5483e,1,acuity_R8_block1,acuity,R8,1,35,35.0,0.602059991,2.0,0.7,2.3,0.01,0.111111111,0.01,-0.477123671,0.048737334
66708c3d9418ec5491c5483e,1,acuity_L8_block1,acuity,L8,1,35,35.0,0.602059991,2.0,0.7,2.3,0.01,0.111111111,0.01,-0.431850379,0.04970415
66708c3d9418ec5491c5483e,1,rsvp_foveal_block1,rsvp,foveal,1,72,72.0,0.301029996,2.0,0.7,2.3,0.01,0.038461538,0.01,-1.110937051,0.031520678
6771a01f1265f76e247ec6ab,1,crowding_R8_block1,crowding,R8,1,35,35.0,0.301029996,2.0,0.7,2.3,0.01,0.111111111,0.01,0.530376434,0.049361214
6771a01f1265f76e247ec6ab,1,crowding_L8_block1,crowding,L8,1,35,35.0,0.301029996,2.0,0.7,2.3,0.01,0.111111111,0.01,0.588584551,0.04974436
6771a01f1265f76e247ec6ab,1,crowding_R8_block2,crowding,R8,2,35,35.0,0.301029996,2.0,0.7,2.3,0.01,0.111111111,0.01,0.610376111,0.052928049
6771a01f1265f76e247ec6ab,1,crowding_L8_block2,crowding,L8,2,35,35.0,0.301029996,2.0,0.7,2.3,0.01,0.111111111,0.01,0.617323429,0.067158895
6771a01f1265f76e247ec6ab,1,acuity_R8_block1,acuity,R8,1,35,35.0,0.602059991,2.0,0.7,2.3,0.01,0.111111111,0.01,-0.575442474,0.049170623
6771a01f1265f76e247ec6ab,1,acuity_L8_block1,acuity,L8,1,35,35.0,0.602059991,2.0,0.7,2.3,0.01,0.111111111,0.01,-0.511904987,0.052390599
6771a01f1265f76e247ec6ab,1,rsvp_foveal_block1,rsvp,foveal,1,72,72.0,0.301029996,2.0,0.7,2.3,0.01,0.038461538,0.01,-1.509186411,0.03138108
63b2d04ed0f53f75de4ba38e,1,crowding_R8_block1,crowding,R8,1,35,35.0,0.301029996,2.0,0.7,2.3,0.01,0.111111111,0.01,0.614127393,0.050491477
63b2d04ed0f53f75de4ba38e,1,crowding_L8_block1,crowding,L8,1,34,34.0,0.301029996,2.0,0.7,2.3,0.01,0.111111111,0.01,0.659883498,0.048619451
63b2d04ed0f53f75de4ba38e,1,crowding_R8_block2,crowding,R8,2,35,35.0,0.301029996,2.0,0.7,2.3,0.01,0.111111111,0.01,0.130716276,0.052428246
63b2d04ed0f53f75de4ba38e,1,crowding_L8_block2,crowding,L8,2,34,34.0,0.301029996,2.0,0.7,2.3,0.01,0.111111111,0.01,0.312720891,0.055582888
63b2d04ed0f53f75de4ba38e,1,acuity_R8_block1,acuity,R8,1,35,35.0,0.602059991,2.0,0.7,2.3,0.01,0.111111111,0.01,-0.447957902,0.050810063
63b2d04ed0f53f75de4ba38e,1,acuity_L8_block1,acuity,L8,1,35,35.0,0.602059991,2.0,0.7,2.3,0.01,0.111111111,0.01,-0.38310662,0.049563717
63b2d04ed0f53f75de4ba38e,1,rsvp_foveal_block1,rsvp,foveal,1,72,72.0,0.301029996,2.0,0.7,2.3,0.01,0.038461538,0.01,-1.280736672,0.031277626
63a9a8f2f098b7e45bd03721,1,crowding_R8_block1,crowding,R8,1,35,35.0,0.301029996,2.0,0.7,2.3,0.01,0.111111111,0.01,0.329446889,0.049315091
63a9a8f2f098b7e45bd03721,1,crowding_L8_block1,crowding,L8,1,35,35.0,0.301029996,2.0,0.7,2.3,0.01,0.111111111,0.01,0.676147016,0.048171209
63a9a8f2f098b7e45bd03721,1,crowding_R8_block2,crowding,R8,2,35,35.0,0.301029996,2.0,0.7,2.3,0.01,0.111111111,0.01,0.618222688,0.050479613
63a9a8f2f098b7e45bd03721,1,crowding_L8_block2,crowding,L8,2,35,35.0,0.301029996,2.0,0.7,2.3,0.01,0.111111111,0.01,0.641866224,0.048842341
63a9a8f2f098b7e45bd03721,1,acuity_R8_block1,acuity,R8,1,35,35.0,0.602059991,2.0,0.7,2.3,0.01,0.111111111,0.01,-0.502394272,0.048890528
63a9a8f2f098b7e45bd03721,1,acuity_L8_block1,acuity,L8,1,35,35.0,0.602059991,2.0,0.7,2.3,0.01,0.111111111,0.01,-0.523576355,0.049065141
63a9a8f2f098b7e45bd03721,1,rsvp_foveal_block1,rsvp,foveal,1,72,72.0,0.301029996,2.0,0.7,2.3,0.01,0.038461538,0.01,-1.642736089,0.036710433
5de3c83c2033793be6591e53,1,crowding_R8_block1,crowding,R8,1,35,35.0,0.301029996,2.0,0.7,2.3,0.01,0.111111111,0.01,-0.013279532,0.048735167
5de3c83c2033793be6591e53,1,crowding_L8_block1,crowding,L8,1,35,35.0,0.301029996,2.0,0.7,2.3,0.01,0.111111111,0.01,0.390038793,0.048582113
5de3c83c2033793be6591e53,1,crowding_R8_block2,crowding,R8,2,35,35.0,0.301029996,2.0,0.7,2.3,0.01,0.111111111,0.01,0.193643647,0.068205177
5de3c83c2033793be6591e53,1,crowding_L8_block2,crowding,L8,2,35,35.0,0.301029996,2.0,0.7,2.3,0.01,0.111111111,0.01,0.173265565,0.062684929
5de3c83c2033793be6591e53,1,acuity_R8_block1,acuity,R8,1,35,35.0,0.602059991,2.0,0.7,2.3,0.01,0.111111111,0.01,-0.525944933,0.049323571
5de3c83c2033793be6591e53,1,acuity_L8_block1,acuity,L8,1,35,35.0,0.602059991,2.0,0.7,2.3,0.01,0.111111111,0.01,-0.560201244,0.047912631
5de3c83c2033793be6591e53,1,rsvp_foveal_block1,rsvp,foveal,1,72,72.0,0.301029996,2.0,0.7,2.3,0.01,0.038461538,0.01,-0.893023431,0.041870461
67657279b0bce380fa33721e,1,crowding_R8_block1,crowding,R8,1,35,35.0,0.301029996,2.0,0.7,2.3,0.01,0.111111111,0.01,0.408247046,0.054622085
67657279b0bce380fa33721e,1,crowding_L8_block1,crowding,L8,1,35,35.0,0.301029996,2.0,0.7,2.3,0.01,0.111111111,0.01,0.633469651,0.051199112
67657279b0bce380fa33721e,1,crowding_R8_block2,crowding,R8,2,35,35.0,0.301029996,2.0,0.7,2.3,0.01,0.111111111,0.01,0.223808312,0.055527421
67657279b0bce380fa33721e,1,crowding_L8_block2,crowding,L8,2,35,35.0,0.301029996,2.0,0.7,2.3,0.01,0.111111111,0.01,0.44144286,0.049495026
67657279b0bce380fa33721e,1,acuity_R8_block1,acuity,R8,1,35,35.0,0.602059991,2.0,0.7,2.3,0.01,0.111111111,0.01,-0.565339742,0.049312712
67657279b0bce380fa33721e,1,acuity_L8_block1,acuity,L8,1,35,35.0,0.602059991,2.0,0.7,2.3,0.01,0.111111111,0.01,-0.431750882,0.048948379
67657279b0bce380fa33721e,1,rsvp_foveal_block1,rsvp,foveal,1,72,72.0,0.301029996,2.0,0.7,2.3,0.01,0.038461538,0.01,-1.348323065,0.03100715
672628f1dd186b536530f278,1,crowding_R8_block1,crowding,R8,1,36,36.0,0.301029996,2.0,0.7,2.3,0.01,0.111111111,0.01,0.565702403,0.045590447
672628f1dd186b536530f278,1,crowding_L8_block1,crowding,L8,1,35,35.0,0.301029996,2.0,0.7,2.3,0.01,0.111111111,0.01,0.722812974,0.050836306
672628f1dd186b536530f278,1,crowding_R8_block2,crowding,R8,2,35,35.0,0.301029996,2.0,0.7,2.3,0.01,0.111111111,0.01,0.557757579,0.046282166
672628f1dd186b536530f278,1,crowding_L8_block2,crowding,L8,2,35,35.0,0.301029996,2.0,0.7,2.3,0.01,0.111111111,0.01,0.6536139,0.046208569
672628f1dd186b536530f278,1,acuity_R8_block1,acuity,R8,1,35,35.0,0.602059991,2.0,0.7,2.3,0.01,0.111111111,0.01,-0.534505149,0.052199048
672628f1dd186b536530f278,1,acuity_L8_block1,acuity,L8,1,35,35.0,0.602059991,2.0,0.7,2.3,0.01,0.111111111,0.01,-0.526149473,0.049584634
672628f1dd186b536530f278,1,rsvp_foveal_block1,rsvp,foveal,1,72,72.0,0.301029996,2.0,0.7,2.3,0.01,0.038461538,0.01,0.381703055,0.029747347
67769375527d252db09e7d60,1,crowding_R8_block1,crowding,R8,1,35,35.0,0.301029996,2.0,0.7,2.3,0.01,0.111111111,0.01,0.434214511,0.052331864
67769375527d252db09e7d60,1,crowding_L8_block1,crowding,L8,1,35,35.0,0.301029996,2.0,0.7,2.3,0.01,0.111111111,0.01,0.533587689,0.047768071
67769375527d252db09e7d60,1,crowding_R8_block2,crowding,R8,2,35,35.0,0.301029996,2.0,0.7,2.3,0.01,0.111111111,0.01,0.435979848,0.050048052
67769375527d252db09e7d60,1,crowding_L8_block2,crowding,L8,2,35,35.0,0.301029996,2.0,0.7,2.3,0.01,0.111111111,0.01,0.506024627,0.049344385
67769375527d252db09e7d60,1,acuity_R8_block1,acuity,R8,1,35,35.0,0.602059991,2.0,0.7,2.3,0.01,0.111111111,0.01,-0.471063814,0.049015251
67769375527d252db09e7d60,1,acuity_L8_block1,acuity,L8,1,35,35.0,0.602059991,2.0,0.7,2.3,0.01,0.111111111,0.01,-0.589064075,0.050237713
67769375527d252db09e7d60,1,rsvp_foveal_block1,rsvp,foveal,1,72,72.0,0.301029996,2.0,0.7,2.3,0.01,0.038461538,0.01,-1.340707211,0.031032719
5e7bc6522b3c381f6e3c1b3f,1,crowding_R8_block1,crowding,R8,1,35,35.0,0.301029996,2.0,0.7,2.3,0.01,0.111111111,0.01,0.216477699,0.048700935
5e7bc6522b3c381f6e3c1b3f,1,crowding_L8_block1,crowding,L8,1,35,35.0,0.301029996,2.0,0.7,2.3,0.01,0.111111111,0.01,0.539739305,0.047452214
5e7bc6522b3c381f6e3c1b3f,1,crowding_R8_block2,crowding,R8,2,35,35.0,0.301029996,2.0,0.7,2.3,0.01,0.111111111,0.01,0.386781504,0.054142822
5e7bc6522b3c381f6e3c1b3f,1,crowding_L8_block2,crowding,L8,2,35,35.0,0.301029996,2.0,0.7,2.3,0.01,0.111111111,0.01,0.474084455,0.047635949
5e7bc6522b3c381f6e3c1b3f,1,acuity_R8_block1,acuity,R8,1,33,33.0,0.602059991,2.0,0.7,2.3,0.01,0.111111111,0.01,-0.550020757,0.050792987
5e7bc6522b3c381f6e3c1b3f,1,acuity_L8_block1,acuity,L8,1,32,32.0,0.602059991,2.0,0.7,2.3,0.01,0.111111111,0.01,-0.40620475,0.051426619
5e7bc6522b3c381f6e3c1b3f,1,rsvp_foveal_block1,rsvp,foveal,1,72,72.0,0.301029996,2.0,0.7,2.3,0.01,0.038461538,0.01,-1.543907662,0.030992045
5cad1eef8ed53d00180d2532,1,crowding_R8_block1,crowding,R8,1,35,35.0,0.301029996,2.0,0.7,2.3,0.01,0.111111111,0.01,0.057993965,0.053389188
5cad1eef8ed53d00180d2532,1,crowding_L8_block1,crowding,L8,1,35,35.0,0.301029996,2.0,0.7,2.3,0.01,0.111111111,0.01,0.700501699,0.055765206
5cad1eef8ed53d00180d2532,1,crowding_R8_block2,crowding,R8,2,35,35.0,0.301029996,2.0,0.7,2.3,0.01,0.111111111,0.01,0.342772156,0.048374249
5cad1eef8ed53d00180d2532,1,crowding_L8_block2,crowding,L8,2,35,35.0,0.301029996,2.0,0.7,2.3,0.01,0.111111111,0.01,0.543861888,0.049566621
5cad1eef8ed53d00180d2532,1,acuity_R8_block1,acuity,R8,1,35,35.0,0.602059991,2.0,0.7,2.3,0.01,0.111111111,0.01,-0.463320305,0.049418031
5cad1eef8ed53d00180d2532,1,acuity_L8_block1,acuity,L8,1,35,35.0,0.602059991,2.0,0.7,2.3,0.01,0.111111111,0.01,-0.502273974,0.049369761
5cad1eef8ed53d00180d2532,1,rsvp_foveal_block1,rsvp,foveal,1,72,72.0,0.301029996,2.0,0.7,2.3,0.01,0.038461538,0.01,-1.639223284,0.033705165
661415341b1fdb1844c6f6a6,1,crowding_R8_block1,crowding,R8,1,35,35.0,0.301029996,2.0,0.7,2.3,0.01,0.111111111,0.01,0.677253372,0.047862178
661415341b1fdb1844c6f6a6,1,crowding_L8_block1,crowding,L8,1,35,35.0,0.301029996,2.0,0.7,2.3,0.01,0.111111111,0.01,0.517931503,0.052555646
661415341b1fdb1844c6f6a6,1,crowding_R8_block2,crowding,R8,2,35,35.0,0.301029996,2.0,0.7,2.3,0.01,0.111111111,0.01,0.750815707,0.053770582
661415341b1fdb1844c6f6a6,1,crowding_L8_block2,crowding,L8,2,35,35.0,0.301029996,2.0,0.7,2.3,0.01,0.111111111,0.01,0.227736541,0.050238211
661415341b1fdb1844c6f6a6,1,acuity_R8_block1,acuity,R8,1,35,35.0,0.602059991,2.0,0.7,2.3,0.01,0.111111111,0.01,-0.370942694,0.047981484
661415341b1fdb1844c6f6a6,1,acuity_L8_block1,acuity,L8,1,35,35.0,0.602059991,2.0,0.7,2.3,0.01,0.111111111,0.01,-0.429247441,0.05016801
661415341b1fdb1844c6f6a6,1,rsvp_foveal_block1,rsvp,foveal,1,72,72.0,0.301029996,2.0,0.7,2.3,0.01,0.038461538,0.01,-0.800075759,0.031036504
60693e637bc58fc13d57b1a7,1,crowding_R8_block1,crowding,R8,1,35,35.0,0.301029996,2.0,0.7,2.3,0.01,0.111111111,0.01,0.070079829,0.055370093
60693e637bc58fc13d57b1a7,1,crowding_L8_block1,crowding,L8,1,35,35.0,0.301029996,2.0,0.7,2.3,0.01,0.111111111,0.01,0.594159777,0.049454902
60693e637bc58fc13d57b1a7,1,crowding_R8_block2,crowding,R8,2,35,35.0,0.301029996,2.0,0.7,2.3,0.01,0.111111111,0.01,0.138825807,0.053137654
60693e637bc58fc13d57b1a7,1,crowding_L8_block2,crowding,L8,2,35,35.0,0.301029996,2.0,0.7,2.3,0.01,0.111111111,0.01,0.208636018,0.051366518
60693e637bc58fc13d57b1a7,1,acuity_R8_block1,acuity,R8,1,35,35.0,0.602059991,2.0,0.7,2.3,0.01,0.111111111,0.01,-0.58452787,0.049502728
60693e637bc58fc13d57b1a7,1,acuity_L8_block1,acuity,L8,1,35,35.0,0.602059991,2.0,0.7,2.3,0.01,0.111111111,0.01,-0.546964833,0.048790151
60693e637bc58fc13d57b1a7,1,rsvp_foveal_block1,rsvp,foveal,1,72,72.0,0.301029996,2.0,0.7,2.3,0.01,0.038461538,0.01,-1.372993915,0.031016973
67700724f07c694ad429287a,2,crowding_R8_block3,crowding,R8,3,35,35.0,0.301029996,2.0,0.7,2.3,0.01,0.111111111,0.01,0.436368847,0.048515595
67700724f07c694ad429287a,2,crowding_L8_block3,crowding,L8,3,35,35.0,0.301029996,2.0,0.7,2.3,0.01,0.111111111,0.01,0.625669048,0.047468751
67700724f07c694ad429287a,2,crowding_R8_block4,crowding,R8,4,34,34.0,0.301029996,2.0,0.7,2.3,0.01,0.111111111,0.01,0.294334157,0.051043864
67700724f07c694ad429287a,2,crowding_L8_block4,crowding,L8,4,33,33.0,0.301029996,2.0,0.7,2.3,0.01,0.111111111,0.01,0.673009683,0.0529803
67700724f07c694ad429287a,2,acuity_R8_block2,acuity,R8,2,35,35.0,0.602059991,2.0,0.7,2.3,0.01,0.111111111,0.01,-0.517244994,0.053256088
67700724f07c694ad429287a,2,acuity_L8_block2,acuity,L8,2,35,35.0,0.602059991,2.0,0.7,2.3,0.01,0.111111111,0.01,-0.58615162,0.048796858
67700724f07c694ad429287a,2,rsvp_foveal_block2,rsvp,foveal,2,72,72.0,0.301029996,2.0,0.7,2.3,0.01,0.038461538,0.01,-1.602691073,0.031596813
63b2d04ed0f53f75de4ba38e,2,crowding_R8_block3,crowding,R8,3,34,34.0,0.301029996,2.0,0.7,2.3,0.01,0.111111111,0.01,0.332676569,0.056043553
63b2d04ed0f53f75de4ba38e,2,crowding_L8_block3,crowding,L8,3,34,34.0,0.301029996,2.0,0.7,2.3,0.01,0.111111111,0.01,0.871885654,0.047506152
63b2d04ed0f53f75de4ba38e,2,crowding_R8_block4,crowding,R8,4,33,33.0,0.301029996,2.0,0.7,2.3,0.01,0.111111111,0.01,0.349101824,0.053225758
63b2d04ed0f53f75de4ba38e,2,crowding_L8_block4,crowding,L8,4,34,34.0,0.301029996,2.0,0.7,2.3,0.01,0.111111111,0.01,0.68133,0.048632228
63b2d04ed0f53f75de4ba38e,2,acuity_R8_block2,acuity,R8,2,35,35.0,0.602059991,2.0,0.7,2.3,0.01,0.111111111,0.01,-0.466382716,0.07333351
63b2d04ed0f53f75de4ba38e,2,acuity_L8_block2,acuity,L8,2,35,35.0,0.602059991,2.0,0.7,2.3,0.01,0.111111111,0.01,-0.537234572,0.065949855
63b2d04ed0f53f75de4ba38e,2,rsvp_foveal_block2,rsvp,foveal,2,72,72.0,0.301029996,2.0,0.7,2.3,0.01,0.038461538,0.01,-1.19788536,0.033477638
664921b8a4c8fcf533571f7a,2,crowding_R8_block3,crowding,R8,3,35,35.0,0.301029996,2.0,0.7,2.3,0.01,0.111111111,0.01,-0.244299856,0.049512375
664921b8a4c8fcf533571f7a,2,crowding_L8_block3,crowding,L8,3,35,35.0,0.301029996,2.0,0.7,2.3,0.01,0.111111111,0.01,0.083097485,0.047888544
664921b8a4c8fcf533571f7a,2,crowding_R8_block4,crowding,R8,4,35,35.0,0.301029996,2.0,0.7,2.3,0.01,0.111111111,0.01,-0.190120507,0.048519567
664921b8a4c8fcf533571f7a,2,crowding_L8_block4,crowding,L8,4,35,35.0,0.301029996,2.0,0.7,2.3,0.01,0.111111111,0.01,-0.255586437,0.061683987
664921b8a4c8fcf533571f7a,2,acuity_R8_block2,acuity,R8,2,35,35.0,0.602059991,2.0,0.7,2.3,0.01,0.111111111,0.01,-0.598402894,0.050658655
664921b8a4c8fcf533571f7a,2,acuity_L8_block2,acuity,L8,2,35,35.0,0.602059991,2.0,0.7,2.3,0.01,0.111111111,0.01,-0.585219545,0.048702026
664921b8a4c8fcf533571f7a,2,rsvp_foveal_block2,rsvp,foveal,2,72,72.0,0.301029996,2.0,0.7,2.3,0.01,0.038461538,0.01,-1.705496565,0.080142403
5ea619579a497562c9c5b34d,2,crowding_R8_block3,crowding,R8,3,35,35.0,0.301029996,2.0,0.7,2.3,0.01,0.111111111,0.01,0.655988911,0.047379872
5ea619579a497562c9c5b34d,2,crowding_L8_block3,crowding,L8,3,35,35.0,0.301029996,2.0,0.7,2.3,0.01,0.111111111,0.01,0.184630615,0.049511444
5ea619579a497562c9c5b34d,2,crowding_R8_block4,crowding,R8,4,35,35.0,0.301029996,2.0,0.7,2.3,0.01,0.111111111,0.01,0.615511945,0.047546571
5ea619579a497562c9c5b34d,2,crowding_L8_block4,crowding,L8,4,35,35.0,0.301029996,2.0,0.7,2.3,0.01,0.111111111,0.01,0.19267682,0.060761583
5ea619579a497562c9c5b34d,2,acuity_R8_block2,acuity,R8,2,35,35.0,0.602059991,2.0,0.7,2.3,0.01,0.111111111,0.01,-0.483910896,0.047893177
5ea619579a497562c9c5b34d,2,acuity_L8_block2,acuity,L8,2,35,35.0,0.602059991,2.0,0.7,2.3,0.01,0.111111111,0.01,-0.505673156,0.051100642
5ea619579a497562c9c5b34d,2,rsvp_foveal_block2,rsvp,foveal,2,72,72.0,0.301029996,2.0,0.7,2.3,0.01,0.038461538,0.01,-1.364819484,0.031433764
64837ba51422d817b62cc5cc,2,crowding_R8_block3,crowding,R8,3,37,37.0,0.301029996,2.0,0.7,2.3,0.01,0.111111111,0.01,0.4758778,0.047465502
64837ba51422d817b62cc5cc,2,crowding_L8_block3,crowding,L8,3,31,31.0,0.301029996,2.0,0.7,2.3,0.01,0.111111111,0.01,0.665356074,0.060751101
64837ba51422d817b62cc5cc,2,crowding_R8_block4,crowding,R8,4,35,35.0,0.301029996,2.0,0.7,2.3,0.01,0.111111111,0.01,0.303275833,0.048297979
64837ba51422d817b62cc5cc,2,crowding_L8_block4,crowding,L8,4,35,35.0,0.301029996,2.0,0.7,2.3,0.01,0.111111111,0.01,0.784129248,0.048680631
64837ba51422d817b62cc5cc,2,acuity_R8_block2,acuity,R8,2,35,35.0,0.602059991,2.0,0.7,2.3,0.01,0.111111111,0.01,-0.487694308,0.049729013
64837ba51422d817b62cc5cc,2,acuity_L8_block2,acuity,L8,2,35,35.0,0.602059991,2.0,0.7,2.3,0.01,0.111111111,0.01,-0.490936407,0.048355863
64837ba51422d817b62cc5cc,2,rsvp_foveal_block2,rsvp,foveal,2,72,72.0,0.301029996,2.0,0.7,2.3,0.01,0.038461538,0.01,-1.602691073,0.031596813
66a3b486230b71f8d86a5eec,2,crowding_R8_block3,crowding,R8,3,35,35.0,0.301029996,2.0,0.7,2.3,0.01,0.111111111,0.01,0.53507601,0.049796992
66a3b486230b71f8d86a5eec,2,crowding_L8_block3,crowding,L8,3,35,35.0,0.301029996,2.0,0.7,2.3,0.01,0.111111111,0.01,0.390316087,0.050777405
66a3b486230b71f8d86a5eec,2,crowding_R8_block4,crowding,R8,4,35,35.0,0.301029996,2.0,0.7,2.3,0.01,0.111111111,0.01,0.589553899,0.052975538
66a3b486230b71f8d86a5eec,2,crowding_L8_block4,crowding,L8,4,35,35.0,0.301029996,2.0,0.7,2.3,0.01,0.111111111,0.01,0.575790121,0.053489734
66a3b486230b71f8d86a5eec,2,acuity_R8_block2,acuity,R8,2,35,35.0,0.602059991,2.0,0.7,2.3,0.01,0.111111111,0.01,-0.517528388,0.063089884
66a3b486230b71f8d86a5eec,2,acuity_L8_block2,acuity,L8,2,35,35.0,0.602059991,2.0,0.7,2.3,0.01,0.111111111,0.01,-0.488832064,0.050348033
66a3b486230b71f8d86a5eec,2,rsvp_foveal_block2,rsvp,foveal,2,72,72.0,0.301029996,2.0,0.7,2.3,0.01,0.038461538,0.01,-1.103144664,0.031833242
672166c613ae45d2990702b6,2,crowding_R8_block3,crowding,R8,3,32,32.0,0.301029996,2.0,0.7,2.3,0.01,0.111111111,0.01,0.384417512,0.058708852
672166c613ae45d2990702b6,2,crowding_L8_block3,crowding,L8,3,31,31.0,0.301029996,2.0,0.7,2.3,0.01,0.111111111,0.01,0.665331708,0.057989605
672166c613ae45d2990702b6,2,crowding_R8_block4,crowding,R8,4,35,35.0,0.301029996,2.0,0.7,2.3,0.01,0.111111111,0.01,0.433570368,0.049112084
672166c613ae45d2990702b6,2,crowding_L8_block4,crowding,L8,4,35,35.0,0.301029996,2.0,0.7,2.3,0.01,0.111111111,0.01,0.571611094,0.056880825
672166c613ae45d2990702b6,2,acuity_R8_block2,acuity,R8,2,35,35.0,0.602059991,2.0,0.7,2.3,0.01,0.111111111,0.01,-0.335802614,0.050557571
672166c613ae45d2990702b6,2,acuity_L8_block2,acuity,L8,2,35,35.0,0.602059991,2.0,0.7,2.3,0.01,0.111111111,0.01,-0.479946739,0.048403121
672166c613ae45d2990702b6,2,rsvp_foveal_block2,rsvp,foveal,2,72,72.0,0.301029996,2.0,0.7,2.3,0.01,0.038461538,0.01,-1.533457351,0.031080805
66823a439b3e59a13b37a28f,2,crowding_R8_block3,crowding,R8,3,35,35.0,0.301029996,2.0,0.7,2.3,0.01,0.111111111,0.01,0.43272936,0.052448483
66823a439b3e59a13b37a28f,2,crowding_L8_block3,crowding,L8,3,35,35.0,0.301029996,2.0,0.7,2.3,0.01,0.111111111,0.01,0.673088253,0.055761842
66823a439b3e59a13b37a28f,2,crowding_R8_block4,crowding,R8,4,35,35.0,0.301029996,2.0,0.7,2.3,0.01,0.111111111,0.01,0.362131515,0.049894411
66823a439b3e59a13b37a28f,2,crowding_L8_block4,crowding,L8,4,35,35.0,0.301029996,2.0,0.7,2.3,0.01,0.111111111,0.01,0.416271894,0.047584367
66823a439b3e59a13b37a28f,2,acuity_R8_block2,acuity,R8,2,35,35.0,0.602059991,2.0,0.7,2.3,0.01,0.111111111,0.01,-0.52016662,0.047367599
66823a439b3e59a13b37a28f,2,acuity_L8_block2,acuity,L8,2,35,35.0,0.602059991,2.0,0.7,2.3,0.01,0.111111111,0.01,-0.481586502,0.048046283
66823a439b3e59a13b37a28f,2,rsvp_foveal_block2,rsvp,foveal,2,72,72.0,0.301029996,2.0,0.7,2.3,0.01,0.038461538,0.01,-1.446048028,0.034845236
67803b5508f3d995ef13696b,2,crowding_R8_block3,crowding,R8,3,35,35.0,0.301029996,2.0,0.7,2.3,0.01,0.111111111,0.01,0.364612336,0.048686577
67803b5508f3d995ef13696b,2,crowding_L8_block3,crowding,L8,3,35,35.0,0.301029996,2.0,0.7,2.3,0.01,0.111111111,0.01,0.470029306,0.05186964
67803b5508f3d995ef13696b,2,crowding_R8_block4,crowding,R8,4,35,35.0,0.301029996,2.0,0.7,2.3,0.01,0.111111111,0.01,0.068879002,0.05144797
67803b5508f3d995ef13696b,2,crowding_L8_block4,crowding,L8,4,35,35.0,0.301029996,2.0,0.7,2.3,0.01,0.111111111,0.01,0.50538801,0.048485966
67803b5508f3d995ef13696b,2,acuity_R8_block2,acuity,R8,2,35,35.0,0.602059991,2.0,0.7,2.3,0.01,0.111111111,0.01,-0.5695742,0.061404882
67803b5508f3d995ef13696b,2,acuity_L8_block2,acuity,L8,2,35,35.0,0.602059991,2.0,0.7,2.3,0.01,0.111111111,0.01,-0.572171051,0.048943504
67803b5508f3d995ef13696b,2,rsvp_foveal_block2,rsvp,foveal,2,72,72.0,0.301029996,2.0,0.7,2.3,0.01,0.038461538,0.01,-1.293417251,0.033420804
67ccdedfed7594041a89df19,2,crowding_R8_block3,crowding,R8,3,35,35.0,0.301029996,2.0,0.7,2.3,0.01,0.111111111,0.01,0.370637414,0.057903557
67ccdedfed7594041a89df19,2,crowding_L8_block3,crowding,L8,3,35,35.0,0.301029996,2.0,0.7,2.3,0.01,0.111111111,0.01,0.810605058,0.046614729
67ccdedfed7594041a89df19,2,crowding_R8_block4,crowding,R8,4,35,35.0,0.301029996,2.0,0.7,2.3,0.01,0.111111111,0.01,0.531399934,0.051168418
67ccdedfed7594041a89df19,2,crowding_L8_block4,crowding,L8,4,35,35.0,0.301029996,2.0,0.7,2.3,0.01,0.111111111,0.01,0.632082003,0.050194211
67ccdedfed7594041a89df19,2,acuity_R8_block2,acuity,R8,2,35,35.0,0.602059991,2.0,0.7,2.3,0.01,0.111111111,0.01,-0.613941382,0.051708485
67ccdedfed7594041a89df19,2,acuity_L8_block2,acuity,L8,2,35,35.0,0.602059991,2.0,0.7,2.3,0.01,0.111111111,0.01,-0.50434181,0.049182769
67ccdedfed7594041a89df19,2,rsvp_foveal_block2,rsvp,foveal,2,72,72.0,0.301029996,2.0,0.7,2.3,0.01,0.038461538,0.01,-1.036063405,0.031987811
6747f2e7a7bbb1b5cdb7b365,2,crowding_R8_block3,crowding,R8,3,35,35.0,0.301029996,2.0,0.7,2.3,0.01,0.111111111,0.01,0.191862658,0.058562742
6747f2e7a7bbb1b5cdb7b365,2,crowding_L8_block3,crowding,L8,3,35,35.0,0.301029996,2.0,0.7,2.3,0.01,0.111111111,0.01,0.522608382,0.050430916
6747f2e7a7bbb1b5cdb7b365,2,crowding_R8_block4,crowding,R8,4,35,35.0,0.301029996,2.0,0.7,2.3,0.01,0.111111111,0.01,0.363715667,0.047831157
6747f2e7a7bbb1b5cdb7b365,2,crowding_L8_block4,crowding,L8,4,35,35.0,0.301029996,2.0,0.7,2.3,0.01,0.111111111,0.01,0.394086161,0.047553426
6747f2e7a7bbb1b5cdb7b365,2,acuity_R8_block2,acuity,R8,2,35,35.0,0.602059991,2.0,0.7,2.3,0.01,0.111111111,0.01,-0.473845556,0.050281466
6747f2e7a7bbb1b5cdb7b365,2,acuity_L8_block2,acuity,L8,2,35,35.0,0.602059991,2.0,0.7,2.3,0.01,0.111111111,0.01,-0.434483803,0.048521655
6747f2e7a7bbb1b5cdb7b365,2,rsvp_foveal_block2,rsvp,foveal,2,72,72.0,0.301029996,2.0,0.7,2.3,0.01,0.038461538,0.01,-1.211451814,0.073670248
667871d17d7fdf0358f82a28,2,crowding_R8_block3,crowding,R8,3,34,34.0,0.301029996,2.0,0.7,2.3,0.01,0.111111111,0.01,0.082407232,0.054373362
667871d17d7fdf0358f82a28,2,crowding_L8_block3,crowding,L8,3,34,34.0,0.301029996,2.0,0.7,2.3,0.01,0.111111111,0.01,0.595277087,0.049653237
667871d17d7fdf0358f82a28,2,crowding_R8_block4,crowding,R8,4,35,35.0,0.301029996,2.0,0.7,2.3,0.01,0.111111111,0.01,2.039482963,0.403749373
667871d17d7fdf0358f82a28,2,crowding_L8_block4,crowding,L8,4,36,36.0,0.301029996,2.0,0.7,2.3,0.01,0.111111111,0.01,2.138976097,0.368548145
667871d17d7fdf0358f82a28,2,acuity_R8_block2,acuity,R8,2,35,35.0,0.602059991,2.0,0.7,2.3,0.01,0.111111111,0.01,1.325458391,0.051264271
667871d17d7fdf0358f82a28,2,acuity_L8_block2,acuity,L8,2,35,35.0,0.602059991,2.0,0.7,2.3,0.01,0.111111111,0.01,1.387484376,0.05830342
667871d17d7fdf0358f82a28,2,rsvp_foveal_block2,rsvp,foveal,2,72,72.0,0.301029996,2.0,0.7,2.3,0.01,0.038461538,0.01,0.952706987,0.03856864
559ad287fdf99b219a612d22,2,crowding_R8_block3,crowding,R8,3,35,35.0,0.301029996,2.0,0.7,2.3,0.01,0.111111111,0.01,0.638635763,0.051230061
559ad287fdf99b219a612d22,2,crowding_L8_block3,crowding,L8,3,35,35.0,0.301029996,2.0,0.7,2.3,0.01,0.111111111,0.01,1.262072443,0.046114433
559ad287fdf99b219a612d22,2,crowding_R8_block4,crowding,R8,4,35,35.0,0.301029996,2.0,0.7,2.3,0.01,0.111111111,0.01,0.917019364,0.048354255
559ad287fdf99b219a612d22,2,crowding_L8_block4,crowding,L8,4,35,35.0,0.301029996,2.0,0.7,2.3,0.01,0.111111111,0.01,1.164500276,0.053581008
559ad287fdf99b219a612d22,2,acuity_R8_block2,acuity,R8,2,35,35.0,0.602059991,2.0,0.7,2.3,0.01,0.111111111,0.01,-0.505915807,0.049499944
559ad287fdf99b219a612d22,2,acuity_L8_block2,acuity,L8,2,35,35.0,0.602059991,2.0,0.7,2.3,0.01,0.111111111,0.01,-0.455302932,0.049739745
559ad287fdf99b219a612d22,2,rsvp_foveal_block2,rsvp,foveal,2,72,72.0,0.301029996,2.0,0.7,2.3,0.01,0.038461538,0.01,-0.964737608,0.034301576
63af557b3d4f219c3226b7d6,2,crowding_R8_block3,crowding,R8,3,35,35.0,0.301029996,2.0,0.7,2.3,0.01,0.111111111,0.01,0.488044033,0.051980157
63af557b3d4f219c3226b7d6,2,crowding_L8_block3,crowding,L8,3,35,35.0,0.301029996,2.0,0.7,2.3,0.01,0.111111111,0.01,0.549402277,0.049308735
63af557b3d4f219c3226b7d6,2,crowding_R8_block4,crowding,R8,4,35,35.0,0.301029996,2.0,0.7,2.3,0.01,0.111111111,0.01,0.5130088,0.054888614
63af557b3d4f219c3226b7d6,2,crowding_L8_block4,crowding,L8,4,35,35.0,0.301029996,2.0,0.7,2.3,0.01,0.111111111,0.01,0.317679624,0.061833065
63af557b3d4f219c3226b7d6,2,acuity_R8_block2,acuity,R8,2,35,35.0,0.602059991,2.0,0.7,2.3,0.01,0.111111111,0.01,-0.534594816,0.052615755
63af557b3d4f219c3226b7d6,2,acuity_L8_block2,acuity,L8,2,35,35.0,0.602059991,2.0,0.7,2.3,0.01,0.111111111,0.01,-0.532137647,0.049520205
63af557b3d4f219c3226b7d6,2,rsvp_foveal_block2,rsvp,foveal,2,72,72.0,0.301029996,2.0,0.7,2.3,0.01,0.038461538,0.01,-1.654069055,0.036336944
5ea32a0ea7b59a0c92e82ac8,2,crowding_R8_block3,crowding,R8,3,35,35.0,0.301029996,2.0,0.7,2.3,0.01,0.111111111,0.01,0.454052889,0.049545943
5ea32a0ea7b59a0c92e82ac8,2,crowding_L8_block3,crowding,L8,3,35,35.0,0.301029996,2.0,0.7,2.3,0.01,0.111111111,0.01,0.723016531,0.046377614
5ea32a0ea7b59a0c92e82ac8,2,crowding_R8_block4,crowding,R8,4,35,35.0,0.301029996,2.0,0.7,2.3,0.01,0.111111111,0.01,0.469232975,0.050642046
5ea32a0ea7b59a0c92e82ac8,2,crowding_L8_block4,crowding,L8,4,35,35.0,0.301029996,2.0,0.7,2.3,0.01,0.111111111,0.01,0.628626852,0.047690635
5ea32a0ea7b59a0c92e82ac8,2,acuity_R8_block2,acuity,R8,2,35,35.0,0.602059991,2.0,0.7,2.3,0.01,0.111111111,0.01,-0.388613534,0.052565824
5ea32a0ea7b59a0c92e82ac8,2,acuity_L8_block2,acuity,L8,2,35,35.0,0.602059991,2.0,0.7,2.3,0.01,0.111111111,0.01,-0.388901194,0.04983245
5ea32a0ea7b59a0c92e82ac8,2,rsvp_foveal_block2,rsvp,foveal,2,72,72.0,0.301029996,2.0,0.7,2.3,0.01,0.038461538,0.01,-1.286152916,0.031181907
5cad1eef8ed53d00180d2532,2,crowding_R8_block3,crowding,R8,3,35,35.0,0.301029996,2.0,0.7,2.3,0.01,0.111111111,0.01,-0.557079326,0.741276471
5cad1eef8ed53d00180d2532,2,crowding_L8_block3,crowding,L8,3,35,35.0,0.301029996,2.0,0.7,2.3,0.01,0.111111111,0.01,0.566190379,0.050986018
5cad1eef8ed53d00180d2532,2,crowding_R8_block4,crowding,R8,4,35,35.0,0.301029996,2.0,0.7,2.3,0.01,0.111111111,0.01,0.226314514,0.053661801
5cad1eef8ed53d00180d2532,2,crowding_L8_block4,crowding,L8,4,35,35.0,0.301029996,2.0,0.7,2.3,0.01,0.111111111,0.01,0.447488732,0.054686992
5cad1eef8ed53d00180d2532,2,acuity_R8_block2,acuity,R8,2,35,35.0,0.602059991,2.0,0.7,2.3,0.01,0.111111111,0.01,-0.55477545,0.048777399
5cad1eef8ed53d00180d2532,2,acuity_L8_block2,acuity,L8,2,35,35.0,0.602059991,2.0,0.7,2.3,0.01,0.111111111,0.01,-0.464226505,0.049700481
5cad1eef8ed53d00180d2532,2,rsvp_foveal_block2,rsvp,foveal,2,72,72.0,0.301029996,2.0,0.7,2.3,0.01,0.038461538,0.01,-1.975634658,0.129485225
664a4e8fb8a92bf4b389e8fd,2,crowding_R8_block3,crowding,R8,3,35,35.0,0.301029996,2.0,0.7,2.3,0.01,0.111111111,0.01,0.64587719,0.048253041
664a4e8fb8a92bf4b389e8fd,2,crowding_L8_block3,crowding,L8,3,35,35.0,0.301029996,2.0,0.7,2.3,0.01,0.111111111,0.01,0.385805662,0.051071316
664a4e8fb8a92bf4b389e8fd,2,crowding_R8_block4,crowding,R8,4,35,35.0,0.301029996,2.0,0.7,2.3,0.01,0.111111111,0.01,0.613642013,0.049069499
664a4e8fb8a92bf4b389e8fd,2,crowding_L8_block4,crowding,L8,4,35,35.0,0.301029996,2.0,0.7,2.3,0.01,0.111111111,0.01,0.490850036,0.064427767
664a4e8fb8a92bf4b389e8fd,2,acuity_R8_block2,acuity,R8,2,35,35.0,0.602059991,2.0,0.7,2.3,0.01,0.111111111,0.01,-0.685253001,0.047905135
664a4e8fb8a92bf4b389e8fd,2,acuity_L8_block2,acuity,L8,2,35,35.0,0.602059991,2.0,0.7,2.3,0.01,0.111111111,0.01,-0.615886872,0.051519662
664a4e8fb8a92bf4b389e8fd,2,rsvp_foveal_block2,rsvp,foveal,2,72,72.0,0.301029996,2.0,0.7,2.3,0.01,0.038461538,0.01,-1.189425286,0.032098201
66bfd4b46a7e9cec65d88461,2,crowding_R8_block3,crowding,R8,3,35,35.0,0.301029996,2.0,0.7,2.3,0.01,0.111111111,0.01,0.390326161,0.054562239
66bfd4b46a7e9cec65d88461,2,crowding_L8_block3,crowding,L8,3,35,35.0,0.301029996,2.0,0.7,2.3,0.01,0.111111111,0.01,0.420867456,0.048559199
66bfd4b46a7e9cec65d88461,2,crowding_R8_block4,crowding,R8,4,35,35.0,0.301029996,2.0,0.7,2.3,0.01,0.111111111,0.01,0.455707665,0.048564481
66bfd4b46a7e9cec65d88461,2,crowding_L8_block4,crowding,L8,4,35,35.0,0.301029996,2.0,0.7,2.3,0.01,0.111111111,0.01,0.39010173,0.049536083
66bfd4b46a7e9cec65d88461,2,acuity_R8_block2,acuity,R8,2,35,35.0,0.602059991,2.0,0.7,2.3,0.01,0.111111111,0.01,-0.609930141,0.050069033
66bfd4b46a7e9cec65d88461,2,acuity_L8_block2,acuity,L8,2,35,35.0,0.602059991,2.0,0.7,2.3,0.01,0.111111111,0.01,-0.517317343,0.049146767
66bfd4b46a7e9cec65d88461,2,rsvp_foveal_block2,rsvp,foveal,2,72,72.0,0.301029996,2.0,0.7,2.3,0.01,0.038461538,0.01,-1.211017387,0.031483517
66e8f81e357d882730f18be0,2,crowding_R8_block3,crowding,R8,3,35,35.0,0.301029996,2.0,0.7,2.3,0.01,0.111111111,0.01,0.578725131,0.047387064
66e8f81e357d882730f18be0,2,crowding_L8_block3,crowding,L8,3,35,35.0,0.301029996,2.0,0.7,2.3,0.01,0.111111111,0.01,0.560956663,0.051190342
66e8f81e357d882730f18be0,2,crowding_R8_block4,crowding,R8,4,35,35.0,0.301029996,2.0,0.7,2.3,0.01,0.111111111,0.01,0.451344394,0.050508392
66e8f81e357d882730f18be0,2,crowding_L8_block4,crowding,L8,4,35,35.0,0.301029996,2.0,0.7,2.3,0.01,0.111111111,0.01,0.632685453,0.049896318
66e8f81e357d882730f18be0,2,acuity_R8_block2,acuity,R8,2,35,35.0,0.602059991,2.0,0.7,2.3,0.01,0.111111111,0.01,-0.475009241,0.048827704
66e8f81e357d882730f18be0,2,acuity_L8_block2,acuity,L8,2,35,35.0,0.602059991,2.0,0.7,2.3,0.01,0.111111111,0.01,-0.507619718,0.048341164
66e8f81e357d882730f18be0,2,rsvp_foveal_block2,rsvp,foveal,2,72,72.0,0.301029996,2.0,0.7,2.3,0.01,0.038461538,0.01,-1.104580567,0.032353472
60ed501279c68ea1a313d0aa,2,crowding_R8_block3,crowding,R8,3,35,35.0,0.301029996,2.0,0.7,2.3,0.01,0.111111111,0.01,0.291945467,0.048505568
60ed501279c68ea1a313d0aa,2,crowding_L8_block3,crowding,L8,3,35,35.0,0.301029996,2.0,0.7,2.3,0.01,0.111111111,0.01,0.551997557,0.049632191
60ed501279c68ea1a313d0aa,2,crowding_R8_block4,crowding,R8,4,35,35.0,0.301029996,2.0,0.7,2.3,0.01,0.111111111,0.01,0.11563579,0.079897844
60ed501279c68ea1a313d0aa,2,crowding_L8_block4,crowding,L8,4,35,35.0,0.301029996,2.0,0.7,2.3,0.01,0.111111111,0.01,0.676136141,0.04756495
60ed501279c68ea1a313d0aa,2,acuity_R8_block2,acuity,R8,2,35,35.0,0.602059991,2.0,0.7,2.3,0.01,0.111111111,0.01,-0.427953163,0.05280546
60ed501279c68ea1a313d0aa,2,acuity_L8_block2,acuity,L8,2,35,35.0,0.602059991,2.0,0.7,2.3,0.01,0.111111111,0.01,-0.513331288,0.048816987
60ed501279c68ea1a313d0aa,2,rsvp_foveal_block2,rsvp,foveal,2,72,72.0,0.301029996,2.0,0.7,2.3,0.01,0.038461538,0.01,-1.427726896,0.030797507
58cd0bc2a47dbb000171dc8b,2,crowding_R8_block3,crowding,R8,3,35,35.0,0.301029996,2.0,0.7,2.3,0.01,0.111111111,0.01,0.01479642,0.118236637
58cd0bc2a47dbb000171dc8b,2,crowding_L8_block3,crowding,L8,3,35,35.0,0.301029996,2.0,0.7,2.3,0.01,0.111111111,0.01,0.340879348,0.051151943
58cd0bc2a47dbb000171dc8b,2,crowding_R8_block4,crowding,R8,4,36,36.0,0.301029996,2.0,0.7,2.3,0.01,0.111111111,0.01,0.026968684,0.047400413
58cd0bc2a47dbb000171dc8b,2,crowding_L8_block4,crowding,L8,4,35,35.0,0.301029996,2.0,0.7,2.3,0.01,0.111111111,0.01,0.542962219,0.048563753
58cd0bc2a47dbb000171dc8b,2,acuity_R8_block2,acuity,R8,2,35,35.0,0.602059991,2.0,0.7,2.3,0.01,0.111111111,0.01,-0.426929426,0.049154725
58cd0bc2a47dbb000171dc8b,2,acuity_L8_block2,acuity,L8,2,35,35.0,0.602059991,2.0,0.7,2.3,0.01,0.111111111,0.01,-0.347662566,0.054262962
58cd0bc2a47dbb000171dc8b,2,rsvp_foveal_block2,rsvp,foveal,2,72,72.0,0.301029996,2.0,0.7,2.3,0.01,0.038461538,0.01,-1.654069055,0.036336944
67dc489d382612526415e4b1,2,crowding_R8_block3,crowding,R8,3,35,35.0,0.301029996,2.0,0.7,2.3,0.01,0.111111111,0.01,0.021021323,0.063179415
67dc489d382612526415e4b1,2,crowding_L8_block3,crowding,L8,3,35,35.0,0.301029996,2.0,0.7,2.3,0.01,0.111111111,0.01,0.33826234,0.048346891
67dc489d382612526415e4b1,2,crowding_R8_block4,crowding,R8,4,35,35.0,0.301029996,2.0,0.7,2.3,0.01,0.111111111,0.01,0.214264009,0.061931788
67dc489d382612526415e4b1,2,crowding_L8_block4,crowding,L8,4,35,35.0,0.301029996,2.0,0.7,2.3,0.01,0.111111111,0.01,0.39600372,0.051293262
67dc489d382612526415e4b1,2,acuity_R8_block2,acuity,R8,2,35,35.0,0.602059991,2.0,0.7,2.3,0.01,0.111111111,0.01,-0.479285197,0.048912625
67dc489d382612526415e4b1,2,acuity_L8_block2,acuity,L8,2,35,35.0,0.602059991,2.0,0.7,2.3,0.01,0.111111111,0.01,-0.386192967,0.048045816
67dc489d382612526415e4b1,2,rsvp_foveal_block2,rsvp,foveal,2,72,72.0,0.301029996,2.0,0.7,2.3,0.01,0.038461538,0.01,-1.452327105,0.032058471
6526ba5706ea8e4e5cafde48,2,crowding_R8_block3,crowding,R8,3,35,35.0,0.301029996,2.0,0.7,2.3,0.01,0.111111111,0.01,0.490249673,0.0518834
6526ba5706ea8e4e5cafde48,2,crowding_L8_block3,crowding,L8,3,35,35.0,0.301029996,2.0,0.7,2.3,0.01,0.111111111,0.01,0.414556736,0.049322
6526ba5706ea8e4e5cafde48,2,crowding_R8_block4,crowding,R8,4,35,35.0,0.301029996,2.0,0.7,2.3,0.01,0.111111111,0.01,0.367399823,0.048178804
6526ba5706ea8e4e5cafde48,2,crowding_L8_block4,crowding,L8,4,35,35.0,0.301029996,2.0,0.7,2.3,0.01,0.111111111,0.01,0.401723289,0.051747806
6526ba5706ea8e4e5cafde48,2,acuity_R8_block2,acuity,R8,2,35,35.0,0.602059991,2.0,0.7,2.3,0.01,0.111111111,0.01,-0.418805238,0.050966211
6526ba5706ea8e4e5cafde48,2,acuity_L8_block2,acuity,L8,2,35,35.0,0.602059991,2.0,0.7,2.3,0.01,0.111111111,0.01,-0.587111963,0.048295284
6526ba5706ea8e4e5cafde48,2,rsvp_foveal_block2,rsvp,foveal,2,72,72.0,0.301029996,2.0,0.7,2.3,0.01,0.038461538,0.01,-1.487525896,0.031281763
65c50a5d05b32d6f18aef101,2,crowding_R8_block3,crowding,R8,3,35,35.0,0.301029996,2.0,0.7,2.3,0.01,0.111111111,0.01,0.611150162,0.065614416
65c50a5d05b32d6f18aef101,2,crowding_L8_block3,crowding,L8,3,35,35.0,0.301029996,2.0,0.7,2.3,0.01,0.111111111,0.01,0.078528775,0.051142176
65c50a5d05b32d6f18aef101,2,crowding_R8_block4,crowding,R8,4,35,35.0,0.301029996,2.0,0.7,2.3,0.01,0.111111111,0.01,0.477863677,0.047947892
65c50a5d05b32d6f18aef101,2,crowding_L8_block4,crowding,L8,4,35,35.0,0.301029996,2.0,0.7,2.3,0.01,0.111111111,0.01,0.288595066,0.071303364
65c50a5d05b32d6f18aef101,2,acuity_R8_block2,acuity,R8,2,35,35.0,0.602059991,2.0,0.7,2.3,0.01,0.111111111,0.01,-0.623847097,0.048022637
65c50a5d05b32d6f18aef101,2,acuity_L8_block2,acuity,L8,2,35,35.0,0.602059991,2.0,0.7,2.3,0.01,0.111111111,0.01,-0.620142424,0.048779014
65c50a5d05b32d6f18aef101,2,rsvp_foveal_block2,rsvp,foveal,2,72,72.0,0.301029996,2.0,0.7,2.3,0.01,0.038461538,0.01,-1.461532732,0.032138571
588ab33542c8e900019d02ae,2,crowding_R8_block3,crowding,R8,3,35,35.0,0.301029996,2.0,0.7,2.3,0.01,0.111111111,0.01,-0.027124019,0.049867549
588ab33542c8e900019d02ae,2,crowding_L8_block3,crowding,L8,3,35,35.0,0.301029996,2.0,0.7,2.3,0.01,0.111111111,0.01,0.089543917,0.068285545
588ab33542c8e900019d02ae,2,crowding_R8_block4,crowding,R8,4,35,35.0,0.301029996,2.0,0.7,2.3,0.01,0.111111111,0.01,-0.021491052,0.050070518
588ab33542c8e900019d02ae,2,crowding_L8_block4,crowding,L8,4,35,35.0,0.301029996,2.0,0.7,2.3,0.01,0.111111111,0.01,0.257793743,0.048524674
588ab33542c8e900019d02ae,2,acuity_R8_block2,acuity,R8,2,35,35.0,0.602059991,2.0,0.7,2.3,0.01,0.111111111,0.01,-0.394747997,0.048263809
588ab33542c8e900019d02ae,2,acuity_L8_block2,acuity,L8,2,35,35.0,0.602059991,2.0,0.7,2.3,0.01,0.111111111,0.01,-0.461230307,0.050048563
588ab33542c8e900019d02ae,2,rsvp_foveal_block2,rsvp,foveal,2,72,72.0,0.301029996,2.0,0.7,2.3,0.01,0.038461538,0.01,-1.049648876,0.032332471
6112c911a83cc494df38b468,2,crowding_R8_block3,crowding,R8,3,35,35.0,0.301029996,2.0,0.7,2.3,0.01,0.111111111,0.01,0.527000544,0.05147519
6112c911a83cc494df38b468,2,crowding_L8_block3,crowding,L8,3,34,34.0,0.301029996,2.0,0.7,2.3,0.01,0.111111111,0.01,0.612300721,0.049277506
6112c911a83cc494df38b468,2,crowding_R8_block4,crowding,R8,4,35,35.0,0.301029996,2.0,0.7,2.3,0.01,0.111111111,0.01,0.334173556,0.055868622
6112c911a83cc494df38b468,2,crowding_L8_block4,crowding,L8,4,35,35.0,0.301029996,2.0,0.7,2.3,0.01,0.111111111,0.01,0.30189205,0.047390976
6112c911a83cc494df38b468,2,acuity_R8_block2,acuity,R8,2,35,35.0,0.602059991,2.0,0.7,2.3,0.01,0.111111111,0.01,-0.57802455,0.048703745
6112c911a83cc494df38b468,2,acuity_L8_block2,acuity,L8,2,35,35.0,0.602059991,2.0,0.7,2.3,0.01,0.111111111,0.01,-0.476912262,0.051856768
6112c911a83cc494df38b468,2,rsvp_foveal_block2,rsvp,foveal,2,72,72.0,0.301029996,2.0,0.7,2.3,0.01,0.038461538,0.01,-1.456071849,0.032213012
66821bd8c0252a33b4c4390f,2,crowding_R8_block3,crowding,R8,3,35,35.0,0.301029996,2.0,0.7,2.3,0.01,0.111111111,0.01,0.43089868,0.047869807
66821bd8c0252a33b4c4390f,2,crowding_L8_block3,crowding,L8,3,35,35.0,0.301029996,2.0,0.7,2.3,0.01,0.111111111,0.01,0.314573551,0.049411972
66821bd8c0252a33b4c4390f,2,crowding_R8_block4,crowding,R8,4,35,35.0,0.301029996,2.0,0.7,2.3,0.01,0.111111111,0.01,0.487024241,0.047395891
66821bd8c0252a33b4c4390f,2,crowding_L8_block4,crowding,L8,4,35,35.0,0.301029996,2.0,0.7,2.3,0.01,0.111111111,0.01,0.404117049,0.053387353
66821bd8c0252a33b4c4390f,2,acuity_R8_block2,acuity,R8,2,35,35.0,0.602059991,2.0,0.7,2.3,0.01,0.111111111,0.01,-0.57034839,0.048611573
66821bd8c0252a33b4c4390f,2,acuity_L8_block2,acuity,L8,2,35,35.0,0.602059991,2.0,0.7,2.3,0.01,0.111111111,0.01,-0.53668987,0.050222993
66821bd8c0252a33b4c4390f,2,rsvp_foveal_block2,rsvp,foveal,2,72,72.0,0.301029996,2.0,0.7,2.3,0.01,0.038461538,0.01,-1.400054397,0.031393305
6760530dda5ffd6c22301dce,2,crowding_R8_block3,crowding,R8,3,35,35.0,0.301029996,2.0,0.7,2.3,0.01,0.111111111,0.01,-0.120112269,0.047723823
6760530dda5ffd6c22301dce,2,crowding_L8_block3,crowding,L8,3,35,35.0,0.301029996,2.0,0.7,2.3,0.01,0.111111111,0.01,-0.10669399,0.051304033
6760530dda5ffd6c22301dce,2,crowding_R8_block4,crowding,R8,4,35,35.0,0.301029996,2.0,0.7,2.3,0.01,0.111111111,0.01,0.188608363,0.046749699
6760530dda5ffd6c22301dce,2,crowding_L8_block4,crowding,L8,4,35,35.0,0.301029996,2.0,0.7,2.3,0.01,0.111111111,0.01,-0.074722036,0.048452296
6760530dda5ffd6c22301dce,2,acuity_R8_block2,acuity,R8,2,35,35.0,0.602059991,2.0,0.7,2.3,0.01,0.111111111,0.01,-0.583510642,0.049046657
6760530dda5ffd6c22301dce,2,acuity_L8_block2,acuity,L8,2,35,35.0,0.602059991,2.0,0.7,2.3,0.01,0.111111111,0.01,-0.536184821,0.051902875
6760530dda5ffd6c22301dce,2,rsvp_foveal_block2,rsvp,foveal,2,72,72.0,0.301029996,2.0,0.7,2.3,0.01,0.038461538,0.01,-1.535346626,0.031072097
6750bac54816fc7028a10a46,2,crowding_R8_block3,crowding,R8,3,35,35.0,0.301029996,2.0,0.7,2.3,0.01,0.111111111,0.01,0.355789723,0.048468314
6750bac54816fc7028a10a46,2,crowding_L8_block3,crowding,L8,3,35,35.0,0.301029996,2.0,0.7,2.3,0.01,0.111111111,0.01,0.602382594,0.047504462
6750bac54816fc7028a10a46,2,crowding_R8_block4,crowding,R8,4,35,35.0,0.301029996,2.0,0.7,2.3,0.01,0.111111111,0.01,0.146943008,0.057948722
6750bac54816fc7028a10a46,2,crowding_L8_block4,crowding,L8,4,35,35.0,0.301029996,2.0,0.7,2.3,0.01,0.111111111,0.01,0.664503427,0.04980979
6750bac54816fc7028a10a46,2,acuity_R8_block2,acuity,R8,2,35,35.0,0.602059991,2.0,0.7,2.3,0.01,0.111111111,0.01,-0.501245814,0.049963861
6750bac54816fc7028a10a46,2,acuity_L8_block2,acuity,L8,2,35,35.0,0.602059991,2.0,0.7,2.3,0.01,0.111111111,0.01,-0.455417653,0.050287716
6750bac54816fc7028a10a46,2,rsvp_foveal_block2,rsvp,foveal,2,72,72.0,0.301029996,2.0,0.7,2.3,0.01,0.038461538,0.01,-1.448665513,0.031361203
65e64c08cd1bf3d6ab957af7,2,crowding_R8_block3,crowding,R8,3,35,35.0,0.301029996,2.0,0.7,2.3,0.01,0.111111111,0.01,0.216065097,0.059538708
65e64c08cd1bf3d6ab957af7,2,crowding_L8_block3,crowding,L8,3,35,35.0,0.301029996,2.0,0.7,2.3,0.01,0.111111111,0.01,0.806909596,0.047243418
65e64c08cd1bf3d6ab957af7,2,crowding_R8_block4,crowding,R8,4,35,35.0,0.301029996,2.0,0.7,2.3,0.01,0.111111111,0.01,0.785256714,0.059892172
65e64c08cd1bf3d6ab957af7,2,crowding_L8_block4,crowding,L8,4,35,35.0,0.301029996,2.0,0.7,2.3,0.01,0.111111111,0.01,0.533632971,0.047787035
65e64c08cd1bf3d6ab957af7,2,acuity_R8_block2,acuity,R8,2,35,35.0,0.602059991,2.0,0.7,2.3,0.01,0.111111111,0.01,-0.451456502,0.049404867
65e64c08cd1bf3d6ab957af7,2,acuity_L8_block2,acuity,L8,2,35,35.0,0.602059991,2.0,0.7,2.3,0.01,0.111111111,0.01,-0.449793026,0.050588638
65e64c08cd1bf3d6ab957af7,2,rsvp_foveal_block2,rsvp,foveal,2,72,72.0,0.301029996,2.0,0.7,2.3,0.01,0.038461538,0.01,-1.317810736,0.031382316
67486ef5b88595ed8d20fe7c,2,crowding_R8_block3,crowding,R8,3,34,34.0,0.301029996,2.0,0.7,2.3,0.01,0.111111111,0.01,0.394394851,0.050263021
67486ef5b88595ed8d20fe7c,2,crowding_L8_block3,crowding,L8,3,35,35.0,0.301029996,2.0,0.7,2.3,0.01,0.111111111,0.01,0.159892046,0.109548635
67486ef5b88595ed8d20fe7c,2,crowding_R8_block4,crowding,R8,4,29,29.0,0.301029996,2.0,0.7,2.3,0.01,0.111111111,0.01,-0.119350396,0.056337408
67486ef5b88595ed8d20fe7c,2,crowding_L8_block4,crowding,L8,4,29,29.0,0.301029996,2.0,0.7,2.3,0.01,0.111111111,0.01,0.121930308,0.068841502
67486ef5b88595ed8d20fe7c,2,acuity_R8_block2,acuity,R8,2,35,35.0,0.602059991,2.0,0.7,2.3,0.01,0.111111111,0.01,-0.581464716,0.048558641
67486ef5b88595ed8d20fe7c,2,acuity_L8_block2,acuity,L8,2,35,35.0,0.602059991,2.0,0.7,2.3,0.01,0.111111111,0.01,-0.641052609,0.048432111
67486ef5b88595ed8d20fe7c,2,rsvp_foveal_block2,rsvp,foveal,2,72,72.0,0.301029996,2.0,0.7,2.3,0.01,0.038461538,0.01,-1.549136252,0.032431067
6676fab6295042ff191ead64,2,crowding_R8_block3,crowding,R8,3,35,35.0,0.301029996,2.0,0.7,2.3,0.01,0.111111111,0.01,0.468783505,0.052519502
6676fab6295042ff191ead64,2,crowding_L8_block3,crowding,L8,3,35,35.0,0.301029996,2.0,0.7,2.3,0.01,0.111111111,0.01,0.56420658,0.051632402
6676fab6295042ff191ead64,2,crowding_R8_block4,crowding,R8,4,35,35.0,0.301029996,2.0,0.7,2.3,0.01,0.111111111,0.01,0.4778353,0.062795055
6676fab6295042ff191ead64,2,crowding_L8_block4,crowding,L8,4,35,35.0,0.301029996,2.0,0.7,2.3,0.01,0.111111111,0.01,0.583267032,0.059459058
6676fab6295042ff191ead64,2,acuity_R8_block2,acuity,R8,2,35,35.0,0.602059991,2.0,0.7,2.3,0.01,0.111111111,0.01,-0.457667604,0.048268306
6676fab6295042ff191ead64,2,acuity_L8_block2,acuity,L8,2,35,35.0,0.602059991,2.0,0.7,2.3,0.01,0.111111111,0.01,-0.338933186,0.064894153
6676fab6295042ff191ead64,2,rsvp_foveal_block2,rsvp,foveal,2,72,72.0,0.301029996,2.0,0.7,2.3,0.01,0.038461538,0.01,-1.437316119,0.032519966
6661b368a58b43154e1c7560,2,crowding_R8_block3,crowding,R8,3,34,34.0,0.301029996,2.0,0.7,2.3,0.01,0.111111111,0.01,0.541616662,0.050253718
6661b368a58b43154e1c7560,2,crowding_L8_block3,crowding,L8,3,35,35.0,0.301029996,2.0,0.7,2.3,0.01,0.111111111,0.01,0.610611779,0.05214014
6661b368a58b43154e1c7560,2,crowding_R8_block4,crowding,R8,4,35,35.0,0.301029996,2.0,0.7,2.3,0.01,0.111111111,0.01,0.598760021,0.048470436
6661b368a58b43154e1c7560,2,crowding_L8_block4,crowding,L8,4,35,35.0,0.301029996,2.0,0.7,2.3,0.01,0.111111111,0.01,0.600802183,0.055794304
6661b368a58b43154e1c7560,2,acuity_R8_block2,acuity,R8,2,35,35.0,0.602059991,2.0,0.7,2.3,0.01,0.111111111,0.01,-0.415328637,0.049060571
6661b368a58b43154e1c7560,2,acuity_L8_block2,acuity,L8,2,35,35.0,0.602059991,2.0,0.7,2.3,0.01,0.111111111,0.01,-0.472834641,0.048834835
6661b368a58b43154e1c7560,2,rsvp_foveal_block2,rsvp,foveal,2,72,72.0,0.301029996,2.0,0.7,2.3,0.01,0.038461538,0.01,-1.546925463,0.032403649
5e38397719e44f0244389781,2,crowding_R8_block3,crowding,R8,3,0,0.0,0.301029996,2.0,0.7,2.3,0.01,0.111111111,0.01,0.301029996,1.299792902
5e38397719e44f0244389781,2,crowding_L8_block3,crowding,L8,3,0,0.0,0.301029996,2.0,0.7,2.3,0.01,0.111111111,0.01,0.301029996,1.299792902
5e38397719e44f0244389781,2,crowding_R8_block4,crowding,R8,4,0,0.0,0.301029996,2.0,0.7,2.3,0.01,0.111111111,0.01,0.301029996,1.299792902
5e38397719e44f0244389781,2,crowding_L8_block4,crowding,L8,4,0,0.0,0.301029996,2.0,0.7,2.3,0.01,0.111111111,0.01,0.301029996,1.299792902
5e38397719e44f0244389781,2,acuity_R8_block2,acuity,R8,2,0,0.0,0.602059991,2.0,0.7,2.3,0.01,0.111111111,0.01,0.602059991,1.299792902
5e38397719e44f0244389781,2,acuity_L8_block2,acuity,L8,2,0,0.0,0.602059991,2.0,0.7,2.3,0.01,0.111111111,0.01,0.602059991,1.299792902
5e38397719e44f0244389781,2,rsvp_foveal_block2,rsvp,foveal,2,72,72.0,0.301029996,2.0,0.7,2.3,0.01,0.038461538,0.01,-1.856258532,0.157254156
5e57d38b533eec1818078f0b,2,crowding_R8_block3,crowding,R8,3,35,35.0,0.301029996,2.0,0.7,2.3,0.01,0.111111111,0.01,0.39730126,0.049140207
5e57d38b533eec1818078f0b,2,crowding_L8_block3,crowding,L8,3,35,35.0,0.301029996,2.0,0.7,2.3,0.01,0.111111111,0.01,0.544389854,0.046903218
5e57d38b533eec1818078f0b,2,crowding_R8_block4,crowding,R8,4,35,35.0,0.301029996,2.0,0.7,2.3,0.01,0.111111111,0.01,0.456856619,0.047519486
5e57d38b533eec1818078f0b,2,crowding_L8_block4,crowding,L8,4,35,35.0,0.301029996,2.0,0.7,2.3,0.01,0.111111111,0.01,0.511064448,0.050105412
5e57d38b533eec1818078f0b,2,acuity_R8_block2,acuity,R8,2,35,35.0,0.602059991,2.0,0.7,2.3,0.01,0.111111111,0.01,-0.494149461,0.050789416
5e57d38b533eec1818078f0b,2,acuity_L8_block2,acuity,L8,2,35,35.0,0.602059991,2.0,0.7,2.3,0.01,0.111111111,0.01,-0.53537655,0.050195266
5e57d38b533eec1818078f0b,2,rsvp_foveal_block2,rsvp,foveal,2,72,72.0,0.301029996,2.0,0.7,2.3,0.01,0.038461538,0.01,-1.060656376,0.032055369
63174af7d57182f9bf90c094,2,crowding_R8_block3,crowding,R8,3,35,35.0,0.301029996,2.0,0.7,2.3,0.01,0.111111111,0.01,0.528183896,0.060988933
63174af7d57182f9bf90c094,2,crowding_L8_block3,crowding,L8,3,35,35.0,0.301029996,2.0,0.7,2.3,0.01,0.111111111,0.01,0.616991017,0.085566685
63174af7d57182f9bf90c094,2,crowding_R8_block4,crowding,R8,4,35,35.0,0.301029996,2.0,0.7,2.3,0.01,0.111111111,0.01,0.468694954,0.052721238
63174af7d57182f9bf90c094,2,crowding_L8_block4,crowding,L8,4,35,35.0,0.301029996,2.0,0.7,2.3,0.01,0.111111111,0.01,0.456598812,0.055352354
63174af7d57182f9bf90c094,2,acuity_R8_block2,acuity,R8,2,35,35.0,0.602059991,2.0,0.7,2.3,0.01,0.111111111,0.01,-0.590256229,0.050653879
63174af7d57182f9bf90c094,2,acuity_L8_block2,acuity,L8,2,35,35.0,0.602059991,2.0,0.7,2.3,0.01,0.111111111,0.01,-0.491734494,0.048813681
63174af7d57182f9bf90c094,2,rsvp_foveal_block2,rsvp,foveal,2,72,72.0,0.301029996,2.0,0.7,2.3,0.01,0.038461538,0.01,-1.452707975,0.031127673
65feaaac53eb219f09ad5ea0,2,crowding_R8_block3,crowding,R8,3,35,35.0,0.301029996,2.0,0.7,2.3,0.01,0.111111111,0.01,0.567287231,0.051085487
65feaaac53eb219f09ad5ea0,2,crowding_L8_block3,crowding,L8,3,35,35.0,0.301029996,2.0,0.7,2.3,0.01,0.111111111,0.01,0.119231593,0.056260062
65feaaac53eb219f09ad5ea0,2,crowding_R8_block4,crowding,R8,4,35,35.0,0.301029996,2.0,0.7,2.3,0.01,0.111111111,0.01,0.592372156,0.050522246
65feaaac53eb219f09ad5ea0,2,crowding_L8_block4,crowding,L8,4,35,35.0,0.301029996,2.0,0.7,2.3,0.01,0.111111111,0.01,0.199726839,0.049875147
65feaaac53eb219f09ad5ea0,2,acuity_R8_block2,acuity,R8,2,35,35.0,0.602059991,2.0,0.7,2.3,0.01,0.111111111,0.01,-0.452955281,0.052615835
65feaaac53eb219f09ad5ea0,2,acuity_L8_block2,acuity,L8,2,35,35.0,0.602059991,2.0,0.7,2.3,0.01,0.111111111,0.01,-0.564458115,0.050945928
65feaaac53eb219f09ad5ea0,2,rsvp_foveal_block2,rsvp,foveal,2,72,72.0,0.301029996,2.0,0.7,2.3,0.01,0.038461538,0.01,-1.562463764,0.030942611
5eadaff848b26f4483ae62d9,2,crowding_R8_block3,crowding,R8,3,35,35.0,0.301029996,2.0,0.7,2.3,0.01,0.111111111,0.01,0.199574177,0.050112167
5eadaff848b26f4483ae62d9,2,crowding_L8_block3,crowding,L8,3,35,35.0,0.301029996,2.0,0.7,2.3,0.01,0.111111111,0.01,0.622168869,0.048645094
5eadaff848b26f4483ae62d9,2,crowding_R8_block4,crowding,R8,4,35,35.0,0.301029996,2.0,0.7,2.3,0.01,0.111111111,0.01,0.179237956,0.051846808
5eadaff848b26f4483ae62d9,2,crowding_L8_block4,crowding,L8,4,35,35.0,0.301029996,2.0,0.7,2.3,0.01,0.111111111,0.01,0.605669823,0.049871248
5eadaff848b26f4483ae62d9,2,acuity_R8_block2,acuity,R8,2,35,35.0,0.602059991,2.0,0.7,2.3,0.01,0.111111111,0.01,-0.51066648,0.049900703
5eadaff848b26f4483ae62d9,2,acuity_L8_block2,acuity,L8,2,35,35.0,0.602059991,2.0,0.7,2.3,0.01,0.111111111,0.01,-0.473217187,0.051183801
5eadaff848b26f4483ae62d9,2,rsvp_foveal_block2,rsvp,foveal,2,72,72.0,0.301029996,2.0,0.7,2.3,0.01,0.038461538,0.01,-1.467559336,0.031303004
663ca3bb2308c5634004f00e,2,crowding_R8_block3,crowding,R8,3,35,35.0,0.301029996,2.0,0.7,2.3,0.01,0.111111111,0.01,0.202723957,0.067315292
663ca3bb2308c5634004f00e,2,crowding_L8_block3,crowding,L8,3,35,35.0,0.301029996,2.0,0.7,2.3,0.01,0.111111111,0.01,0.494276311,0.051085691
663ca3bb2308c5634004f00e,2,crowding_R8_block4,crowding,R8,4,35,35.0,0.301029996,2.0,0.7,2.3,0.01,0.111111111,0.01,-0.134323085,0.051677814
663ca3bb2308c5634004f00e,2,crowding_L8_block4,crowding,L8,4,35,35.0,0.301029996,2.0,0.7,2.3,0.01,0.111111111,0.01,0.305077388,0.048321888
663ca3bb2308c5634004f00e,2,acuity_R8_block2,acuity,R8,2,35,35.0,0.602059991,2.0,0.7,2.3,0.01,0.111111111,0.01,-0.566110322,0.048829512
663ca3bb2308c5634004f00e,2,acuity_L8_block2,acuity,L8,2,35,35.0,0.602059991,2.0,0.7,2.3,0.01,0.111111111,0.01,-0.622009915,0.050404612
663ca3bb2308c5634004f00e,2,rsvp_foveal_block2,rsvp,foveal,2,72,72.0,0.301029996,2.0,0.7,2.3,0.01,0.038461538,0.01,-1.606589971,0.035096301
6718da927f1110131780367d,2,crowding_R8_block3,crowding,R8,3,35,35.0,0.301029996,2.0,0.7,2.3,0.01,0.111111111,0.01,0.107492822,0.0544782
6718da927f1110131780367d,2,crowding_L8_block3,crowding,L8,3,35,35.0,0.301029996,2.0,0.7,2.3,0.01,0.111111111,0.01,0.178892573,0.051093398
6718da927f1110131780367d,2,crowding_R8_block4,crowding,R8,4,35,35.0,0.301029996,2.0,0.7,2.3,0.01,0.111111111,0.01,0.19611686,0.047961484
6718da927f1110131780367d,2,crowding_L8_block4,crowding,L8,4,35,35.0,0.301029996,2.0,0.7,2.3,0.01,0.111111111,0.01,0.234698211,0.066011895
6718da927f1110131780367d,2,acuity_R8_block2,acuity,R8,2,35,35.0,0.602059991,2.0,0.7,2.3,0.01,0.111111111,0.01,-0.667225559,0.076521218
6718da927f1110131780367d,2,acuity_L8_block2,acuity,L8,2,35,35.0,0.602059991,2.0,0.7,2.3,0.01,0.111111111,0.01,-0.580537578,0.050378027
6718da927f1110131780367d,2,rsvp_foveal_block2,rsvp,foveal,2,72,72.0,0.301029996,2.0,0.7,2.3,0.01,0.038461538,0.01,-1.626072534,0.032657886
6672da623917a1e4eca8f4f4,2,crowding_R8_block3,crowding,R8,3,35,35.0,0.301029996,2.0,0.7,2.3,0.01,0.111111111,0.01,0.220182553,0.048658587
6672da623917a1e4eca8f4f4,2,crowding_L8_block3,crowding,L8,3,35,35.0,0.301029996,2.0,0.7,2.3,0.01,0.111111111,0.01,0.370869579,0.047137927
6672da623917a1e4eca8f4f4,2,crowding_R8_block4,crowding,R8,4,35,35.0,0.301029996,2.0,0.7,2.3,0.01,0.111111111,0.01,0.267686509,0.052776421
6672da623917a1e4eca8f4f4,2,crowding_L8_block4,crowding,L8,4,35,35.0,0.301029996,2.0,0.7,2.3,0.01,0.111111111,0.01,0.173006929,0.047638346
6672da623917a1e4eca8f4f4,2,acuity_R8_block2,acuity,R8,2,35,35.0,0.602059991,2.0,0.7,2.3,0.01,0.111111111,0.01,-0.56617218,0.049445808
6672da623917a1e4eca8f4f4,2,acuity_L8_block2,acuity,L8,2,35,35.0,0.602059991,2.0,0.7,2.3,0.01,0.111111111,0.01,-0.550593223,0.061665722
6672da623917a1e4eca8f4f4,2,rsvp_foveal_block2,rsvp,foveal,2,72,72.0,0.301029996,2.0,0.7,2.3,0.01,0.038461538,0.01,-1.216537058,0.033480131
5a8f01d95292b80001235d34,2,crowding_R8_block3,crowding,R8,3,35,35.0,0.301029996,2.0,0.7,2.3,0.01,0.111111111,0.01,0.008401499,0.061398012
5a8f01d95292b80001235d34,2,crowding_L8_block3,crowding,L8,3,35,35.0,0.301029996,2.0,0.7,2.3,0.01,0.111111111,0.01,0.200462955,0.049702591
5a8f01d95292b80001235d34,2,crowding_R8_block4,crowding,R8,4,35,35.0,0.301029996,2.0,0.7,2.3,0.01,0.111111111,0.01,0.157585155,0.04967802
5a8f01d95292b80001235d34,2,crowding_L8_block4,crowding,L8,4,35,35.0,0.301029996,2.0,0.7,2.3,0.01,0.111111111,0.01,0.419730755,0.049322344
5a8f01d95292b80001235d34,2,acuity_R8_block2,acuity,R8,2,35,35.0,0.602059991,2.0,0.7,2.3,0.01,0.111111111,0.01,-0.515194295,0.050024454
5a8f01d95292b80001235d34,2,acuity_L8_block2,acuity,L8,2,35,35.0,0.602059991,2.0,0.7,2.3,0.01,0.111111111,0.01,-0.454104513,0.048764424
5a8f01d95292b80001235d34,2,rsvp_foveal_block2,rsvp,foveal,2,72,72.0,0.301029996,2.0,0.7,2.3,0.01,0.038461538,0.01,-1.601129765,0.035050564
676add84a7c12204af3e4c90,2,crowding_R8_block3,crowding,R8,3,34,34.0,0.301029996,2.0,0.7,2.3,0.01,0.111111111,0.01,0.499495991,0.056903032
676add84a7c12204af3e4c90,2,crowding_L8_block3,crowding,L8,3,35,35.0,0.301029996,2.0,0.7,2.3,0.01,0.111111111,0.01,0.669067566,0.050552334
676add84a7c12204af3e4c90,2,crowding_R8_block4,crowding,R8,4,34,34.0,0.301029996,2.0,0.7,2.3,0.01,0.111111111,0.01,0.563268567,0.055086682
676add84a7c12204af3e4c90,2,crowding_L8_block4,crowding,L8,4,34,34.0,0.301029996,2.0,0.7,2.3,0.01,0.111111111,0.01,0.618980886,0.049799862
676add84a7c12204af3e4c90,2,acuity_R8_block2,acuity,R8,2,35,35.0,0.602059991,2.0,0.7,2.3,0.01,0.111111111,0.01,-0.334282198,0.048693519
676add84a7c12204af3e4c90,2,acuity_L8_block2,acuity,L8,2,35,35.0,0.602059991,2.0,0.7,2.3,0.01,0.111111111,0.01,-0.332020124,0.049536308
676add84a7c12204af3e4c90,2,rsvp_foveal_block2,rsvp,foveal,2,72,72.0,0.301029996,2.0,0.7,2.3,0.01,0.038461538,0.01,-1.247882803,0.032619144
6673c06ef972fa4885e8ec49,2,crowding_R8_block3,crowding,R8,3,35,35.0,0.301029996,2.0,0.7,2.3,0.01,0.111111111,0.01,0.485785667,0.051499166
6673c06ef972fa4885e8ec49,2,crowding_L8_block3,crowding,L8,3,35,35.0,0.301029996,2.0,0.7,2.3,0.01,0.111111111,0.01,0.525394457,0.047520151
6673c06ef972fa4885e8ec49,2,crowding_R8_block4,crowding,R8,4,35,35.0,0.301029996,2.0,0.7,2.3,0.01,0.111111111,0.01,0.075289071,0.050142772
6673c06ef972fa4885e8ec49,2,crowding_L8_block4,crowding,L8,4,35,35.0,0.301029996,2.0,0.7,2.3,0.01,0.111111111,0.01,0.386939841,0.047792817
6673c06ef972fa4885e8ec49,2,acuity_R8_block2,acuity,R8,2,35,35.0,0.602059991,2.0,0.7,2.3,0.01,0.111111111,0.01,-0.567438132,0.048542315
6673c06ef972fa4885e8ec49,2,acuity_L8_block2,acuity,L8,2,35,35.0,0.602059991,2.0,0.7,2.3,0.01,0.111111111,0.01,-0.578250708,0.051078468
6673c06ef972fa4885e8ec49,2,rsvp_foveal_block2,rsvp,foveal,2,72,72.0,0.301029996,2.0,0.7,2.3,0.01,0.038461538,0.01,-1.613989911,0.032025791
60fd29f9a87256295399a571,2,crowding_R8_block3,crowding,R8,3,35,35.0,0.301029996,2.0,0.7,2.3,0.01,0.111111111,0.01,-0.071505132,0.064921609
60fd29f9a87256295399a571,2,crowding_L8_block3,crowding,L8,3,35,35.0,0.301029996,2.0,0.7,2.3,0.01,0.111111111,0.01,0.050716979,0.054198895
60fd29f9a87256295399a571,2,crowding_R8_block4,crowding,R8,4,35,35.0,0.301029996,2.0,0.7,2.3,0.01,0.111111111,0.01,-0.124492497,0.049101355
60fd29f9a87256295399a571,2,crowding_L8_block4,crowding,L8,4,35,35.0,0.301029996,2.0,0.7,2.3,0.01,0.111111111,0.01,0.402560033,0.049382751
60fd29f9a87256295399a571,2,acuity_R8_block2,acuity,R8,2,35,35.0,0.602059991,2.0,0.7,2.3,0.01,0.111111111,0.01,-0.589549518,0.049413423
60fd29f9a87256295399a571,2,acuity_L8_block2,acuity,L8,2,35,35.0,0.602059991,2.0,0.7,2.3,0.01,0.111111111,0.01,-0.54009701,0.04930523
60fd29f9a87256295399a571,2,rsvp_foveal_block2,rsvp,foveal,2,72,72.0,0.301029996,2.0,0.7,2.3,0.01,0.038461538,0.01,-1.28182928,0.031934757
66b223d532199c29ed32c8f4,2,crowding_R8_block3,crowding,R8,3,35,35.0,0.301029996,2.0,0.7,2.3,0.01,0.111111111,0.01,0.538113032,0.059784436
66b223d532199c29ed32c8f4,2,crowding_L8_block3,crowding,L8,3,35,35.0,0.301029996,2.0,0.7,2.3,0.01,0.111111111,0.01,0.421741025,0.047681958
66b223d532199c29ed32c8f4,2,crowding_R8_block4,crowding,R8,4,35,35.0,0.301029996,2.0,0.7,2.3,0.01,0.111111111,0.01,0.416954748,0.047504628
66b223d532199c29ed32c8f4,2,crowding_L8_block4,crowding,L8,4,35,35.0,0.301029996,2.0,0.7,2.3,0.01,0.111111111,0.01,0.380450474,0.050112622
66b223d532199c29ed32c8f4,2,acuity_R8_block2,acuity,R8,2,35,35.0,0.602059991,2.0,0.7,2.3,0.01,0.111111111,0.01,-0.573499233,0.049839721
66b223d532199c29ed32c8f4,2,acuity_L8_block2,acuity,L8,2,35,35.0,0.602059991,2.0,0.7,2.3,0.01,0.111111111,0.01,-0.526005587,0.052519852
66b223d532199c29ed32c8f4,2,rsvp_foveal_block2,rsvp,foveal,2,72,72.0,0.301029996,2.0,0.7,2.3,0.01,0.038461538,0.01,-1.535640601,0.033178525
66849954ad6f34a6abffe11f,2,crowding_R8_block3,crowding,R8,3,35,35.0,0.301029996,2.0,0.7,2.3,0.01,0.111111111,0.01,0.529630468,0.048055812
66849954ad6f34a6abffe11f,2,crowding_L8_block3,crowding,L8,3,35,35.0,0.301029996,2.0,0.7,2.3,0.01,0.111111111,0.01,0.645770321,0.047777506
66849954ad6f34a6abffe11f,2,crowding_R8_block4,crowding,R8,4,35,35.0,0.301029996,2.0,0.7,2.3,0.01,0.111111111,0.01,0.418842628,0.047550985
66849954ad6f34a6abffe11f,2,crowding_L8_block4,crowding,L8,4,35,35.0,0.301029996,2.0,0.7,2.3,0.01,0.111111111,0.01,0.573148573,0.056787659
66849954ad6f34a6abffe11f,2,acuity_R8_block2,acuity,R8,2,35,35.0,0.602059991,2.0,0.7,2.3,0.01,0.111111111,0.01,-0.426953141,0.064159521
66849954ad6f34a6abffe11f,2,acuity_L8_block2,acuity,L8,2,35,35.0,0.602059991,2.0,0.7,2.3,0.01,0.111111111,0.01,-0.552393074,0.048936758
66849954ad6f34a6abffe11f,2,rsvp_foveal_block2,rsvp,foveal,2,72,72.0,0.301029996,2.0,0.7,2.3,0.01,0.038461538,0.01,-0.977864472,0.034390318
672f51ea346fba23ddd5a793,2,crowding_R8_block3,crowding,R8,3,23,23.0,0.301029996,2.0,0.7,2.3,0.01,0.111111111,0.01,0.345035372,0.075033669
672f51ea346fba23ddd5a793,2,crowding_L8_block3,crowding,L8,3,29,29.0,0.301029996,2.0,0.7,2.3,0.01,0.111111111,0.01,0.794878005,0.053941607
672f51ea346fba23ddd5a793,2,crowding_R8_block4,crowding,R8,4,34,34.0,0.301029996,2.0,0.7,2.3,0.01,0.111111111,0.01,0.52503924,0.04958843
672f51ea346fba23ddd5a793,2,crowding_L8_block4,crowding,L8,4,35,35.0,0.301029996,2.0,0.7,2.3,0.01,0.111111111,0.01,0.766025413,0.047510362
672f51ea346fba23ddd5a793,2,acuity_R8_block2,acuity,R8,2,35,35.0,0.602059991,2.0,0.7,2.3,0.01,0.111111111,0.01,-0.503204459,0.052977963
672f51ea346fba23ddd5a793,2,acuity_L8_block2,acuity,L8,2,35,35.0,0.602059991,2.0,0.7,2.3,0.01,0.111111111,0.01,-0.575636538,0.047796695
672f51ea346fba23ddd5a793,2,rsvp_foveal_block2,rsvp,foveal,2,72,72.0,0.301029996,2.0,0.7,2.3,0.01,0.038461538,0.01,-1.120880072,0.032002641
6086a11397234e7f83e4e793,2,crowding_R8_block3,crowding,R8,3,35,35.0,0.301029996,2.0,0.7,2.3,0.01,0.111111111,0.01,0.220386743,0.05410535
6086a11397234e7f83e4e793,2,crowding_L8_block3,crowding,L8,3,35,35.0,0.301029996,2.0,0.7,2.3,0.01,0.111111111,0.01,0.619154106,0.051638107
6086a11397234e7f83e4e793,2,crowding_R8_block4,crowding,R8,4,35,35.0,0.301029996,2.0,0.7,2.3,0.01,0.111111111,0.01,0.615544598,0.059128275
6086a11397234e7f83e4e793,2,crowding_L8_block4,crowding,L8,4,35,35.0,0.301029996,2.0,0.7,2.3,0.01,0.111111111,0.01,0.576676536,0.056025359
6086a11397234e7f83e4e793,2,acuity_R8_block2,acuity,R8,2,35,35.0,0.602059991,2.0,0.7,2.3,0.01,0.111111111,0.01,-0.442470668,0.048931812
6086a11397234e7f83e4e793,2,acuity_L8_block2,acuity,L8,2,35,35.0,0.602059991,2.0,0.7,2.3,0.01,0.111111111,0.01,-0.48079263,0.048956976
6086a11397234e7f83e4e793,2,rsvp_foveal_block2,rsvp,foveal,2,72,72.0,0.301029996,2.0,0.7,2.3,0.01,0.038461538,0.01,-1.081637753,0.031468109
6731b2a212a760a9375e0943,2,crowding_R8_block3,crowding,R8,3,35,35.0,0.301029996,2.0,0.7,2.3,0.01,0.111111111,0.01,0.332368659,0.048248275
6731b2a212a760a9375e0943,2,crowding_L8_block3,crowding,L8,3,35,35.0,0.301029996,2.0,0.7,2.3,0.01,0.111111111,0.01,0.376728689,0.047361925
6731b2a212a760a9375e0943,2,crowding_R8_block4,crowding,R8,4,35,35.0,0.301029996,2.0,0.7,2.3,0.01,0.111111111,0.01,0.282931348,0.04755244
6731b2a212a760a9375e0943,2,crowding_L8_block4,crowding,L8,4,34,34.0,0.301029996,2.0,0.7,2.3,0.01,0.111111111,0.01,0.389310721,0.052487501
6731b2a212a760a9375e0943,2,acuity_R8_block2,acuity,R8,2,35,35.0,0.602059991,2.0,0.7,2.3,0.01,0.111111111,0.01,-0.513667987,0.053314462
6731b2a212a760a9375e0943,2,acuity_L8_block2,acuity,L8,2,35,35.0,0.602059991,2.0,0.7,2.3,0.01,0.111111111,0.01,-0.552563123,0.049451771
6731b2a212a760a9375e0943,2,rsvp_foveal_block2,rsvp,foveal,2,72,72.0,0.301029996,2.0,0.7,2.3,0.01,0.038461538,0.01,-1.307090449,0.030969724
675de3bd64119cef93edfc75,2,crowding_R8_block3,crowding,R8,3,35,35.0,0.301029996,2.0,0.7,2.3,0.01,0.111111111,0.01,0.569602636,0.055507243
675de3bd64119cef93edfc75,2,crowding_L8_block3,crowding,L8,3,35,35.0,0.301029996,2.0,0.7,2.3,0.01,0.111111111,0.01,0.795984937,0.051448656
675de3bd64119cef93edfc75,2,crowding_R8_block4,crowding,R8,4,35,35.0,0.301029996,2.0,0.7,2.3,0.01,0.111111111,0.01,0.522374865,0.068825957
675de3bd64119cef93edfc75,2,crowding_L8_block4,crowding,L8,4,35,35.0,0.301029996,2.0,0.7,2.3,0.01,0.111111111,0.01,0.588221075,0.053585417
675de3bd64119cef93edfc75,2,acuity_R8_block2,acuity,R8,2,35,35.0,0.602059991,2.0,0.7,2.3,0.01,0.111111111,0.01,-0.511995682,0.049579018
675de3bd64119cef93edfc75,2,acuity_L8_block2,acuity,L8,2,35,35.0,0.602059991,2.0,0.7,2.3,0.01,0.111111111,0.01,-0.481722371,0.052830836
675de3bd64119cef93edfc75,2,rsvp_foveal_block2,rsvp,foveal,2,72,72.0,0.301029996,2.0,0.7,2.3,0.01,0.038461538,0.01,-1.472376715,0.032225546
67269f439696d166fbb74e09,2,crowding_R8_block3,crowding,R8,3,35,35.0,0.301029996,2.0,0.7,2.3,0.01,0.111111111,0.01,1.555154213,0.620481543
67269f439696d166fbb74e09,2,crowding_L8_block3,crowding,L8,3,35,35.0,0.301029996,2.0,0.7,2.3,0.01,0.111111111,0.01,0.52379395,0.188023754
67269f439696d166fbb74e09,2,crowding_R8_block4,crowding,R8,4,35,35.0,0.301029996,2.0,0.7,2.3,0.01,0.111111111,0.01,0.626917511,0.388858957
67269f439696d166fbb74e09,2,crowding_L8_block4,crowding,L8,4,35,35.0,0.301029996,2.0,0.7,2.3,0.01,0.111111111,0.01,0.433211275,0.105755388
67269f439696d166fbb74e09,2,acuity_R8_block2,acuity,R8,2,35,35.0,0.602059991,2.0,0.7,2.3,0.01,0.111111111,0.01,-0.493844949,0.049764333
67269f439696d166fbb74e09,2,acuity_L8_block2,acuity,L8,2,35,35.0,0.602059991,2.0,0.7,2.3,0.01,0.111111111,0.01,-0.48390845,0.099485111
67269f439696d166fbb74e09,2,rsvp_foveal_block2,rsvp,foveal,2,72,72.0,0.301029996,2.0,0.7,2.3,0.01,0.038461538,0.01,-1.339232251,0.030957792
581bd344930a280001062c90,2,crowding_R8_block3,crowding,R8,3,35,35.0,0.301029996,2.0,0.7,2.3,0.01,0.111111111,0.01,0.246976922,0.068809648
581bd344930a280001062c90,2,crowding_L8_block3,crowding,L8,3,35,35.0,0.301029996,2.0,0.7,2.3,0.01,0.111111111,0.01,0.382101762,0.049878258
581bd344930a280001062c90,2,crowding_R8_block4,crowding,R8,4,35,35.0,0.301029996,2.0,0.7,2.3,0.01,0.111111111,0.01,0.306385499,0.047805254
581bd344930a280001062c90,2,crowding_L8_block4,crowding,L8,4,35,35.0,0.301029996,2.0,0.7,2.3,0.01,0.111111111,0.01,0.48866862,0.0497123
581bd344930a280001062c90,2,acuity_R8_block2,acuity,R8,2,35,35.0,0.602059991,2.0,0.7,2.3,0.01,0.111111111,0.01,-0.489609793,0.051059184
581bd344930a280001062c90,2,acuity_L8_block2,acuity,L8,2,35,35.0,0.602059991,2.0,0.7,2.3,0.01,0.111111111,0.01,-0.566729055,0.04776603
581bd344930a280001062c90,2,rsvp_foveal_block2,rsvp,foveal,2,72,72.0,0.301029996,2.0,0.7,2.3,0.01,0.038461538,0.01,-1.33062245,0.030784431
5e7bc6522b3c381f6e3c1b3f,2,crowding_R8_block3,crowding,R8,3,35,35.0,0.301029996,2.0,0.7,2.3,0.01,0.111111111,0.01,0.024266242,0.049888852
5e7bc6522b3c381f6e3c1b3f,2,crowding_L8_block3,crowding,L8,3,35,35.0,0.301029996,2.0,0.7,2.3,0.01,0.111111111,0.01,0.409480343,0.049840078
5e7bc6522b3c381f6e3c1b3f,2,crowding_R8_block4,crowding,R8,4,35,35.0,0.301029996,2.0,0.7,2.3,0.01,0.111111111,0.01,0.499840843,0.049795357
5e7bc6522b3c381f6e3c1b3f,2,crowding_L8_block4,crowding,L8,4,35,35.0,0.301029996,2.0,0.7,2.3,0.01,0.111111111,0.01,0.603217999,0.049454567
5e7bc6522b3c381f6e3c1b3f,2,acuity_R8_block2,acuity,R8,2,35,35.0,0.602059991,2.0,0.7,2.3,0.01,0.111111111,0.01,-0.533336372,0.049697066
5e7bc6522b3c381f6e3c1b3f,2,acuity_L8_block2,acuity,L8,2,35,35.0,0.602059991,2.0,0.7,2.3,0.01,0.111111111,0.01,-0.499228988,0.048998401
5e7bc6522b3c381f6e3c1b3f,2,rsvp_foveal_block2,rsvp,foveal,2,72,72.0,0.301029996,2.0,0.7,2.3,0.01,0.038461538,0.01,-1.521873184,0.031982479
6778842e3f7e2e62756f7178,2,crowding_R8_block3,crowding,R8,3,35,35.0,0.301029996,2.0,0.7,2.3,0.01,0.111111111,0.01,0.100626881,0.048906211
6778842e3f7e2e62756f7178,2,crowding_L8_block3,crowding,L8,3,35,35.0,0.301029996,2.0,0.7,2.3,0.01,0.111111111,0.01,0.408822832,0.048467612
6778842e3f7e2e62756f7178,2,crowding_R8_block4,crowding,R8,4,35,35.0,0.301029996,2.0,0.7,2.3,0.01,0.111111111,0.01,0.23951362,0.053760769
6778842e3f7e2e62756f7178,2,crowding_L8_block4,crowding,L8,4,33,33.0,0.301029996,2.0,0.7,2.3,0.01,0.111111111,0.01,0.39007629,0.052357468
6778842e3f7e2e62756f7178,2,acuity_R8_block2,acuity,R8,2,35,35.0,0.602059991,2.0,0.7,2.3,0.01,0.111111111,0.01,-0.227707751,0.048533285
6778842e3f7e2e62756f7178,2,acuity_L8_block2,acuity,L8,2,35,35.0,0.602059991,2.0,0.7,2.3,0.01,0.111111111,0.01,-0.505051781,0.051012685
6778842e3f7e2e62756f7178,2,rsvp_foveal_block2,rsvp,foveal,2,72,72.0,0.301029996,2.0,0.7,2.3,0.01,0.038461538,0.01,-1.705496565,0.080142403
632c673f8b99c86ac2fba537,2,crowding_R8_block3,crowding,R8,3,35,35.0,0.301029996,2.0,0.7,2.3,0.01,0.111111111,0.01,0.534507737,0.047593819
632c673f8b99c86ac2fba537,2,crowding_L8_block3,crowding,L8,3,35,35.0,0.301029996,2.0,0.7,2.3,0.01,0.111111111,0.01,0.275159187,0.057010678
632c673f8b99c86ac2fba537,2,crowding_R8_block4,crowding,R8,4,35,35.0,0.301029996,2.0,0.7,2.3,0.01,0.111111111,0.01,0.391372359,0.048335416
632c673f8b99c86ac2fba537,2,crowding_L8_block4,crowding,L8,4,35,35.0,0.301029996,2.0,0.7,2.3,0.01,0.111111111,0.01,0.544651364,0.061775499
632c673f8b99c86ac2fba537,2,acuity_R8_block2,acuity,R8,2,35,35.0,0.602059991,2.0,0.7,2.3,0.01,0.111111111,0.01,-0.58625395,0.049817253
632c673f8b99c86ac2fba537,2,acuity_L8_block2,acuity,L8,2,35,35.0,0.602059991,2.0,0.7,2.3,0.01,0.111111111,0.01,-0.515213298,0.051373603
632c673f8b99c86ac2fba537,2,rsvp_foveal_block2,rsvp,foveal,2,72,72.0,0.301029996,2.0,0.7,2.3,0.01,0.038461538,0.01,-1.433546313,0.031654948
66b73f9ba035651170b94c76,2,crowding_R8_block3,crowding,R8,3,35,35.0,0.301029996,2.0,0.7,2.3,0.01,0.111111111,0.01,0.479747287,0.049978148
66b73f9ba035651170b94c76,2,crowding_L8_block3,crowding,L8,3,35,35.0,0.301029996,2.0,0.7,2.3,0.01,0.111111111,0.01,0.137040806,0.049491354
66b73f9ba035651170b94c76,2,crowding_R8_block4,crowding,R8,4,35,35.0,0.301029996,2.0,0.7,2.3,0.01,0.111111111,0.01,0.059658394,0.050746077
66b73f9ba035651170b94c76,2,crowding_L8_block4,crowding,L8,4,35,35.0,0.301029996,2.0,0.7,2.3,0.01,0.111111111,0.01,0.14751259,0.052588654
66b73f9ba035651170b94c76,2,acuity_R8_block2,acuity,R8,2,35,35.0,0.602059991,2.0,0.7,2.3,0.01,0.111111111,0.01,-0.44591369,0.05066675
66b73f9ba035651170b94c76,2,acuity_L8_block2,acuity,L8,2,35,35.0,0.602059991,2.0,0.7,2.3,0.01,0.111111111,0.01,-0.392901499,0.048919682
66b73f9ba035651170b94c76,2,rsvp_foveal_block2,rsvp,foveal,2,72,72.0,0.301029996,2.0,0.7,2.3,0.01,0.038461538,0.01,-1.518961515,0.034933873
638e2eed82fa613f2140ba13,2,crowding_R8_block3,crowding,R8,3,35,35.0,0.301029996,2.0,0.7,2.3,0.01,0.111111111,0.01,0.110727951,0.051695135
638e2eed82fa613f2140ba13,2,crowding_L8_block3,crowding,L8,3,35,35.0,0.301029996,2.0,0.7,2.3,0.01,0.111111111,0.01,0.640877469,0.046573556
638e2eed82fa613f2140ba13,2,crowding_R8_block4,crowding,R8,4,35,35.0,0.301029996,2.0,0.7,2.3,0.01,0.111111111,0.01,-0.114730662,0.050423452
638e2eed82fa613f2140ba13,2,crowding_L8_block4,crowding,L8,4,35,35.0,0.301029996,2.0,0.7,2.3,0.01,0.111111111,0.01,0.548256336,0.070743546
638e2eed82fa613f2140ba13,2,acuity_R8_block2,acuity,R8,2,35,35.0,0.602059991,2.0,0.7,2.3,0.01,0.111111111,0.01,-0.538401845,0.048849058
638e2eed82fa613f2140ba13,2,acuity_L8_block2,acuity,L8,2,35,35.0,0.602059991,2.0,0.7,2.3,0.01,0.111111111,0.01,-0.525517244,0.050120811
638e2eed82fa613f2140ba13,2,rsvp_foveal_block2,rsvp,foveal,2,72,72.0,0.301029996,2.0,0.7,2.3,0.01,0.038461538,0.01,-1.359671746,0.032008685
5f0788c06b220f03231666a0,2,crowding_R8_block3,crowding,R8,3,34,34.0,0.301029996,2.0,0.7,2.3,0.01,0.111111111,0.01,0.197503874,0.069779881
5f0788c06b220f03231666a0,2,crowding_L8_block3,crowding,L8,3,35,35.0,0.301029996,2.0,0.7,2.3,0.01,0.111111111,0.01,0.147248417,0.048137181
5f0788c06b220f03231666a0,2,crowding_R8_block4,crowding,R8,4,33,33.0,0.301029996,2.0,0.7,2.3,0.01,0.111111111,0.01,0.090429783,0.072342867
5f0788c06b220f03231666a0,2,crowding_L8_block4,crowding,L8,4,35,35.0,0.301029996,2.0,0.7,2.3,0.01,0.111111111,0.01,0.06382688,0.048065071
5f0788c06b220f03231666a0,2,acuity_R8_block2,acuity,R8,2,35,35.0,0.602059991,2.0,0.7,2.3,0.01,0.111111111,0.01,-0.438854025,0.050890257
5f0788c06b220f03231666a0,2,acuity_L8_block2,acuity,L8,2,35,35.0,0.602059991,2.0,0.7,2.3,0.01,0.111111111,0.01,-0.48298831,0.049531967
5f0788c06b220f03231666a0,2,rsvp_foveal_block2,rsvp,foveal,2,72,72.0,0.301029996,2.0,0.7,2.3,0.01,0.038461538,0.01,-1.535346626,0.031072097
66231fc6e1ecba676935943a,2,crowding_R8_block3,crowding,R8,3,35,35.0,0.301029996,2.0,0.7,2.3,0.01,0.111111111,0.01,0.185920232,0.04906719
66231fc6e1ecba676935943a,2,crowding_L8_block3,crowding,L8,3,35,35.0,0.301029996,2.0,0.7,2.3,0.01,0.111111111,0.01,0.17543121,0.075850772
66231fc6e1ecba676935943a,2,crowding_R8_block4,crowding,R8,4,35,35.0,0.301029996,2.0,0.7,2.3,0.01,0.111111111,0.01,0.367999766,0.047487792
66231fc6e1ecba676935943a,2,crowding_L8_block4,crowding,L8,4,35,35.0,0.301029996,2.0,0.7,2.3,0.01,0.111111111,0.01,0.378316202,0.06115235
66231fc6e1ecba676935943a,2,acuity_R8_block2,acuity,R8,2,35,35.0,0.602059991,2.0,0.7,2.3,0.01,0.111111111,0.01,-0.442038598,0.048574669
66231fc6e1ecba676935943a,2,acuity_L8_block2,acuity,L8,2,35,35.0,0.602059991,2.0,0.7,2.3,0.01,0.111111111,0.01,-0.359471937,0.05125513
66231fc6e1ecba676935943a,2,rsvp_foveal_block2,rsvp,foveal,2,72,72.0,0.301029996,2.0,0.7,2.3,0.01,0.038461538,0.01,-1.573543607,0.03846923
66929bbddece52b3d6569339,2,crowding_R8_block3,crowding,R8,3,35,35.0,0.301029996,2.0,0.7,2.3,0.01,0.111111111,0.01,0.027445432,0.048837417
66929bbddece52b3d6569339,2,crowding_L8_block3,crowding,L8,3,35,35.0,0.301029996,2.0,0.7,2.3,0.01,0.111111111,0.01,0.18696766,0.047939218
66929bbddece52b3d6569339,2,crowding_R8_block4,crowding,R8,4,35,35.0,0.301029996,2.0,0.7,2.3,0.01,0.111111111,0.01,-0.070673509,0.050802505
66929bbddece52b3d6569339,2,crowding_L8_block4,crowding,L8,4,35,35.0,0.301029996,2.0,0.7,2.3,0.01,0.111111111,0.01,-0.045789964,0.048692334
66929bbddece52b3d6569339,2,acuity_R8_block2,acuity,R8,2,35,35.0,0.602059991,2.0,0.7,2.3,0.01,0.111111111,0.01,-0.547950794,0.050891524
66929bbddece52b3d6569339,2,acuity_L8_block2,acuity,L8,2,35,35.0,0.602059991,2.0,0.7,2.3,0.01,0.111111111,0.01,-0.601204394,0.050007628
66929bbddece52b3d6569339,2,rsvp_foveal_block2,rsvp,foveal,2,72,72.0,0.301029996,2.0,0.7,2.3,0.01,0.038461538,0.01,-1.310895389,0.03415454
65178713fd459dd31fbfb62b,2,crowding_R8_block3,crowding,R8,3,35,35.0,0.301029996,2.0,0.7,2.3,0.01,0.111111111,0.01,-0.002294966,0.048887288
65178713fd459dd31fbfb62b,2,crowding_L8_block3,crowding,L8,3,35,35.0,0.301029996,2.0,0.7,2.3,0.01,0.111111111,0.01,-0.084388489,0.050949926
65178713fd459dd31fbfb62b,2,crowding_R8_block4,crowding,R8,4,35,35.0,0.301029996,2.0,0.7,2.3,0.01,0.111111111,0.01,0.139819221,0.051653564
65178713fd459dd31fbfb62b,2,crowding_L8_block4,crowding,L8,4,35,35.0,0.301029996,2.0,0.7,2.3,0.01,0.111111111,0.01,0.213571892,0.047919989
65178713fd459dd31fbfb62b,2,acuity_R8_block2,acuity,R8,2,35,35.0,0.602059991,2.0,0.7,2.3,0.01,0.111111111,0.01,-0.486243801,0.054381997
65178713fd459dd31fbfb62b,2,acuity_L8_block2,acuity,L8,2,35,35.0,0.602059991,2.0,0.7,2.3,0.01,0.111111111,0.01,-0.531629183,0.051638434
65178713fd459dd31fbfb62b,2,rsvp_foveal_block2,rsvp,foveal,2,72,72.0,0.301029996,2.0,0.7,2.3,0.01,0.038461538,0.01,-1.480517122,0.031981217
5685850c333cbd000d4e042f,2,crowding_R8_block3,crowding,R8,3,35,35.0,0.301029996,2.0,0.7,2.3,0.01,0.111111111,0.01,0.345697733,0.063268962
5685850c333cbd000d4e042f,2,crowding_L8_block3,crowding,L8,3,35,35.0,0.301029996,2.0,0.7,2.3,0.01,0.111111111,0.01,0.05809917,0.053883704
5685850c333cbd000d4e042f,2,crowding_R8_block4,crowding,R8,4,35,35.0,0.301029996,2.0,0.7,2.3,0.01,0.111111111,0.01,0.158951176,0.051049241
5685850c333cbd000d4e042f,2,crowding_L8_block4,crowding,L8,4,35,35.0,0.301029996,2.0,0.7,2.3,0.01,0.111111111,0.01,0.320166277,0.195396507
5685850c333cbd000d4e042f,2,acuity_R8_block2,acuity,R8,2,35,35.0,0.602059991,2.0,0.7,2.3,0.01,0.111111111,0.01,-0.580314401,0.047505321
5685850c333cbd000d4e042f,2,acuity_L8_block2,acuity,L8,2,35,35.0,0.602059991,2.0,0.7,2.3,0.01,0.111111111,0.01,-0.500856792,0.053353641
5685850c333cbd000d4e042f,2,rsvp_foveal_block2,rsvp,foveal,2,72,72.0,0.301029996,2.0,0.7,2.3,0.01,0.038461538,0.01,-1.496019849,0.031738838
66735fc590d2b006289002b6,2,crowding_R8_block3,crowding,R8,3,35,35.0,0.301029996,2.0,0.7,2.3,0.01,0.111111111,0.01,0.107299531,0.051412498
66735fc590d2b006289002b6,2,crowding_L8_block3,crowding,L8,3,35,35.0,0.301029996,2.0,0.7,2.3,0.01,0.111111111,0.01,0.308202355,0.047047306
66735fc590d2b006289002b6,2,crowding_R8_block4,crowding,R8,4,35,35.0,0.301029996,2.0,0.7,2.3,0.01,0.111111111,0.01,0.081458952,0.053889168
66735fc590d2b006289002b6,2,crowding_L8_block4,crowding,L8,4,35,35.0,0.301029996,2.0,0.7,2.3,0.01,0.111111111,0.01,0.231364321,0.050710009
66735fc590d2b006289002b6,2,acuity_R8_block2,acuity,R8,2,35,35.0,0.602059991,2.0,0.7,2.3,0.01,0.111111111,0.01,-0.447330226,0.048325755
66735fc590d2b006289002b6,2,acuity_L8_block2,acuity,L8,2,35,35.0,0.602059991,2.0,0.7,2.3,0.01,0.111111111,0.01,-0.460308236,0.052185012
66735fc590d2b006289002b6,2,rsvp_foveal_block2,rsvp,foveal,2,72,72.0,0.301029996,2.0,0.7,2.3,0.01,0.038461538,0.01,-1.241884185,0.03148095
67411aa0172afbb200bd2c59,2,crowding_R8_block3,crowding,R8,3,35,35.0,0.301029996,2.0,0.7,2.3,0.01,0.111111111,0.01,0.198309079,0.050629647
67411aa0172afbb200bd2c59,2,crowding_L8_block3,crowding,L8,3,35,35.0,0.301029996,2.0,0.7,2.3,0.01,0.111111111,0.01,0.153220388,0.052189602
67411aa0172afbb200bd2c59,2,crowding_R8_block4,crowding,R8,4,35,35.0,0.301029996,2.0,0.7,2.3,0.01,0.111111111,0.01,0.0349289,0.048901806
67411aa0172afbb200bd2c59,2,crowding_L8_block4,crowding,L8,4,35,35.0,0.301029996,2.0,0.7,2.3,0.01,0.111111111,0.01,0.277788835,0.04681871
67411aa0172afbb200bd2c59,2,acuity_R8_block2,acuity,R8,2,35,35.0,0.602059991,2.0,0.7,2.3,0.01,0.111111111,0.01,-0.466736184,0.054641668
67411aa0172afbb200bd2c59,2,acuity_L8_block2,acuity,L8,2,35,35.0,0.602059991,2.0,0.7,2.3,0.01,0.111111111,0.01,-0.414992735,0.081329435
67411aa0172afbb200bd2c59,2,rsvp_foveal_block2,rsvp,foveal,2,72,72.0,0.301029996,2.0,0.7,2.3,0.01,0.038461538,0.01,-1.487129773,0.032007488
6665fdcffb9c8e828cd159cd,2,crowding_R8_block3,crowding,R8,3,35,35.0,0.301029996,2.0,0.7,2.3,0.01,0.111111111,0.01,0.585346581,0.048329686
6665fdcffb9c8e828cd159cd,2,crowding_L8_block3,crowding,L8,3,35,35.0,0.301029996,2.0,0.7,2.3,0.01,0.111111111,0.01,0.64368003,0.050486194
6665fdcffb9c8e828cd159cd,2,crowding_R8_block4,crowding,R8,4,35,35.0,0.301029996,2.0,0.7,2.3,0.01,0.111111111,0.01,0.559051514,0.051921853
6665fdcffb9c8e828cd159cd,2,crowding_L8_block4,crowding,L8,4,35,35.0,0.301029996,2.0,0.7,2.3,0.01,0.111111111,0.01,0.476143139,0.047806459
6665fdcffb9c8e828cd159cd,2,acuity_R8_block2,acuity,R8,2,35,35.0,0.602059991,2.0,0.7,2.3,0.01,0.111111111,0.01,-0.537003642,0.054646361
6665fdcffb9c8e828cd159cd,2,acuity_L8_block2,acuity,L8,2,35,35.0,0.602059991,2.0,0.7,2.3,0.01,0.111111111,0.01,-0.523559893,0.04898382
6665fdcffb9c8e828cd159cd,2,rsvp_foveal_block2,rsvp,foveal,2,72,72.0,0.301029996,2.0,0.7,2.3,0.01,0.038461538,0.01,-1.137944551,0.031643816
673feeafa80a279f5cc63e33,2,crowding_R8_block3,crowding,R8,3,23,23.0,0.301029996,2.0,0.7,2.3,0.01,0.111111111,0.01,0.12719713,0.100745992
673feeafa80a279f5cc63e33,2,crowding_L8_block3,crowding,L8,3,25,25.0,0.301029996,2.0,0.7,2.3,0.01,0.111111111,0.01,0.822490298,0.058674279
673feeafa80a279f5cc63e33,2,crowding_R8_block4,crowding,R8,4,35,35.0,0.301029996,2.0,0.7,2.3,0.01,0.111111111,0.01,0.558238011,0.050245453
673feeafa80a279f5cc63e33,2,crowding_L8_block4,crowding,L8,4,35,35.0,0.301029996,2.0,0.7,2.3,0.01,0.111111111,0.01,0.77518354,0.061107578
673feeafa80a279f5cc63e33,2,acuity_R8_block2,acuity,R8,2,34,34.0,0.602059991,2.0,0.7,2.3,0.01,0.111111111,0.01,-0.44462221,0.049406076
673feeafa80a279f5cc63e33,2,acuity_L8_block2,acuity,L8,2,35,35.0,0.602059991,2.0,0.7,2.3,0.01,0.111111111,0.01,-0.374334509,0.053125807
673feeafa80a279f5cc63e33,2,rsvp_foveal_block2,rsvp,foveal,2,72,72.0,0.301029996,2.0,0.7,2.3,0.01,0.038461538,0.01,-1.162397726,0.031658559
63f78d9a7a3d118594efff74,2,crowding_R8_block3,crowding,R8,3,35,35.0,0.301029996,2.0,0.7,2.3,0.01,0.111111111,0.01,0.263496337,0.048381927
63f78d9a7a3d118594efff74,2,crowding_L8_block3,crowding,L8,3,35,35.0,0.301029996,2.0,0.7,2.3,0.01,0.111111111,0.01,0.122054449,0.048816373
63f78d9a7a3d118594efff74,2,crowding_R8_block4,crowding,R8,4,35,35.0,0.301029996,2.0,0.7,2.3,0.01,0.111111111,0.01,0.377560686,0.062223386
63f78d9a7a3d118594efff74,2,crowding_L8_block4,crowding,L8,4,35,35.0,0.301029996,2.0,0.7,2.3,0.01,0.111111111,0.01,0.206554114,0.05318464
63f78d9a7a3d118594efff74,2,acuity_R8_block2,acuity,R8,2,35,35.0,0.602059991,2.0,0.7,2.3,0.01,0.111111111,0.01,-0.570266802,0.049998785
63f78d9a7a3d118594efff74,2,acuity_L8_block2,acuity,L8,2,35,35.0,0.602059991,2.0,0.7,2.3,0.01,0.111111111,0.01,-0.592108826,0.047001682
63f78d9a7a3d118594efff74,2,rsvp_foveal_block2,rsvp,foveal,2,72,72.0,0.301029996,2.0,0.7,2.3,0.01,0.038461538,0.01,-1.213081322,0.031450172
60c329e4a31bf9f8b6c87b3d,2,crowding_R8_block3,crowding,R8,3,35,35.0,0.301029996,2.0,0.7,2.3,0.01,0.111111111,0.01,-0.224491699,0.052817233
60c329e4a31bf9f8b6c87b3d,2,crowding_L8_block3,crowding,L8,3,35,35.0,0.301029996,2.0,0.7,2.3,0.01,0.111111111,0.01,-0.028460341,0.051959744
60c329e4a31bf9f8b6c87b3d,2,crowding_R8_block4,crowding,R8,4,35,35.0,0.301029996,2.0,0.7,2.3,0.01,0.111111111,0.01,-0.093385041,0.050104602
60c329e4a31bf9f8b6c87b3d,2,crowding_L8_block4,crowding,L8,4,35,35.0,0.301029996,2.0,0.7,2.3,0.01,0.111111111,0.01,0.166997753,0.049857724
60c329e4a31bf9f8b6c87b3d,2,acuity_R8_block2,acuity,R8,2,35,35.0,0.602059991,2.0,0.7,2.3,0.01,0.111111111,0.01,-0.660095221,0.049979812
60c329e4a31bf9f8b6c87b3d,2,acuity_L8_block2,acuity,L8,2,35,35.0,0.602059991,2.0,0.7,2.3,0.01,0.111111111,0.01,-0.430589688,0.05062592
60c329e4a31bf9f8b6c87b3d,2,rsvp_foveal_block2,rsvp,foveal,2,72,72.0,0.301029996,2.0,0.7,2.3,0.01,0.038461538,0.01,-1.343420093,0.031550785
588a59813e1f290001aa78c1,2,crowding_R8_block3,crowding,R8,3,35,35.0,0.301029996,2.0,0.7,2.3,0.01,0.111111111,0.01,0.233970995,0.048201341
588a59813e1f290001aa78c1,2,crowding_L8_block3,crowding,L8,3,35,35.0,0.301029996,2.0,0.7,2.3,0.01,0.111111111,0.01,0.481517613,0.054525196
588a59813e1f290001aa78c1,2,crowding_R8_block4,crowding,R8,4,35,35.0,0.301029996,2.0,0.7,2.3,0.01,0.111111111,0.01,0.112506234,0.050832918
588a59813e1f290001aa78c1,2,crowding_L8_block4,crowding,L8,4,35,35.0,0.301029996,2.0,0.7,2.3,0.01,0.111111111,0.01,0.246346996,0.063770242
588a59813e1f290001aa78c1,2,acuity_R8_block2,acuity,R8,2,35,35.0,0.602059991,2.0,0.7,2.3,0.01,0.111111111,0.01,-0.547376511,0.049362873
588a59813e1f290001aa78c1,2,acuity_L8_block2,acuity,L8,2,35,35.0,0.602059991,2.0,0.7,2.3,0.01,0.111111111,0.01,-0.620482317,0.04857095
588a59813e1f290001aa78c1,2,rsvp_foveal_block2,rsvp,foveal,2,72,72.0,0.301029996,2.0,0.7,2.3,0.01,0.038461538,0.01,-1.410205994,0.031146245
56b78f11e77ebe000cbefe79,2,crowding_R8_block3,crowding,R8,3,32,32.0,0.301029996,2.0,0.7,2.3,0.01,0.111111111,0.01,0.172005726,0.051359923
56b78f11e77ebe000cbefe79,2,crowding_L8_block3,crowding,L8,3,24,24.0,0.301029996,2.0,0.7,2.3,0.01,0.111111111,0.01,0.40664342,0.092739968
56b78f11e77ebe000cbefe79,2,crowding_R8_block4,crowding,R8,4,29,29.0,0.301029996,2.0,0.7,2.3,0.01,0.111111111,0.01,0.084795222,0.059806692
56b78f11e77ebe000cbefe79,2,crowding_L8_block4,crowding,L8,4,28,28.0,0.301029996,2.0,0.7,2.3,0.01,0.111111111,0.01,0.309305889,0.061794129
56b78f11e77ebe000cbefe79,2,acuity_R8_block2,acuity,R8,2,35,35.0,0.602059991,2.0,0.7,2.3,0.01,0.111111111,0.01,-0.478393288,0.049181185
56b78f11e77ebe000cbefe79,2,acuity_L8_block2,acuity,L8,2,34,34.0,0.602059991,2.0,0.7,2.3,0.01,0.111111111,0.01,-0.401816793,0.051185395
56b78f11e77ebe000cbefe79,2,rsvp_foveal_block2,rsvp,foveal,2,72,72.0,0.301029996,2.0,0.7,2.3,0.01,0.038461538,0.01,-1.473234053,0.032297791
656bb5b282d8f0267db9d167,2,crowding_R8_block3,crowding,R8,3,35,35.0,0.301029996,2.0,0.7,2.3,0.01,0.111111111,0.01,0.483141489,0.05002554
656bb5b282d8f0267db9d167,2,crowding_L8_block3,crowding,L8,3,35,35.0,0.301029996,2.0,0.7,2.3,0.01,0.111111111,0.01,0.32826762,0.058502625
656bb5b282d8f0267db9d167,2,crowding_R8_block4,crowding,R8,4,35,35.0,0.301029996,2.0,0.7,2.3,0.01,0.111111111,0.01,0.314349855,0.049478694
656bb5b282d8f0267db9d167,2,crowding_L8_block4,crowding,L8,4,35,35.0,0.301029996,2.0,0.7,2.3,0.01,0.111111111,0.01,0.469767274,0.534345977
656bb5b282d8f0267db9d167,2,acuity_R8_block2,acuity,R8,2,35,35.0,0.602059991,2.0,0.7,2.3,0.01,0.111111111,0.01,-0.566938228,0.049542856
656bb5b282d8f0267db9d167,2,acuity_L8_block2,acuity,L8,2,35,35.0,0.602059991,2.0,0.7,2.3,0.01,0.111111111,0.01,-0.505333933,0.049509757
656bb5b282d8f0267db9d167,2,rsvp_foveal_block2,rsvp,foveal,2,72,72.0,0.301029996,2.0,0.7,2.3,0.01,0.038461538,0.01,-1.416247631,0.031514142
666a55efa1dfe5f75c655953,2,crowding_R8_block3,crowding,R8,3,35,35.0,0.301029996,2.0,0.7,2.3,0.01,0.111111111,0.01,0.294815162,0.04658298
666a55efa1dfe5f75c655953,2,crowding_L8_block3,crowding,L8,3,35,35.0,0.301029996,2.0,0.7,2.3,0.01,0.111111111,0.01,0.377142822,0.053203368
666a55efa1dfe5f75c655953,2,crowding_R8_block4,crowding,R8,4,35,35.0,0.301029996,2.0,0.7,2.3,0.01,0.111111111,0.01,0.546545326,0.047205559
666a55efa1dfe5f75c655953,2,crowding_L8_block4,crowding,L8,4,35,35.0,0.301029996,2.0,0.7,2.3,0.01,0.111111111,0.01,0.478194901,0.045646346
666a55efa1dfe5f75c655953,2,acuity_R8_block2,acuity,R8,2,35,35.0,0.602059991,2.0,0.7,2.3,0.01,0.111111111,0.01,-0.458803707,0.049518333
666a55efa1dfe5f75c655953,2,acuity_L8_block2,acuity,L8,2,35,35.0,0.602059991,2.0,0.7,2.3,0.01,0.111111111,0.01,-0.537534168,0.053344924
666a55efa1dfe5f75c655953,2,rsvp_foveal_block2,rsvp,foveal,2,72,72.0,0.301029996,2.0,0.7,2.3,0.01,0.038461538,0.01,-1.264651809,0.032197041
664e7baa0d6008036181a712,2,crowding_R8_block3,crowding,R8,3,35,35.0,0.301029996,2.0,0.7,2.3,0.01,0.111111111,0.01,0.345172558,0.049617723
664e7baa0d6008036181a712,2,crowding_L8_block3,crowding,L8,3,35,35.0,0.301029996,2.0,0.7,2.3,0.01,0.111111111,0.01,0.419760733,0.05250697
664e7baa0d6008036181a712,2,crowding_R8_block4,crowding,R8,4,35,35.0,0.301029996,2.0,0.7,2.3,0.01,0.111111111,0.01,0.207557848,0.056307414
664e7baa0d6008036181a712,2,crowding_L8_block4,crowding,L8,4,35,35.0,0.301029996,2.0,0.7,2.3,0.01,0.111111111,0.01,0.032473842,0.06599031
664e7baa0d6008036181a712,2,acuity_R8_block2,acuity,R8,2,35,35.0,0.602059991,2.0,0.7,2.3,0.01,0.111111111,0.01,-0.462397105,0.049529536
664e7baa0d6008036181a712,2,acuity_L8_block2,acuity,L8,2,35,35.0,0.602059991,2.0,0.7,2.3,0.01,0.111111111,0.01,-0.497236682,0.048848334
664e7baa0d6008036181a712,2,rsvp_foveal_block2,rsvp,foveal,2,72,72.0,0.301029996,2.0,0.7,2.3,0.01,0.038461538,0.01,-1.400371359,0.033145098
6682fb350787f54e89d4001b,2,crowding_R8_block3,crowding,R8,3,35,35.0,0.301029996,2.0,0.7,2.3,0.01,0.111111111,0.01,0.813134941,0.050666381
6682fb350787f54e89d4001b,2,crowding_L8_block3,crowding,L8,3,35,35.0,0.301029996,2.0,0.7,2.3,0.01,0.111111111,0.01,0.878666147,0.048628047
6682fb350787f54e89d4001b,2,crowding_R8_block4,crowding,R8,4,35,35.0,0.301029996,2.0,0.7,2.3,0.01,0.111111111,0.01,0.72602064,0.048502552
6682fb350787f54e89d4001b,2,crowding_L8_block4,crowding,L8,4,35,35.0,0.301029996,2.0,0.7,2.3,0.01,0.111111111,0.01,0.785452529,0.050113956
6682fb350787f54e89d4001b,2,acuity_R8_block2,acuity,R8,2,35,35.0,0.602059991,2.0,0.7,2.3,0.01,0.111111111,0.01,-0.353205636,0.049612531
6682fb350787f54e89d4001b,2,acuity_L8_block2,acuity,L8,2,35,35.0,0.602059991,2.0,0.7,2.3,0.01,0.111111111,0.01,-0.27036791,0.051887196
6682fb350787f54e89d4001b,2,rsvp_foveal_block2,rsvp,foveal,2,72,72.0,0.301029996,2.0,0.7,2.3,0.01,0.038461538,0.01,-1.043295048,0.034171434
62db2644ab0a3a353c0dcb54,2,crowding_R8_block3,crowding,R8,3,35,35.0,0.301029996,2.0,0.7,2.3,0.01,0.111111111,0.01,0.130455226,0.054728407
62db2644ab0a3a353c0dcb54,2,crowding_L8_block3,crowding,L8,3,35,35.0,0.301029996,2.0,0.7,2.3,0.01,0.111111111,0.01,0.641491785,0.047939268
62db2644ab0a3a353c0dcb54,2,crowding_R8_block4,crowding,R8,4,35,35.0,0.301029996,2.0,0.7,2.3,0.01,0.111111111,0.01,0.059093394,0.0488318
62db2644ab0a3a353c0dcb54,2,crowding_L8_block4,crowding,L8,4,35,35.0,0.301029996,2.0,0.7,2.3,0.01,0.111111111,0.01,0.311260386,0.047887908
62db2644ab0a3a353c0dcb54,2,acuity_R8_block2,acuity,R8,2,35,35.0,0.602059991,2.0,0.7,2.3,0.01,0.111111111,0.01,-0.432287462,0.048632723
62db2644ab0a3a353c0dcb54,2,acuity_L8_block2,acuity,L8,2,35,35.0,0.602059991,2.0,0.7,2.3,0.01,0.111111111,0.01,-0.526759695,0.048638507
62db2644ab0a3a353c0dcb54,2,rsvp_foveal_block2,rsvp,foveal,2,72,72.0,0.301029996,2.0,0.7,2.3,0.01,0.038461538,0.01,-1.405204762,0.031021566
666fb6f24d1c14f333eb4a0a,2,crowding_R8_block3,crowding,R8,3,35,35.0,0.301029996,2.0,0.7,2.3,0.01,0.111111111,0.01,0.470856824,0.049689838
666fb6f24d1c14f333eb4a0a,2,crowding_L8_block3,crowding,L8,3,35,35.0,0.301029996,2.0,0.7,2.3,0.01,0.111111111,0.01,0.311689958,0.053315691
666fb6f24d1c14f333eb4a0a,2,crowding_R8_block4,crowding,R8,4,35,35.0,0.301029996,2.0,0.7,2.3,0.01,0.111111111,0.01,0.158181119,0.056036928
666fb6f24d1c14f333eb4a0a,2,crowding_L8_block4,crowding,L8,4,35,35.0,0.301029996,2.0,0.7,2.3,0.01,0.111111111,0.01,0.257144821,0.064963774
666fb6f24d1c14f333eb4a0a,2,acuity_R8_block2,acuity,R8,2,35,35.0,0.602059991,2.0,0.7,2.3,0.01,0.111111111,0.01,-0.507371239,0.048671272
666fb6f24d1c14f333eb4a0a,2,acuity_L8_block2,acuity,L8,2,35,35.0,0.602059991,2.0,0.7,2.3,0.01,0.111111111,0.01,-0.537798999,0.04734324
666fb6f24d1c14f333eb4a0a,2,rsvp_foveal_block2,rsvp,foveal,2,72,72.0,0.301029996,2.0,0.7,2.3,0.01,0.038461538,0.01,-1.59199864,0.031303429
647c65c5acb91c89819c7970,2,crowding_R8_block3,crowding,R8,3,35,35.0,0.301029996,2.0,0.7,2.3,0.01,0.111111111,0.01,0.334188021,0.050806997
647c65c5acb91c89819c7970,2,crowding_L8_block3,crowding,L8,3,35,35.0,0.301029996,2.0,0.7,2.3,0.01,0.111111111,0.01,0.68517328,0.048910969
647c65c5acb91c89819c7970,2,crowding_R8_block4,crowding,R8,4,35,35.0,0.301029996,2.0,0.7,2.3,0.01,0.111111111,0.01,0.586944034,0.050440403
647c65c5acb91c89819c7970,2,crowding_L8_block4,crowding,L8,4,35,35.0,0.301029996,2.0,0.7,2.3,0.01,0.111111111,0.01,0.596238649,0.070317662
647c65c5acb91c89819c7970,2,acuity_R8_block2,acuity,R8,2,35,35.0,0.602059991,2.0,0.7,2.3,0.01,0.111111111,0.01,-0.460121336,0.054518089
647c65c5acb91c89819c7970,2,acuity_L8_block2,acuity,L8,2,35,35.0,0.602059991,2.0,0.7,2.3,0.01,0.111111111,0.01,-0.362922061,0.050892736
647c65c5acb91c89819c7970,2,rsvp_foveal_block2,rsvp,foveal,2,72,72.0,0.301029996,2.0,0.7,2.3,0.01,0.038461538,0.01,-1.144635416,0.036201808
5d743ec4869c8f0019b35907,2,crowding_R8_block3,crowding,R8,3,35,35.0,0.301029996,2.0,0.7,2.3,0.01,0.111111111,0.01,0.605139854,0.048060191
5d743ec4869c8f0019b35907,2,crowding_L8_block3,crowding,L8,3,35,35.0,0.301029996,2.0,0.7,2.3,0.01,0.111111111,0.01,0.594636241,0.049979323
5d743ec4869c8f0019b35907,2,crowding_R8_block4,crowding,R8,4,35,35.0,0.301029996,2.0,0.7,2.3,0.01,0.111111111,0.01,0.279130259,0.057702453
5d743ec4869c8f0019b35907,2,crowding_L8_block4,crowding,L8,4,34,34.0,0.301029996,2.0,0.7,2.3,0.01,0.111111111,0.01,0.475708454,0.049904702
5d743ec4869c8f0019b35907,2,acuity_R8_block2,acuity,R8,2,35,35.0,0.602059991,2.0,0.7,2.3,0.01,0.111111111,0.01,-0.362688551,0.053220235
5d743ec4869c8f0019b35907,2,acuity_L8_block2,acuity,L8,2,34,34.0,0.602059991,2.0,0.7,2.3,0.01,0.111111111,0.01,-0.460526131,0.069369976
5d743ec4869c8f0019b35907,2,rsvp_foveal_block2,rsvp,foveal,2,72,72.0,0.301029996,2.0,0.7,2.3,0.01,0.038461538,0.01,-1.302108311,0.030904107
672135003f5e272c889620ea,2,crowding_R8_block3,crowding,R8,3,35,35.0,0.301029996,2.0,0.7,2.3,0.01,0.111111111,0.01,0.01563385,0.052162365
672135003f5e272c889620ea,2,crowding_L8_block3,crowding,L8,3,35,35.0,0.301029996,2.0,0.7,2.3,0.01,0.111111111,0.01,0.518075346,0.051728348
672135003f5e272c889620ea,2,crowding_R8_block4,crowding,R8,4,35,35.0,0.301029996,2.0,0.7,2.3,0.01,0.111111111,0.01,0.039906754,0.056892101
672135003f5e272c889620ea,2,crowding_L8_block4,crowding,L8,4,35,35.0,0.301029996,2.0,0.7,2.3,0.01,0.111111111,0.01,0.207964288,0.05198785
672135003f5e272c889620ea,2,acuity_R8_block2,acuity,R8,2,35,35.0,0.602059991,2.0,0.7,2.3,0.01,0.111111111,0.01,-0.523789162,0.049863459
672135003f5e272c889620ea,2,acuity_L8_block2,acuity,L8,2,36,36.0,0.602059991,2.0,0.7,2.3,0.01,0.111111111,0.01,-0.45555065,0.04767121
672135003f5e272c889620ea,2,rsvp_foveal_block2,rsvp,foveal,2,72,72.0,0.301029996,2.0,0.7,2.3,0.01,0.038461538,0.01,-1.571664721,0.03099984
672628f1dd186b536530f278,2,crowding_R8_block3,crowding,R8,3,35,35.0,0.301029996,2.0,0.7,2.3,0.01,0.111111111,0.01,0.280371244,0.053695432
672628f1dd186b536530f278,2,crowding_L8_block3,crowding,L8,3,36,36.0,0.301029996,2.0,0.7,2.3,0.01,0.111111111,0.01,0.48830895,0.063196671
672628f1dd186b536530f278,2,crowding_R8_block4,crowding,R8,4,35,35.0,0.301029996,2.0,0.7,2.3,0.01,0.111111111,0.01,0.321586408,0.048753092
672628f1dd186b536530f278,2,crowding_L8_block4,crowding,L8,4,35,35.0,0.301029996,2.0,0.7,2.3,0.01,0.111111111,0.01,0.525298384,0.051850801
672628f1dd186b536530f278,2,acuity_R8_block2,acuity,R8,2,35,35.0,0.602059991,2.0,0.7,2.3,0.01,0.111111111,0.01,-0.532892732,0.05119266
672628f1dd186b536530f278,2,acuity_L8_block2,acuity,L8,2,35,35.0,0.602059991,2.0,0.7,2.3,0.01,0.111111111,0.01,-0.552370769,0.048941958
672628f1dd186b536530f278,2,rsvp_foveal_block2,rsvp,foveal,2,72,72.0,0.301029996,2.0,0.7,2.3,0.01,0.038461538,0.01,-1.544195888,0.03098771
5af1c4dfaec2b600010a96c9,2,crowding_R8_block3,crowding,R8,3,35,35.0,0.301029996,2.0,0.7,2.3,0.01,0.111111111,0.01,0.608421937,0.050507424
5af1c4dfaec2b600010a96c9,2,crowding_L8_block3,crowding,L8,3,35,35.0,0.301029996,2.0,0.7,2.3,0.01,0.111111111,0.01,0.345880954,0.059916636
5af1c4dfaec2b600010a96c9,2,crowding_R8_block4,crowding,R8,4,35,35.0,0.301029996,2.0,0.7,2.3,0.01,0.111111111,0.01,0.678687642,0.048904421
5af1c4dfaec2b600010a96c9,2,crowding_L8_block4,crowding,L8,4,35,35.0,0.301029996,2.0,0.7,2.3,0.01,0.111111111,0.01,0.207752947,0.049661501
5af1c4dfaec2b600010a96c9,2,acuity_R8_block2,acuity,R8,2,35,35.0,0.602059991,2.0,0.7,2.3,0.01,0.111111111,0.01,-0.274468851,0.049378231
5af1c4dfaec2b600010a96c9,2,acuity_L8_block2,acuity,L8,2,35,35.0,0.602059991,2.0,0.7,2.3,0.01,0.111111111,0.01,-0.3060632,0.049647964
5af1c4dfaec2b600010a96c9,2,rsvp_foveal_block2,rsvp,foveal,2,72,72.0,0.301029996,2.0,0.7,2.3,0.01,0.038461538,0.01,-1.032348549,0.031416256
65031d5ca9f619d9e0412f0a,2,crowding_R8_block3,crowding,R8,3,35,35.0,0.301029996,2.0,0.7,2.3,0.01,0.111111111,0.01,0.554269403,0.065861392
65031d5ca9f619d9e0412f0a,2,crowding_L8_block3,crowding,L8,3,35,35.0,0.301029996,2.0,0.7,2.3,0.01,0.111111111,0.01,0.483499708,0.047866889
65031d5ca9f619d9e0412f0a,2,crowding_R8_block4,crowding,R8,4,35,35.0,0.301029996,2.0,0.7,2.3,0.01,0.111111111,0.01,0.564759217,0.049710003
65031d5ca9f619d9e0412f0a,2,crowding_L8_block4,crowding,L8,4,35,35.0,0.301029996,2.0,0.7,2.3,0.01,0.111111111,0.01,0.576913412,0.320395868
65031d5ca9f619d9e0412f0a,2,acuity_R8_block2,acuity,R8,2,35,35.0,0.602059991,2.0,0.7,2.3,0.01,0.111111111,0.01,-0.385678169,0.049637865
65031d5ca9f619d9e0412f0a,2,acuity_L8_block2,acuity,L8,2,35,35.0,0.602059991,2.0,0.7,2.3,0.01,0.111111111,0.01,-0.321307731,0.047566
65031d5ca9f619d9e0412f0a,2,rsvp_foveal_block2,rsvp,foveal,2,72,72.0,0.301029996,2.0,0.7,2.3,0.01,0.038461538,0.01,-1.430055513,0.031301252
672feab4c04c20d23bc0e95d,2,crowding_R8_block3,crowding,R8,3,35,35.0,0.301029996,2.0,0.7,2.3,0.01,0.111111111,0.01,0.306476201,0.060130144
672feab4c04c20d23bc0e95d,2,crowding_L8_block3,crowding,L8,3,35,35.0,0.301029996,2.0,0.7,2.3,0.01,0.111111111,0.01,0.315753375,0.047971141
672feab4c04c20d23bc0e95d,2,crowding_R8_block4,crowding,R8,4,35,35.0,0.301029996,2.0,0.7,2.3,0.01,0.111111111,0.01,-0.05432409,0.049374634
672feab4c04c20d23bc0e95d,2,crowding_L8_block4,crowding,L8,4,35,35.0,0.301029996,2.0,0.7,2.3,0.01,0.111111111,0.01,0.036593857,0.04945966
672feab4c04c20d23bc0e95d,2,acuity_R8_block2,acuity,R8,2,35,35.0,0.602059991,2.0,0.7,2.3,0.01,0.111111111,0.01,-0.607478254,0.048968878
672feab4c04c20d23bc0e95d,2,acuity_L8_block2,acuity,L8,2,35,35.0,0.602059991,2.0,0.7,2.3,0.01,0.111111111,0.01,-0.625247663,0.046904978
672feab4c04c20d23bc0e95d,2,rsvp_foveal_block2,rsvp,foveal,2,72,72.0,0.301029996,2.0,0.7,2.3,0.01,0.038461538,0.01,-1.535346626,0.031072097
67df1fe4815dd262e75aac89,2,crowding_R8_block3,crowding,R8,3,35,35.0,0.301029996,2.0,0.7,2.3,0.01,0.111111111,0.01,0.406243199,0.048347804
67df1fe4815dd262e75aac89,2,crowding_L8_block3,crowding,L8,3,35,35.0,0.301029996,2.0,0.7,2.3,0.01,0.111111111,0.01,0.230483294,0.049984287
67df1fe4815dd262e75aac89,2,crowding_R8_block4,crowding,R8,4,35,35.0,0.301029996,2.0,0.7,2.3,0.01,0.111111111,0.01,0.303387826,0.048928572
67df1fe4815dd262e75aac89,2,crowding_L8_block4,crowding,L8,4,35,35.0,0.301029996,2.0,0.7,2.3,0.01,0.111111111,0.01,0.404100903,0.053011622
67df1fe4815dd262e75aac89,2,acuity_R8_block2,acuity,R8,2,35,35.0,0.602059991,2.0,0.7,2.3,0.01,0.111111111,0.01,-0.523694281,0.050208709
67df1fe4815dd262e75aac89,2,acuity_L8_block2,acuity,L8,2,35,35.0,0.602059991,2.0,0.7,2.3,0.01,0.111111111,0.01,-0.548928995,0.050980679
67df1fe4815dd262e75aac89,2,rsvp_foveal_block2,rsvp,foveal,2,72,72.0,0.301029996,2.0,0.7,2.3,0.01,0.038461538,0.01,-1.295411018,0.031147179
66d4407f31981698998d25d8,2,crowding_R8_block3,crowding,R8,3,35,35.0,0.301029996,2.0,0.7,2.3,0.01,0.111111111,0.01,0.347806688,0.049362343
66d4407f31981698998d25d8,2,crowding_L8_block3,crowding,L8,3,35,35.0,0.301029996,2.0,0.7,2.3,0.01,0.111111111,0.01,0.291264926,0.052425681
66d4407f31981698998d25d8,2,crowding_R8_block4,crowding,R8,4,35,35.0,0.301029996,2.0,0.7,2.3,0.01,0.111111111,0.01,0.107841845,0.047720813
66d4407f31981698998d25d8,2,crowding_L8_block4,crowding,L8,4,35,35.0,0.301029996,2.0,0.7,2.3,0.01,0.111111111,0.01,-0.016028872,0.048441416
66d4407f31981698998d25d8,2,acuity_R8_block2,acuity,R8,2,35,35.0,0.602059991,2.0,0.7,2.3,0.01,0.111111111,0.01,-0.673935076,0.046598728
66d4407f31981698998d25d8,2,acuity_L8_block2,acuity,L8,2,35,35.0,0.602059991,2.0,0.7,2.3,0.01,0.111111111,0.01,-0.544158527,0.049709548
66d4407f31981698998d25d8,2,rsvp_foveal_block2,rsvp,foveal,2,72,72.0,0.301029996,2.0,0.7,2.3,0.01,0.038461538,0.01,-1.13540946,0.032346725
5fe40aa4dfcbb916af9c599a,2,crowding_R8_block3,crowding,R8,3,35,35.0,0.301029996,2.0,0.7,2.3,0.01,0.111111111,0.01,0.240984861,0.046997067
5fe40aa4dfcbb916af9c599a,2,crowding_L8_block3,crowding,L8,3,35,35.0,0.301029996,2.0,0.7,2.3,0.01,0.111111111,0.01,-0.001611852,0.050179186
5fe40aa4dfcbb916af9c599a,2,crowding_R8_block4,crowding,R8,4,35,35.0,0.301029996,2.0,0.7,2.3,0.01,0.111111111,0.01,0.378835447,0.04739556
5fe40aa4dfcbb916af9c599a,2,crowding_L8_block4,crowding,L8,4,35,35.0,0.301029996,2.0,0.7,2.3,0.01,0.111111111,0.01,0.215229358,0.061169547
5fe40aa4dfcbb916af9c599a,2,acuity_R8_block2,acuity,R8,2,35,35.0,0.602059991,2.0,0.7,2.3,0.01,0.111111111,0.01,-0.565489983,0.050595148
5fe40aa4dfcbb916af9c599a,2,acuity_L8_block2,acuity,L8,2,35,35.0,0.602059991,2.0,0.7,2.3,0.01,0.111111111,0.01,-0.458434909,0.049096357
5fe40aa4dfcbb916af9c599a,2,rsvp_foveal_block2,rsvp,foveal,2,72,72.0,0.301029996,2.0,0.7,2.3,0.01,0.038461538,0.01,-1.613989911,0.032025791
67c74ce85a53a3888145adfd,2,crowding_R8_block3,crowding,R8,3,35,35.0,0.301029996,2.0,0.7,2.3,0.01,0.111111111,0.01,0.249059408,0.081719859
67c74ce85a53a3888145adfd,2,crowding_L8_block3,crowding,L8,3,35,35.0,0.301029996,2.0,0.7,2.3,0.01,0.111111111,0.01,0.247736105,0.047789813
67c74ce85a53a3888145adfd,2,crowding_R8_block4,crowding,R8,4,35,35.0,0.301029996,2.0,0.7,2.3,0.01,0.111111111,0.01,0.001238211,0.051151407
67c74ce85a53a3888145adfd,2,crowding_L8_block4,crowding,L8,4,35,35.0,0.301029996,2.0,0.7,2.3,0.01,0.111111111,0.01,0.28334938,0.050901256
67c74ce85a53a3888145adfd,2,acuity_R8_block2,acuity,R8,2,35,35.0,0.602059991,2.0,0.7,2.3,0.01,0.111111111,0.01,-0.364886757,0.057293866
67c74ce85a53a3888145adfd,2,acuity_L8_block2,acuity,L8,2,35,35.0,0.602059991,2.0,0.7,2.3,0.01,0.111111111,0.01,-0.459947697,0.054375943
67c74ce85a53a3888145adfd,2,rsvp_foveal_block2,rsvp,foveal,2,72,72.0,0.301029996,2.0,0.7,2.3,0.01,0.038461538,0.01,-1.58178806,0.031110233
67acbb030811018b016dcaf7,2,crowding_R8_block3,crowding,R8,3,35,35.0,0.301029996,2.0,0.7,2.3,0.01,0.111111111,0.01,-0.044679445,0.067815249
67acbb030811018b016dcaf7,2,crowding_L8_block3,crowding,L8,3,35,35.0,0.301029996,2.0,0.7,2.3,0.01,0.111111111,0.01,0.044584606,0.058024232
67acbb030811018b016dcaf7,2,crowding_R8_block4,crowding,R8,4,35,35.0,0.301029996,2.0,0.7,2.3,0.01,0.111111111,0.01,-0.056584185,0.050255389
67acbb030811018b016dcaf7,2,crowding_L8_block4,crowding,L8,4,35,35.0,0.301029996,2.0,0.7,2.3,0.01,0.111111111,0.01,-0.051639398,0.053018942
67acbb030811018b016dcaf7,2,acuity_R8_block2,acuity,R8,2,35,35.0,0.602059991,2.0,0.7,2.3,0.01,0.111111111,0.01,-0.53283371,0.062048055
67acbb030811018b016dcaf7,2,acuity_L8_block2,acuity,L8,2,35,35.0,0.602059991,2.0,0.7,2.3,0.01,0.111111111,0.01,-0.511910633,0.049449788
67acbb030811018b016dcaf7,2,rsvp_foveal_block2,rsvp,foveal,2,72,72.0,0.301029996,2.0,0.7,2.3,0.01,0.038461538,0.01,-1.639223284,0.033705165
672a8544e38b571bd7d4fb71,2,crowding_R8_block3,crowding,R8,3,35,35.0,0.301029996,2.0,0.7,2.3,0.01,0.111111111,0.01,-0.057133637,0.053271516
672a8544e38b571bd7d4fb71,2,crowding_L8_block3,crowding,L8,3,35,35.0,0.301029996,2.0,0.7,2.3,0.01,0.111111111,0.01,0.172714797,0.061554766
672a8544e38b571bd7d4fb71,2,crowding_R8_block4,crowding,R8,4,35,35.0,0.301029996,2.0,0.7,2.3,0.01,0.111111111,0.01,0.059719875,0.049386275
672a8544e38b571bd7d4fb71,2,crowding_L8_block4,crowding,L8,4,35,35.0,0.301029996,2.0,0.7,2.3,0.01,0.111111111,0.01,-0.035457404,0.049717592
672a8544e38b571bd7d4fb71,2,acuity_R8_block2,acuity,R8,2,35,35.0,0.602059991,2.0,0.7,2.3,0.01,0.111111111,0.01,-0.606534885,0.049799985
672a8544e38b571bd7d4fb71,2,acuity_L8_block2,acuity,L8,2,35,35.0,0.602059991,2.0,0.7,2.3,0.01,0.111111111,0.01,-0.557867596,0.048255095
672a8544e38b571bd7d4fb71,2,rsvp_foveal_block2,rsvp,foveal,2,72,72.0,0.301029996,2.0,0.7,2.3,0.01,0.038461538,0.01,-1.562463764,0.030942611
5e80b109ca1800791e1ca40c,2,crowding_R8_block3,crowding,R8,3,35,35.0,0.301029996,2.0,0.7,2.3,0.01,0.111111111,0.01,0.43350189,0.047899403
5e80b109ca1800791e1ca40c,2,crowding_L8_block3,crowding,L8,3,35,35.0,0.301029996,2.0,0.7,2.3,0.01,0.111111111,0.01,0.328747923,0.064195584
5e80b109ca1800791e1ca40c,2,crowding_R8_block4,crowding,R8,4,35,35.0,0.301029996,2.0,0.7,2.3,0.01,0.111111111,0.01,0.090895841,0.048564735
5e80b109ca1800791e1ca40c,2,crowding_L8_block4,crowding,L8,4,35,35.0,0.301029996,2.0,0.7,2.3,0.01,0.111111111,0.01,0.059904545,0.048240512
5e80b109ca1800791e1ca40c,2,acuity_R8_block2,acuity,R8,2,35,35.0,0.602059991,2.0,0.7,2.3,0.01,0.111111111,0.01,-0.561424714,0.052704145
5e80b109ca1800791e1ca40c,2,acuity_L8_block2,acuity,L8,2,35,35.0,0.602059991,2.0,0.7,2.3,0.01,0.111111111,0.01,-0.548344192,0.049456772
5e80b109ca1800791e1ca40c,2,rsvp_foveal_block2,rsvp,foveal,2,72,72.0,0.301029996,2.0,0.7,2.3,0.01,0.038461538,0.01,-1.474656182,0.031981343
5ebc87dc8442d10c0b9b2ff9,2,crowding_R8_block3,crowding,R8,3,35,35.0,0.301029996,2.0,0.7,2.3,0.01,0.111111111,0.01,0.293791963,0.047955576
5ebc87dc8442d10c0b9b2ff9,2,crowding_L8_block3,crowding,L8,3,35,35.0,0.301029996,2.0,0.7,2.3,0.01,0.111111111,0.01,0.298950086,0.049015943
5ebc87dc8442d10c0b9b2ff9,2,crowding_R8_block4,crowding,R8,4,35,35.0,0.301029996,2.0,0.7,2.3,0.01,0.111111111,0.01,0.187815247,0.048956
5ebc87dc8442d10c0b9b2ff9,2,crowding_L8_block4,crowding,L8,4,35,35.0,0.301029996,2.0,0.7,2.3,0.01,0.111111111,0.01,0.450701254,0.04761971
5ebc87dc8442d10c0b9b2ff9,2,acuity_R8_block2,acuity,R8,2,35,35.0,0.602059991,2.0,0.7,2.3,0.01,0.111111111,0.01,-0.560691981,0.050129333
5ebc87dc8442d10c0b9b2ff9,2,acuity_L8_block2,acuity,L8,2,35,35.0,0.602059991,2.0,0.7,2.3,0.01,0.111111111,0.01,-0.529401316,0.049624702
5ebc87dc8442d10c0b9b2ff9,2,rsvp_foveal_block2,rsvp,foveal,2,72,72.0,0.301029996,2.0,0.7,2.3,0.01,0.038461538,0.01,-1.51087154,0.031263369
676d346f257c35fb4c43e63b,2,crowding_R8_block3,crowding,R8,3,35,35.0,0.301029996,2.0,0.7,2.3,0.01,0.111111111,0.01,0.256920165,0.054619294
676d346f257c35fb4c43e63b,2,crowding_L8_block3,crowding,L8,3,35,35.0,0.301029996,2.0,0.7,2.3,0.01,0.111111111,0.01,0.02027768,0.049235928
676d346f257c35fb4c43e63b,2,crowding_R8_block4,crowding,R8,4,35,35.0,0.301029996,2.0,0.7,2.3,0.01,0.111111111,0.01,0.138912244,0.050726033
676d346f257c35fb4c43e63b,2,crowding_L8_block4,crowding,L8,4,35,35.0,0.301029996,2.0,0.7,2.3,0.01,0.111111111,0.01,0.116273142,0.050180564
676d346f257c35fb4c43e63b,2,acuity_R8_block2,acuity,R8,2,35,35.0,0.602059991,2.0,0.7,2.3,0.01,0.111111111,0.01,-0.609004208,0.052228853
676d346f257c35fb4c43e63b,2,acuity_L8_block2,acuity,L8,2,35,35.0,0.602059991,2.0,0.7,2.3,0.01,0.111111111,0.01,-0.738620327,0.047504213
676d346f257c35fb4c43e63b,2,rsvp_foveal_block2,rsvp,foveal,2,72,72.0,0.301029996,2.0,0.7,2.3,0.01,0.038461538,0.01,-1.399985595,0.030960999
654e3fca4ff8d33df725feae,2,crowding_R8_block3,crowding,R8,3,35,35.0,0.301029996,2.0,0.7,2.3,0.01,0.111111111,0.01,-0.101209549,0.049661388
654e3fca4ff8d33df725feae,2,crowding_L8_block3,crowding,L8,3,35,35.0,0.301029996,2.0,0.7,2.3,0.01,0.111111111,0.01,0.003529558,0.052196534
654e3fca4ff8d33df725feae,2,crowding_R8_block4,crowding,R8,4,35,35.0,0.301029996,2.0,0.7,2.3,0.01,0.111111111,0.01,0.424008823,0.049237063
654e3fca4ff8d33df725feae,2,crowding_L8_block4,crowding,L8,4,35,35.0,0.301029996,2.0,0.7,2.3,0.01,0.111111111,0.01,0.467037484,0.049630737
654e3fca4ff8d33df725feae,2,acuity_R8_block2,acuity,R8,2,35,35.0,0.602059991,2.0,0.7,2.3,0.01,0.111111111,0.01,-0.435433511,0.051766553
654e3fca4ff8d33df725feae,2,acuity_L8_block2,acuity,L8,2,35,35.0,0.602059991,2.0,0.7,2.3,0.01,0.111111111,0.01,-0.522803907,0.050159584
654e3fca4ff8d33df725feae,2,rsvp_foveal_block2,rsvp,foveal,2,72,72.0,0.301029996,2.0,0.7,2.3,0.01,0.038461538,0.01,-1.672901925,0.046760577
676e09a334757c5868cce157,2,crowding_R8_block3,crowding,R8,3,35,35.0,0.301029996,2.0,0.7,2.3,0.01,0.111111111,0.01,-0.026512645,0.055679037
676e09a334757c5868cce157,2,crowding_L8_block3,crowding,L8,3,35,35.0,0.301029996,2.0,0.7,2.3,0.01,0.111111111,0.01,0.339470587,0.048452164
676e09a334757c5868cce157,2,crowding_R8_block4,crowding,R8,4,35,35.0,0.301029996,2.0,0.7,2.3,0.01,0.111111111,0.01,0.002941858,0.049672875
676e09a334757c5868cce157,2,crowding_L8_block4,crowding,L8,4,35,35.0,0.301029996,2.0,0.7,2.3,0.01,0.111111111,0.01,0.185123624,0.047563939
676e09a334757c5868cce157,2,acuity_R8_block2,acuity,R8,2,35,35.0,0.602059991,2.0,0.7,2.3,0.01,0.111111111,0.01,-0.63814845,0.050019557
676e09a334757c5868cce157,2,acuity_L8_block2,acuity,L8,2,35,35.0,0.602059991,2.0,0.7,2.3,0.01,0.111111111,0.01,-0.716095241,0.047498531
676e09a334757c5868cce157,2,rsvp_foveal_block2,rsvp,foveal,2,72,72.0,0.301029996,2.0,0.7,2.3,0.01,0.038461538,0.01,-1.672901925,0.046760577
66757cddd8d92a5cbfda353f,2,crowding_R8_block3,crowding,R8,3,35,35.0,0.301029996,2.0,0.7,2.3,0.01,0.111111111,0.01,0.481945588,0.048474979
66757cddd8d92a5cbfda353f,2,crowding_L8_block3,crowding,L8,3,35,35.0,0.301029996,2.0,0.7,2.3,0.01,0.111111111,0.01,0.612400859,0.049432146
66757cddd8d92a5cbfda353f,2,crowding_R8_block4,crowding,R8,4,35,35.0,0.301029996,2.0,0.7,2.3,0.01,0.111111111,0.01,0.021084615,0.050190941
66757cddd8d92a5cbfda353f,2,crowding_L8_block4,crowding,L8,4,35,35.0,0.301029996,2.0,0.7,2.3,0.01,0.111111111,0.01,0.235044599,0.047517689
66757cddd8d92a5cbfda353f,2,acuity_R8_block2,acuity,R8,2,35,35.0,0.602059991,2.0,0.7,2.3,0.01,0.111111111,0.01,-0.556768294,0.048140451
66757cddd8d92a5cbfda353f,2,acuity_L8_block2,acuity,L8,2,35,35.0,0.602059991,2.0,0.7,2.3,0.01,0.111111111,0.01,-0.540688273,0.050642697
66757cddd8d92a5cbfda353f,2,rsvp_foveal_block2,rsvp,foveal,2,72,72.0,0.301029996,2.0,0.7,2.3,0.01,0.038461538,0.01,-1.14100818,0.032277793
615cb147f04efc8a8c2ff1e5,2,crowding_R8_block3,crowding,R8,3,35,35.0,0.301029996,2.0,0.7,2.3,0.01,0.111111111,0.01,0.283003634,0.048458916
615cb147f04efc8a8c2ff1e5,2,crowding_L8_block3,crowding,L8,3,35,35.0,0.301029996,2.0,0.7,2.3,0.01,0.111111111,0.01,0.659703333,0.047852664
615cb147f04efc8a8c2ff1e5,2,crowding_R8_block4,crowding,R8,4,35,35.0,0.301029996,2.0,0.7,2.3,0.01,0.111111111,0.01,0.192622322,0.047244805
615cb147f04efc8a8c2ff1e5,2,crowding_L8_block4,crowding,L8,4,35,35.0,0.301029996,2.0,0.7,2.3,0.01,0.111111111,0.01,0.677547611,0.080530524
615cb147f04efc8a8c2ff1e5,2,acuity_R8_block2,acuity,R8,2,35,35.0,0.602059991,2.0,0.7,2.3,0.01,0.111111111,0.01,-0.336687803,0.049652745
615cb147f04efc8a8c2ff1e5,2,acuity_L8_block2,acuity,L8,2,35,35.0,0.602059991,2.0,0.7,2.3,0.01,0.111111111,0.01,-0.232842216,0.048680011
615cb147f04efc8a8c2ff1e5,2,rsvp_foveal_block2,rsvp,foveal,2,72,72.0,0.301029996,2.0,0.7,2.3,0.01,0.038461538,0.01,-1.234173473,0.031366885
67c1ce78c21573ec238ef382,2,crowding_R8_block3,crowding,R8,3,35,35.0,0.301029996,2.0,0.7,2.3,0.01,0.111111111,0.01,0.323755747,0.051209267
67c1ce78c21573ec238ef382,2,crowding_L8_block3,crowding,L8,3,35,35.0,0.301029996,2.0,0.7,2.3,0.01,0.111111111,0.01,0.555141381,0.056295702
67c1ce78c21573ec238ef382,2,crowding_R8_block4,crowding,R8,4,35,35.0,0.301029996,2.0,0.7,2.3,0.01,0.111111111,0.01,0.249373004,0.048791984
67c1ce78c21573ec238ef382,2,crowding_L8_block4,crowding,L8,4,35,35.0,0.301029996,2.0,0.7,2.3,0.01,0.111111111,0.01,0.49222824,0.050754146
67c1ce78c21573ec238ef382,2,acuity_R8_block2,acuity,R8,2,35,35.0,0.602059991,2.0,0.7,2.3,0.01,0.111111111,0.01,-0.652788124,0.051461282
67c1ce78c21573ec238ef382,2,acuity_L8_block2,acuity,L8,2,35,35.0,0.602059991,2.0,0.7,2.3,0.01,0.111111111,0.01,-0.514047653,0.048169105
67c1ce78c21573ec238ef382,2,rsvp_foveal_block2,rsvp,foveal,2,72,72.0,0.301029996,2.0,0.7,2.3,0.01,0.038461538,0.01,-1.27445537,0.031344155
58404fd8ad98e40001ce915f,2,crowding_R8_block3,crowding,R8,3,35,35.0,0.301029996,2.0,0.7,2.3,0.01,0.111111111,0.01,0.256491393,0.051342397
58404fd8ad98e40001ce915f,2,crowding_L8_block3,crowding,L8,3,35,35.0,0.301029996,2.0,0.7,2.3,0.01,0.111111111,0.01,0.786179543,0.05844065
58404fd8ad98e40001ce915f,2,crowding_R8_block4,crowding,R8,4,35,35.0,0.301029996,2.0,0.7,2.3,0.01,0.111111111,0.01,0.171313574,0.055672369
58404fd8ad98e40001ce915f,2,crowding_L8_block4,crowding,L8,4,35,35.0,0.301029996,2.0,0.7,2.3,0.01,0.111111111,0.01,0.62359527,0.04930467
58404fd8ad98e40001ce915f,2,acuity_R8_block2,acuity,R8,2,35,35.0,0.602059991,2.0,0.7,2.3,0.01,0.111111111,0.01,-0.431888127,0.047814507
58404fd8ad98e40001ce915f,2,acuity_L8_block2,acuity,L8,2,35,35.0,0.602059991,2.0,0.7,2.3,0.01,0.111111111,0.01,-0.350686296,0.054488482
58404fd8ad98e40001ce915f,2,rsvp_foveal_block2,rsvp,foveal,2,72,72.0,0.301029996,2.0,0.7,2.3,0.01,0.038461538,0.01,-1.459985059,0.031970982
6544ff9e0fb2eaaf83e2de5c,2,crowding_R8_block3,crowding,R8,3,35,35.0,0.301029996,2.0,0.7,2.3,0.01,0.111111111,0.01,0.081946202,0.047015534
6544ff9e0fb2eaaf83e2de5c,2,crowding_L8_block3,crowding,L8,3,35,35.0,0.301029996,2.0,0.7,2.3,0.01,0.111111111,0.01,0.206423403,0.053254111
6544ff9e0fb2eaaf83e2de5c,2,crowding_R8_block4,crowding,R8,4,35,35.0,0.301029996,2.0,0.7,2.3,0.01,0.111111111,0.01,0.013282181,0.053463024
6544ff9e0fb2eaaf83e2de5c,2,crowding_L8_block4,crowding,L8,4,35,35.0,0.301029996,2.0,0.7,2.3,0.01,0.111111111,0.01,0.186277223,0.052425319
6544ff9e0fb2eaaf83e2de5c,2,acuity_R8_block2,acuity,R8,2,34,34.0,0.602059991,2.0,0.7,2.3,0.01,0.111111111,0.01,-0.443569988,0.053858089
6544ff9e0fb2eaaf83e2de5c,2,acuity_L8_block2,acuity,L8,2,34,34.0,0.602059991,2.0,0.7,2.3,0.01,0.111111111,0.01,-0.480841036,0.048715561
6544ff9e0fb2eaaf83e2de5c,2,rsvp_foveal_block2,rsvp,foveal,2,72,72.0,0.301029996,2.0,0.7,2.3,0.01,0.038461538,0.01,-1.372971321,0.032497826
660604f1a9c44af2909516f6,2,crowding_R8_block3,crowding,R8,3,35,35.0,0.301029996,2.0,0.7,2.3,0.01,0.111111111,0.01,0.311479019,0.047096367
660604f1a9c44af2909516f6,2,crowding_L8_block3,crowding,L8,3,35,35.0,0.301029996,2.0,0.7,2.3,0.01,0.111111111,0.01,0.599561141,0.048881097
660604f1a9c44af2909516f6,2,crowding_R8_block4,crowding,R8,4,35,35.0,0.301029996,2.0,0.7,2.3,0.01,0.111111111,0.01,0.062858873,0.048875687
660604f1a9c44af2909516f6,2,crowding_L8_block4,crowding,L8,4,35,35.0,0.301029996,2.0,0.7,2.3,0.01,0.111111111,0.01,0.535615697,0.048063129
660604f1a9c44af2909516f6,2,acuity_R8_block2,acuity,R8,2,35,35.0,0.602059991,2.0,0.7,2.3,0.01,0.111111111,0.01,-0.527366931,0.048336738
660604f1a9c44af2909516f6,2,acuity_L8_block2,acuity,L8,2,35,35.0,0.602059991,2.0,0.7,2.3,0.01,0.111111111,0.01,-0.504619282,0.049262741
660604f1a9c44af2909516f6,2,rsvp_foveal_block2,rsvp,foveal,2,72,72.0,0.301029996,2.0,0.7,2.3,0.01,0.038461538,0.01,-1.017978683,0.031943631
66f75ca6c63db2214194b1cc,2,crowding_R8_block3,crowding,R8,3,33,33.0,0.301029996,2.0,0.7,2.3,0.01,0.111111111,0.01,0.566551752,0.050575205
66f75ca6c63db2214194b1cc,2,crowding_L8_block3,crowding,L8,3,35,35.0,0.301029996,2.0,0.7,2.3,0.01,0.111111111,0.01,0.726895379,0.048418314
66f75ca6c63db2214194b1cc,2,crowding_R8_block4,crowding,R8,4,35,35.0,0.301029996,2.0,0.7,2.3,0.01,0.111111111,0.01,0.537995051,0.048374702
66f75ca6c63db2214194b1cc,2,crowding_L8_block4,crowding,L8,4,35,35.0,0.301029996,2.0,0.7,2.3,0.01,0.111111111,0.01,0.733437817,0.048779039
66f75ca6c63db2214194b1cc,2,acuity_R8_block2,acuity,R8,2,35,35.0,0.602059991,2.0,0.7,2.3,0.01,0.111111111,0.01,-0.419123625,0.054530684
66f75ca6c63db2214194b1cc,2,acuity_L8_block2,acuity,L8,2,35,35.0,0.602059991,2.0,0.7,2.3,0.01,0.111111111,0.01,-0.454598334,0.048690707
66f75ca6c63db2214194b1cc,2,rsvp_foveal_block2,rsvp,foveal,2,72,72.0,0.301029996,2.0,0.7,2.3,0.01,0.038461538,0.01,-1.33194541,0.033483048
5c0873675b32d500012e3f2c,2,crowding_R8_block3,crowding,R8,3,35,35.0,0.301029996,2.0,0.7,2.3,0.01,0.111111111,0.01,-0.05031275,0.049212275
5c0873675b32d500012e3f2c,2,crowding_L8_block3,crowding,L8,3,35,35.0,0.301029996,2.0,0.7,2.3,0.01,0.111111111,0.01,0.018002462,0.047736294
5c0873675b32d500012e3f2c,2,crowding_R8_block4,crowding,R8,4,35,35.0,0.301029996,2.0,0.7,2.3,0.01,0.111111111,0.01,-0.093321299,0.049222664
5c0873675b32d500012e3f2c,2,crowding_L8_block4,crowding,L8,4,35,35.0,0.301029996,2.0,0.7,2.3,0.01,0.111111111,0.01,0.362904449,0.048253589
5c0873675b32d500012e3f2c,2,acuity_R8_block2,acuity,R8,2,35,35.0,0.602059991,2.0,0.7,2.3,0.01,0.111111111,0.01,-0.467557984,0.049608819
5c0873675b32d500012e3f2c,2,acuity_L8_block2,acuity,L8,2,35,35.0,0.602059991,2.0,0.7,2.3,0.01,0.111111111,0.01,-0.45273864,0.050715015
5c0873675b32d500012e3f2c,2,rsvp_foveal_block2,rsvp,foveal,2,72,72.0,0.301029996,2.0,0.7,2.3,0.01,0.038461538,0.01,-1.59199864,0.031303429
64401708880c30ec28b9aef4,2,crowding_R8_block3,crowding,R8,3,35,35.0,0.301029996,2.0,0.7,2.3,0.01,0.111111111,0.01,-0.29100548,0.048803424
64401708880c30ec28b9aef4,2,crowding_L8_block3,crowding,L8,3,35,35.0,0.301029996,2.0,0.7,2.3,0.01,0.111111111,0.01,-0.212017034,0.050478884
64401708880c30ec28b9aef4,2,crowding_R8_block4,crowding,R8,4,35,35.0,0.301029996,2.0,0.7,2.3,0.01,0.111111111,0.01,-0.363669606,0.051243017
64401708880c30ec28b9aef4,2,crowding_L8_block4,crowding,L8,4,35,35.0,0.301029996,2.0,0.7,2.3,0.01,0.111111111,0.01,-0.055964736,0.050495945
64401708880c30ec28b9aef4,2,acuity_R8_block2,acuity,R8,2,35,35.0,0.602059991,2.0,0.7,2.3,0.01,0.111111111,0.01,-0.553624368,0.048010153
64401708880c30ec28b9aef4,2,acuity_L8_block2,acuity,L8,2,35,35.0,0.602059991,2.0,0.7,2.3,0.01,0.111111111,0.01,-0.673218328,0.05092554
64401708880c30ec28b9aef4,2,rsvp_foveal_block2,rsvp,foveal,2,72,72.0,0.301029996,2.0,0.7,2.3,0.01,0.038461538,0.01,-1.5360953,0.033021153
66f46179fa81f408915abaaa,2,crowding_R8_block3,crowding,R8,3,35,35.0,0.301029996,2.0,0.7,2.3,0.01,0.111111111,0.01,0.233155052,0.056456051
66f46179fa81f408915abaaa,2,crowding_L8_block3,crowding,L8,3,35,35.0,0.301029996,2.0,0.7,2.3,0.01,0.111111111,0.01,0.380557718,0.049517097
66f46179fa81f408915abaaa,2,crowding_R8_block4,crowding,R8,4,35,35.0,0.301029996,2.0,0.7,2.3,0.01,0.111111111,0.01,0.461384637,0.053784103
66f46179fa81f408915abaaa,2,crowding_L8_block4,crowding,L8,4,35,35.0,0.301029996,2.0,0.7,2.3,0.01,0.111111111,0.01,0.24438622,0.05166139
66f46179fa81f408915abaaa,2,acuity_R8_block2,acuity,R8,2,34,34.0,0.602059991,2.0,0.7,2.3,0.01,0.111111111,0.01,-0.423978924,0.049303819
66f46179fa81f408915abaaa,2,acuity_L8_block2,acuity,L8,2,34,34.0,0.602059991,2.0,0.7,2.3,0.01,0.111111111,0.01,-0.474623306,0.051251205
66f46179fa81f408915abaaa,2,rsvp_foveal_block2,rsvp,foveal,2,72,72.0,0.301029996,2.0,0.7,2.3,0.01,0.038461538,0.01,-1.58178806,0.031110233
604fa685e33606f9a0ee8189,2,crowding_R8_block3,crowding,R8,3,35,35.0,0.301029996,2.0,0.7,2.3,0.01,0.111111111,0.01,0.143675876,0.050994892
604fa685e33606f9a0ee8189,2,crowding_L8_block3,crowding,L8,3,35,35.0,0.301029996,2.0,0.7,2.3,0.01,0.111111111,0.01,0.283012928,0.05209359
604fa685e33606f9a0ee8189,2,crowding_R8_block4,crowding,R8,4,35,35.0,0.301029996,2.0,0.7,2.3,0.01,0.111111111,0.01,0.215162605,0.052698009
604fa685e33606f9a0ee8189,2,crowding_L8_block4,crowding,L8,4,35,35.0,0.301029996,2.0,0.7,2.3,0.01,0.111111111,0.01,0.109530743,0.052341866
604fa685e33606f9a0ee8189,2,acuity_R8_block2,acuity,R8,2,35,35.0,0.602059991,2.0,0.7,2.3,0.01,0.111111111,0.01,-0.507741113,0.049738796
604fa685e33606f9a0ee8189,2,acuity_L8_block2,acuity,L8,2,35,35.0,0.602059991,2.0,0.7,2.3,0.01,0.111111111,0.01,-0.611861025,0.050068116
604fa685e33606f9a0ee8189,2,rsvp_foveal_block2,rsvp,foveal,2,72,72.0,0.301029996,2.0,0.7,2.3,0.01,0.038461538,0.01,-1.852065979,0.157263354
6777f3e9760d3844217b5ea8,2,crowding_R8_block3,crowding,R8,3,35,35.0,0.301029996,2.0,0.7,2.3,0.01,0.111111111,0.01,0.526855756,0.051707438
6777f3e9760d3844217b5ea8,2,crowding_L8_block3,crowding,L8,3,35,35.0,0.301029996,2.0,0.7,2.3,0.01,0.111111111,0.01,0.560838029,0.055861541
6777f3e9760d3844217b5ea8,2,crowding_R8_block4,crowding,R8,4,35,35.0,0.301029996,2.0,0.7,2.3,0.01,0.111111111,0.01,0.464417215,0.04977107
6777f3e9760d3844217b5ea8,2,crowding_L8_block4,crowding,L8,4,35,35.0,0.301029996,2.0,0.7,2.3,0.01,0.111111111,0.01,0.475435004,0.052553857
6777f3e9760d3844217b5ea8,2,acuity_R8_block2,acuity,R8,2,35,35.0,0.602059991,2.0,0.7,2.3,0.01,0.111111111,0.01,-0.571789604,0.050195305
6777f3e9760d3844217b5ea8,2,acuity_L8_block2,acuity,L8,2,35,35.0,0.602059991,2.0,0.7,2.3,0.01,0.111111111,0.01,-0.590622293,0.050952947
6777f3e9760d3844217b5ea8,2,rsvp_foveal_block2,rsvp,foveal,2,72,72.0,0.301029996,2.0,0.7,2.3,0.01,0.038461538,0.01,-1.281577017,0.031798108
5bbb5e3f118c0600013c3202,2,crowding_R8_block3,crowding,R8,3,35,35.0,0.301029996,2.0,0.7,2.3,0.01,0.111111111,0.01,0.015195098,0.062376415
5bbb5e3f118c0600013c3202,2,crowding_L8_block3,crowding,L8,3,35,35.0,0.301029996,2.0,0.7,2.3,0.01,0.111111111,0.01,0.528818828,0.058191644
5bbb5e3f118c0600013c3202,2,crowding_R8_block4,crowding,R8,4,35,35.0,0.301029996,2.0,0.7,2.3,0.01,0.111111111,0.01,0.065680096,0.048024861
5bbb5e3f118c0600013c3202,2,crowding_L8_block4,crowding,L8,4,35,35.0,0.301029996,2.0,0.7,2.3,0.01,0.111111111,0.01,0.412929405,0.050884031
5bbb5e3f118c0600013c3202,2,acuity_R8_block2,acuity,R8,2,35,35.0,0.602059991,2.0,0.7,2.3,0.01,0.111111111,0.01,-0.445071505,0.048762844
5bbb5e3f118c0600013c3202,2,acuity_L8_block2,acuity,L8,2,35,35.0,0.602059991,2.0,0.7,2.3,0.01,0.111111111,0.01,-0.451057636,0.049519124
5bbb5e3f118c0600013c3202,2,rsvp_foveal_block2,rsvp,foveal,2,72,72.0,0.301029996,2.0,0.7,2.3,0.01,0.038461538,0.01,-1.473922574,0.034141937
662959b221d6790f5548ba36,2,crowding_R8_block3,crowding,R8,3,35,35.0,0.301029996,2.0,0.7,2.3,0.01,0.111111111,0.01,-0.120562692,0.049535597
662959b221d6790f5548ba36,2,crowding_L8_block3,crowding,L8,3,35,35.0,0.301029996,2.0,0.7,2.3,0.01,0.111111111,0.01,0.341225771,0.047630401
662959b221d6790f5548ba36,2,crowding_R8_block4,crowding,R8,4,35,35.0,0.301029996,2.0,0.7,2.3,0.01,0.111111111,0.01,-0.003570372,0.051294688
662959b221d6790f5548ba36,2,crowding_L8_block4,crowding,L8,4,35,35.0,0.301029996,2.0,0.7,2.3,0.01,0.111111111,0.01,0.452884951,0.049249844
662959b221d6790f5548ba36,2,acuity_R8_block2,acuity,R8,2,35,35.0,0.602059991,2.0,0.7,2.3,0.01,0.111111111,0.01,-0.563793658,0.049989538
662959b221d6790f5548ba36,2,acuity_L8_block2,acuity,L8,2,35,35.0,0.602059991,2.0,0.7,2.3,0.01,0.111111111,0.01,-0.639765839,0.049947841
662959b221d6790f5548ba36,2,rsvp_foveal_block2,rsvp,foveal,2,72,72.0,0.301029996,2.0,0.7,2.3,0.01,0.038461538,0.01,-1.499754234,0.031903206
67c70c52a1bcef4f5a09bb5b,2,crowding_R8_block3,crowding,R8,3,35,35.0,0.301029996,2.0,0.7,2.3,0.01,0.111111111,0.01,0.15711478,0.057327978
67c70c52a1bcef4f5a09bb5b,2,crowding_L8_block3,crowding,L8,3,35,35.0,0.301029996,2.0,0.7,2.3,0.01,0.111111111,0.01,0.242210565,0.226623457
67c70c52a1bcef4f5a09bb5b,2,crowding_R8_block4,crowding,R8,4,35,35.0,0.301029996,2.0,0.7,2.3,0.01,0.111111111,0.01,-0.025903864,0.053150996
67c70c52a1bcef4f5a09bb5b,2,crowding_L8_block4,crowding,L8,4,35,35.0,0.301029996,2.0,0.7,2.3,0.01,0.111111111,0.01,0.189785818,0.053711768
67c70c52a1bcef4f5a09bb5b,2,acuity_R8_block2,acuity,R8,2,35,35.0,0.602059991,2.0,0.7,2.3,0.01,0.111111111,0.01,-0.39935971,0.050740815
67c70c52a1bcef4f5a09bb5b,2,acuity_L8_block2,acuity,L8,2,35,35.0,0.602059991,2.0,0.7,2.3,0.01,0.111111111,0.01,-0.397157313,0.051112883
67c70c52a1bcef4f5a09bb5b,2,rsvp_foveal_block2,rsvp,foveal,2,72,72.0,0.301029996,2.0,0.7,2.3,0.01,0.038461538,0.01,-1.512939209,0.031456735
5f5452df72345118f58d187b,2,crowding_R8_block3,crowding,R8,3,35,35.0,0.301029996,2.0,0.7,2.3,0.01,0.111111111,0.01,0.055673263,0.050659398
5f5452df72345118f58d187b,2,crowding_L8_block3,crowding,L8,3,35,35.0,0.301029996,2.0,0.7,2.3,0.01,0.111111111,0.01,-0.153198256,0.049604118
5f5452df72345118f58d187b,2,crowding_R8_block4,crowding,R8,4,35,35.0,0.301029996,2.0,0.7,2.3,0.01,0.111111111,0.01,-0.130616733,0.048498587
5f5452df72345118f58d187b,2,crowding_L8_block4,crowding,L8,4,35,35.0,0.301029996,2.0,0.7,2.3,0.01,0.111111111,0.01,-0.34913409,0.052626565
5f5452df72345118f58d187b,2,acuity_R8_block2,acuity,R8,2,35,35.0,0.602059991,2.0,0.7,2.3,0.01,0.111111111,0.01,-0.520122013,0.051352997
5f5452df72345118f58d187b,2,acuity_L8_block2,acuity,L8,2,35,35.0,0.602059991,2.0,0.7,2.3,0.01,0.111111111,0.01,-0.554960688,0.0489351
5f5452df72345118f58d187b,2,rsvp_foveal_block2,rsvp,foveal,2,72,72.0,0.301029996,2.0,0.7,2.3,0.01,0.038461538,0.01,-1.114234217,0.032180847
5ed4c3d73ac88100098198f1,2,crowding_R8_block3,crowding,R8,3,35,35.0,0.301029996,2.0,0.7,2.3,0.01,0.111111111,0.01,0.099066105,0.150160374
5ed4c3d73ac88100098198f1,2,crowding_L8_block3,crowding,L8,3,35,35.0,0.301029996,2.0,0.7,2.3,0.01,0.111111111,0.01,-0.443427599,0.764134373
5ed4c3d73ac88100098198f1,2,crowding_R8_block4,crowding,R8,4,35,35.0,0.301029996,2.0,0.7,2.3,0.01,0.111111111,0.01,-0.140746811,0.049785004
5ed4c3d73ac88100098198f1,2,crowding_L8_block4,crowding,L8,4,35,35.0,0.301029996,2.0,0.7,2.3,0.01,0.111111111,0.01,0.066190608,0.067978396
5ed4c3d73ac88100098198f1,2,acuity_R8_block2,acuity,R8,2,35,35.0,0.602059991,2.0,0.7,2.3,0.01,0.111111111,0.01,-0.529954914,0.049074835
5ed4c3d73ac88100098198f1,2,acuity_L8_block2,acuity,L8,2,35,35.0,0.602059991,2.0,0.7,2.3,0.01,0.111111111,0.01,-0.513069226,0.048535121
5ed4c3d73ac88100098198f1,2,rsvp_foveal_block2,rsvp,foveal,2,72,72.0,0.301029996,2.0,0.7,2.3,0.01,0.038461538,0.01,-1.571966864,0.030994956
608f68107d9ea28c690af9d2,2,crowding_R8_block3,crowding,R8,3,35,35.0,0.301029996,2.0,0.7,2.3,0.01,0.111111111,0.01,0.535831056,0.061830723
608f68107d9ea28c690af9d2,2,crowding_L8_block3,crowding,L8,3,35,35.0,0.301029996,2.0,0.7,2.3,0.01,0.111111111,0.01,0.423518346,0.05088471
608f68107d9ea28c690af9d2,2,crowding_R8_block4,crowding,R8,4,35,35.0,0.301029996,2.0,0.7,2.3,0.01,0.111111111,0.01,0.617218938,0.061474594
608f68107d9ea28c690af9d2,2,crowding_L8_block4,crowding,L8,4,35,35.0,0.301029996,2.0,0.7,2.3,0.01,0.111111111,0.01,0.356067205,0.05921119
608f68107d9ea28c690af9d2,2,acuity_R8_block2,acuity,R8,2,35,35.0,0.602059991,2.0,0.7,2.3,0.01,0.111111111,0.01,-0.599828036,0.047950984
608f68107d9ea28c690af9d2,2,acuity_L8_block2,acuity,L8,2,35,35.0,0.602059991,2.0,0.7,2.3,0.01,0.111111111,0.01,-0.654120679,0.049951931
608f68107d9ea28c690af9d2,2,rsvp_foveal_block2,rsvp,foveal,2,72,72.0,0.301029996,2.0,0.7,2.3,0.01,0.038461538,0.01,-1.304791896,0.032532939
665cc37706c5e959d6f680a3,2,crowding_R8_block3,crowding,R8,3,35,35.0,0.301029996,2.0,0.7,2.3,0.01,0.111111111,0.01,-0.321437776,0.051860174
665cc37706c5e959d6f680a3,2,crowding_L8_block3,crowding,L8,3,35,35.0,0.301029996,2.0,0.7,2.3,0.01,0.111111111,0.01,-0.344867812,0.048778606
665cc37706c5e959d6f680a3,2,crowding_R8_block4,crowding,R8,4,35,35.0,0.301029996,2.0,0.7,2.3,0.01,0.111111111,0.01,-0.321484091,0.056065769
665cc37706c5e959d6f680a3,2,crowding_L8_block4,crowding,L8,4,35,35.0,0.301029996,2.0,0.7,2.3,0.01,0.111111111,0.01,-0.47782699,0.045945189
665cc37706c5e959d6f680a3,2,acuity_R8_block2,acuity,R8,2,35,35.0,0.602059991,2.0,0.7,2.3,0.01,0.111111111,0.01,-0.526745765,0.049428258
665cc37706c5e959d6f680a3,2,acuity_L8_block2,acuity,L8,2,35,35.0,0.602059991,2.0,0.7,2.3,0.01,0.111111111,0.01,-0.588679816,0.047013568
665cc37706c5e959d6f680a3,2,rsvp_foveal_block2,rsvp,foveal,2,72,72.0,0.301029996,2.0,0.7,2.3,0.01,0.038461538,0.01,-1.571966864,0.030994956
5f675a08b51c00065fdbe3db,2,crowding_R8_block3,crowding,R8,3,35,35.0,0.301029996,2.0,0.7,2.3,0.01,0.111111111,0.01,-0.375580606,0.053685812
5f675a08b51c00065fdbe3db,2,crowding_L8_block3,crowding,L8,3,35,35.0,0.301029996,2.0,0.7,2.3,0.01,0.111111111,0.01,-0.488927311,0.055631266
5f675a08b51c00065fdbe3db,2,crowding_R8_block4,crowding,R8,4,35,35.0,0.301029996,2.0,0.7,2.3,0.01,0.111111111,0.01,-0.342270749,0.062176099
5f675a08b51c00065fdbe3db,2,crowding_L8_block4,crowding,L8,4,35,35.0,0.301029996,2.0,0.7,2.3,0.01,0.111111111,0.01,-0.475154096,0.06720742
5f675a08b51c00065fdbe3db,2,acuity_R8_block2,acuity,R8,2,35,35.0,0.602059991,2.0,0.7,2.3,0.01,0.111111111,0.01,-0.723921576,0.049986731
5f675a08b51c00065fdbe3db,2,acuity_L8_block2,acuity,L8,2,35,35.0,0.602059991,2.0,0.7,2.3,0.01,0.111111111,0.01,-0.833542818,0.058467608
5f675a08b51c00065fdbe3db,2,rsvp_foveal_block2,rsvp,foveal,2,72,72.0,0.301029996,2.0,0.7,2.3,0.01,0.038461538,0.01,-1.490801678,0.031523479
672bb1963a3e366539886bfc,2,crowding_R8_block3,crowding,R8,3,35,35.0,0.301029996,2.0,0.7,2.3,0.01,0.111111111,0.01,0.394880584,0.049753819
672bb1963a3e366539886bfc,2,crowding_L8_block3,crowding,L8,3,35,35.0,0.301029996,2.0,0.7,2.3,0.01,0.111111111,0.01,0.442929401,0.049175889
672bb1963a3e366539886bfc,2,crowding_R8_block4,crowding,R8,4,35,35.0,0.301029996,2.0,0.7,2.3,0.01,0.111111111,0.01,0.189668006,0.048942695
672bb1963a3e366539886bfc,2,crowding_L8_block4,crowding,L8,4,35,35.0,0.301029996,2.0,0.7,2.3,0.01,0.111111111,0.01,0.1581852,0.050564732
672bb1963a3e366539886bfc,2,acuity_R8_block2,acuity,R8,2,35,35.0,0.602059991,2.0,0.7,2.3,0.01,0.111111111,0.01,-0.484613972,0.04926007
672bb1963a3e366539886bfc,2,acuity_L8_block2,acuity,L8,2,35,35.0,0.602059991,2.0,0.7,2.3,0.01,0.111111111,0.01,-0.456556191,0.052972117
672bb1963a3e366539886bfc,2,rsvp_foveal_block2,rsvp,foveal,2,72,72.0,0.301029996,2.0,0.7,2.3,0.01,0.038461538,0.01,-1.705496565,0.080142403
66b93ba9ccbb002158c59355,2,crowding_R8_block3,crowding,R8,3,35,35.0,0.301029996,2.0,0.7,2.3,0.01,0.111111111,0.01,0.121043604,0.04799984
66b93ba9ccbb002158c59355,2,crowding_L8_block3,crowding,L8,3,35,35.0,0.301029996,2.0,0.7,2.3,0.01,0.111111111,0.01,0.710975907,0.050317637
66b93ba9ccbb002158c59355,2,crowding_R8_block4,crowding,R8,4,35,35.0,0.301029996,2.0,0.7,2.3,0.01,0.111111111,0.01,0.273194607,0.051214593
66b93ba9ccbb002158c59355,2,crowding_L8_block4,crowding,L8,4,35,35.0,0.301029996,2.0,0.7,2.3,0.01,0.111111111,0.01,0.665533854,0.04939971
66b93ba9ccbb002158c59355,2,acuity_R8_block2,acuity,R8,2,35,35.0,0.602059991,2.0,0.7,2.3,0.01,0.111111111,0.01,-0.564926282,0.0506212
66b93ba9ccbb002158c59355,2,acuity_L8_block2,acuity,L8,2,35,35.0,0.602059991,2.0,0.7,2.3,0.01,0.111111111,0.01,-0.433100259,0.050087554
66b93ba9ccbb002158c59355,2,rsvp_foveal_block2,rsvp,foveal,2,72,72.0,0.301029996,2.0,0.7,2.3,0.01,0.038461538,0.01,-1.201665673,0.031599024
6501b789e3ddbc0a0b79b925,2,crowding_R8_block3,crowding,R8,3,35,35.0,0.301029996,2.0,0.7,2.3,0.01,0.111111111,0.01,0.198998988,0.050512656
6501b789e3ddbc0a0b79b925,2,crowding_L8_block3,crowding,L8,3,35,35.0,0.301029996,2.0,0.7,2.3,0.01,0.111111111,0.01,0.343974981,0.050703401
6501b789e3ddbc0a0b79b925,2,crowding_R8_block4,crowding,R8,4,35,35.0,0.301029996,2.0,0.7,2.3,0.01,0.111111111,0.01,0.459395061,0.048376001
6501b789e3ddbc0a0b79b925,2,crowding_L8_block4,crowding,L8,4,35,35.0,0.301029996,2.0,0.7,2.3,0.01,0.111111111,0.01,0.330275525,0.047911911
6501b789e3ddbc0a0b79b925,2,acuity_R8_block2,acuity,R8,2,35,35.0,0.602059991,2.0,0.7,2.3,0.01,0.111111111,0.01,-0.413117299,0.054310652
6501b789e3ddbc0a0b79b925,2,acuity_L8_block2,acuity,L8,2,35,35.0,0.602059991,2.0,0.7,2.3,0.01,0.111111111,0.01,-0.514619087,0.050010611
6501b789e3ddbc0a0b79b925,2,rsvp_foveal_block2,rsvp,foveal,2,72,72.0,0.301029996,2.0,0.7,2.3,0.01,0.038461538,0.01,-1.535346626,0.031072097
67d8c5c9af10b96e0f5c4daf,2,crowding_R8_block3,crowding,R8,3,35,35.0,0.301029996,2.0,0.7,2.3,0.01,0.111111111,0.01,0.289330154,0.048670723
67d8c5c9af10b96e0f5c4daf,2,crowding_L8_block3,crowding,L8,3,35,35.0,0.301029996,2.0,0.7,2.3,0.01,0.111111111,0.01,0.38122644,0.047580957
67d8c5c9af10b96e0f5c4daf,2,crowding_R8_block4,crowding,R8,4,35,35.0,0.301029996,2.0,0.7,2.3,0.01,0.111111111,0.01,0.236702146,0.055054647
67d8c5c9af10b96e0f5c4daf,2,crowding_L8_block4,crowding,L8,4,35,35.0,0.301029996,2.0,0.7,2.3,0.01,0.111111111,0.01,0.218560929,0.051808234
67d8c5c9af10b96e0f5c4daf,2,acuity_R8_block2,acuity,R8,2,35,35.0,0.602059991,2.0,0.7,2.3,0.01,0.111111111,0.01,-0.559118128,0.052903741
67d8c5c9af10b96e0f5c4daf,2,acuity_L8_block2,acuity,L8,2,35,35.0,0.602059991,2.0,0.7,2.3,0.01,0.111111111,0.01,-0.556120919,0.048750391
67d8c5c9af10b96e0f5c4daf,2,rsvp_foveal_block2,rsvp,foveal,2,72,72.0,0.301029996,2.0,0.7,2.3,0.01,0.038461538,0.01,-1.172063376,0.031251294
678ddb5f75ad8c49b8347e79,2,crowding_R8_block3,crowding,R8,3,35,35.0,0.301029996,2.0,0.7,2.3,0.01,0.111111111,0.01,0.597005148,0.053973512
678ddb5f75ad8c49b8347e79,2,crowding_L8_block3,crowding,L8,3,35,35.0,0.301029996,2.0,0.7,2.3,0.01,0.111111111,0.01,0.532615886,0.054977241
678ddb5f75ad8c49b8347e79,2,crowding_R8_block4,crowding,R8,4,35,35.0,0.301029996,2.0,0.7,2.3,0.01,0.111111111,0.01,0.581849215,0.055703124
678ddb5f75ad8c49b8347e79,2,crowding_L8_block4,crowding,L8,4,35,35.0,0.301029996,2.0,0.7,2.3,0.01,0.111111111,0.01,0.497874076,0.051734021
678ddb5f75ad8c49b8347e79,2,acuity_R8_block2,acuity,R8,2,35,35.0,0.602059991,2.0,0.7,2.3,0.01,0.111111111,0.01,-0.45611271,0.048581628
678ddb5f75ad8c49b8347e79,2,acuity_L8_block2,acuity,L8,2,35,35.0,0.602059991,2.0,0.7,2.3,0.01,0.111111111,0.01,-0.418326586,0.050206868
678ddb5f75ad8c49b8347e79,2,rsvp_foveal_block2,rsvp,foveal,2,72,72.0,0.301029996,2.0,0.7,2.3,0.01,0.038461538,0.01,-1.207545867,0.034524111
67104c7deff954cb22438402,2,crowding_R8_block3,crowding,R8,3,35,35.0,0.301029996,2.0,0.7,2.3,0.01,0.111111111,0.01,0.128878923,0.050273833
67104c7deff954cb22438402,2,crowding_L8_block3,crowding,L8,3,35,35.0,0.301029996,2.0,0.7,2.3,0.01,0.111111111,0.01,0.353853136,0.047676013
67104c7deff954cb22438402,2,crowding_R8_block4,crowding,R8,4,35,35.0,0.301029996,2.0,0.7,2.3,0.01,0.111111111,0.01,-0.026094054,0.052765777
67104c7deff954cb22438402,2,crowding_L8_block4,crowding,L8,4,35,35.0,0.301029996,2.0,0.7,2.3,0.01,0.111111111,0.01,0.25172973,0.051014122
67104c7deff954cb22438402,2,acuity_R8_block2,acuity,R8,2,35,35.0,0.602059991,2.0,0.7,2.3,0.01,0.111111111,0.01,-0.464460836,0.048183325
67104c7deff954cb22438402,2,acuity_L8_block2,acuity,L8,2,35,35.0,0.602059991,2.0,0.7,2.3,0.01,0.111111111,0.01,-0.444554794,0.04947458
67104c7deff954cb22438402,2,rsvp_foveal_block2,rsvp,foveal,2,72,72.0,0.301029996,2.0,0.7,2.3,0.01,0.038461538,0.01,-1.544195888,0.03098771
6733ca6572d14762aea012ad,2,crowding_R8_block3,crowding,R8,3,35,35.0,0.301029996,2.0,0.7,2.3,0.01,0.111111111,0.01,0.092810884,0.048650802
6733ca6572d14762aea012ad,2,crowding_L8_block3,crowding,L8,3,35,35.0,0.301029996,2.0,0.7,2.3,0.01,0.111111111,0.01,0.477101564,0.047287109
6733ca6572d14762aea012ad,2,crowding_R8_block4,crowding,R8,4,36,36.0,0.301029996,2.0,0.7,2.3,0.01,0.111111111,0.01,0.245600435,0.047840716
6733ca6572d14762aea012ad,2,crowding_L8_block4,crowding,L8,4,35,35.0,0.301029996,2.0,0.7,2.3,0.01,0.111111111,0.01,0.363906466,0.049837664
6733ca6572d14762aea012ad,2,acuity_R8_block2,acuity,R8,2,35,35.0,0.602059991,2.0,0.7,2.3,0.01,0.111111111,0.01,-0.532904578,0.050260697
6733ca6572d14762aea012ad,2,acuity_L8_block2,acuity,L8,2,35,35.0,0.602059991,2.0,0.7,2.3,0.01,0.111111111,0.01,-0.494386785,0.052204189
6733ca6572d14762aea012ad,2,rsvp_foveal_block2,rsvp,foveal,2,72,72.0,0.301029996,2.0,0.7,2.3,0.01,0.038461538,0.01,-1.45798422,0.032836696
661415341b1fdb1844c6f6a6,2,crowding_R8_block3,crowding,R8,3,35,35.0,0.301029996,2.0,0.7,2.3,0.01,0.111111111,0.01,0.470854663,0.050462595
661415341b1fdb1844c6f6a6,2,crowding_L8_block3,crowding,L8,3,35,35.0,0.301029996,2.0,0.7,2.3,0.01,0.111111111,0.01,0.553717891,0.049192266
661415341b1fdb1844c6f6a6,2,crowding_R8_block4,crowding,R8,4,35,35.0,0.301029996,2.0,0.7,2.3,0.01,0.111111111,0.01,0.401461827,0.056464798
661415341b1fdb1844c6f6a6,2,crowding_L8_block4,crowding,L8,4,35,35.0,0.301029996,2.0,0.7,2.3,0.01,0.111111111,0.01,0.179734852,0.05346021
661415341b1fdb1844c6f6a6,2,acuity_R8_block2,acuity,R8,2,35,35.0,0.602059991,2.0,0.7,2.3,0.01,0.111111111,0.01,-0.44950986,0.047959753
661415341b1fdb1844c6f6a6,2,acuity_L8_block2,acuity,L8,2,35,35.0,0.602059991,2.0,0.7,2.3,0.01,0.111111111,0.01,-0.454619926,0.049486009
661415341b1fdb1844c6f6a6,2,rsvp_foveal_block2,rsvp,foveal,2,72,72.0,0.301029996,2.0,0.7,2.3,0.01,0.038461538,0.01,-1.114925279,0.033059028
5fa4c21a04bc5912180291bc,2,crowding_R8_block3,crowding,R8,3,35,35.0,0.301029996,2.0,0.7,2.3,0.01,0.111111111,0.01,0.594572692,0.051343896
5fa4c21a04bc5912180291bc,2,crowding_L8_block3,crowding,L8,3,35,35.0,0.301029996,2.0,0.7,2.3,0.01,0.111111111,0.01,-0.144081518,0.053244282
5fa4c21a04bc5912180291bc,2,crowding_R8_block4,crowding,R8,4,35,35.0,0.301029996,2.0,0.7,2.3,0.01,0.111111111,0.01,0.610080163,0.05545936
5fa4c21a04bc5912180291bc,2,crowding_L8_block4,crowding,L8,4,35,35.0,0.301029996,2.0,0.7,2.3,0.01,0.111111111,0.01,0.599543101,0.04807334
5fa4c21a04bc5912180291bc,2,acuity_R8_block2,acuity,R8,2,35,35.0,0.602059991,2.0,0.7,2.3,0.01,0.111111111,0.01,-0.56999049,0.050095468
5fa4c21a04bc5912180291bc,2,acuity_L8_block2,acuity,L8,2,35,35.0,0.602059991,2.0,0.7,2.3,0.01,0.111111111,0.01,-0.47032946,0.054638036
5fa4c21a04bc5912180291bc,2,rsvp_foveal_block2,rsvp,foveal,2,72,72.0,0.301029996,2.0,0.7,2.3,0.01,0.038461538,0.01,-1.332123823,0.031681124
55d51a6b8ce09000127d4821,2,crowding_R8_block3,crowding,R8,3,35,35.0,0.301029996,2.0,0.7,2.3,0.01,0.111111111,0.01,0.530856854,0.060372021
55d51a6b8ce09000127d4821,2,crowding_L8_block3,crowding,L8,3,35,35.0,0.301029996,2.0,0.7,2.3,0.01,0.111111111,0.01,-0.291955933,0.053652203
55d51a6b8ce09000127d4821,2,crowding_R8_block4,crowding,R8,4,35,35.0,0.301029996,2.0,0.7,2.3,0.01,0.111111111,0.01,0.228138473,0.056817636
55d51a6b8ce09000127d4821,2,crowding_L8_block4,crowding,L8,4,35,35.0,0.301029996,2.0,0.7,2.3,0.01,0.111111111,0.01,-0.435273636,0.04757415
55d51a6b8ce09000127d4821,2,acuity_R8_block2,acuity,R8,2,35,35.0,0.602059991,2.0,0.7,2.3,0.01,0.111111111,0.01,-0.630484,0.049340671
55d51a6b8ce09000127d4821,2,acuity_L8_block2,acuity,L8,2,35,35.0,0.602059991,2.0,0.7,2.3,0.01,0.111111111,0.01,-0.711133338,0.04887764
55d51a6b8ce09000127d4821,2,rsvp_foveal_block2,rsvp,foveal,2,72,72.0,0.301029996,2.0,0.7,2.3,0.01,0.038461538,0.01,-1.613989911,0.032025791
67657279b0bce380fa33721e,2,crowding_R8_block3,crowding,R8,3,35,35.0,0.301029996,2.0,0.7,2.3,0.01,0.111111111,0.01,0.597961734,0.058316945
67657279b0bce380fa33721e,2,crowding_L8_block3,crowding,L8,3,35,35.0,0.301029996,2.0,0.7,2.3,0.01,0.111111111,0.01,0.261800647,0.055474029
67657279b0bce380fa33721e,2,crowding_R8_block4,crowding,R8,4,35,35.0,0.301029996,2.0,0.7,2.3,0.01,0.111111111,0.01,0.717579971,0.060995334
67657279b0bce380fa33721e,2,crowding_L8_block4,crowding,L8,4,35,35.0,0.301029996,2.0,0.7,2.3,0.01,0.111111111,0.01,0.589504407,0.050533505
67657279b0bce380fa33721e,2,acuity_R8_block2,acuity,R8,2,35,35.0,0.602059991,2.0,0.7,2.3,0.01,0.111111111,0.01,-0.434700091,0.048510528
67657279b0bce380fa33721e,2,acuity_L8_block2,acuity,L8,2,35,35.0,0.602059991,2.0,0.7,2.3,0.01,0.111111111,0.01,-0.430688933,0.049129685
67657279b0bce380fa33721e,2,rsvp_foveal_block2,rsvp,foveal,2,72,72.0,0.301029996,2.0,0.7,2.3,0.01,0.038461538,0.01,-1.654069055,0.036336944
57334d427d01ed00098e8e69,2,crowding_R8_block3,crowding,R8,3,35,35.0,0.301029996,2.0,0.7,2.3,0.01,0.111111111,0.01,0.027973298,0.067630585
57334d427d01ed00098e8e69,2,crowding_L8_block3,crowding,L8,3,35,35.0,0.301029996,2.0,0.7,2.3,0.01,0.111111111,0.01,0.079095819,0.050877763
57334d427d01ed00098e8e69,2,crowding_R8_block4,crowding,R8,4,35,35.0,0.301029996,2.0,0.7,2.3,0.01,0.111111111,0.01,0.16633428,0.048180742
57334d427d01ed00098e8e69,2,crowding_L8_block4,crowding,L8,4,35,35.0,0.301029996,2.0,0.7,2.3,0.01,0.111111111,0.01,0.504776906,0.05110439
57334d427d01ed00098e8e69,2,acuity_R8_block2,acuity,R8,2,35,35.0,0.602059991,2.0,0.7,2.3,0.01,0.111111111,0.01,-0.559156411,0.04746033
57334d427d01ed00098e8e69,2,acuity_L8_block2,acuity,L8,2,35,35.0,0.602059991,2.0,0.7,2.3,0.01,0.111111111,0.01,-0.546008417,0.049823597
57334d427d01ed00098e8e69,2,rsvp_foveal_block2,rsvp,foveal,2,72,72.0,0.301029996,2.0,0.7,2.3,0.01,0.038461538,0.01,-1.317957302,0.030957518
5de7b588ff15c2a06658dd1d,2,crowding_R8_block3,crowding,R8,3,35,35.0,0.301029996,2.0,0.7,2.3,0.01,0.111111111,0.01,0.390284268,0.049426447
5de7b588ff15c2a06658dd1d,2,crowding_L8_block3,crowding,L8,3,35,35.0,0.301029996,2.0,0.7,2.3,0.01,0.111111111,0.01,0.487592758,0.051002422
5de7b588ff15c2a06658dd1d,2,crowding_R8_block4,crowding,R8,4,35,35.0,0.301029996,2.0,0.7,2.3,0.01,0.111111111,0.01,-0.015373633,0.055558883
5de7b588ff15c2a06658dd1d,2,crowding_L8_block4,crowding,L8,4,35,35.0,0.301029996,2.0,0.7,2.3,0.01,0.111111111,0.01,0.383263277,0.050922944
5de7b588ff15c2a06658dd1d,2,acuity_R8_block2,acuity,R8,2,35,35.0,0.602059991,2.0,0.7,2.3,0.01,0.111111111,0.01,-0.461521702,0.05295049
5de7b588ff15c2a06658dd1d,2,acuity_L8_block2,acuity,L8,2,35,35.0,0.602059991,2.0,0.7,2.3,0.01,0.111111111,0.01,-0.638051032,0.050455179
5de7b588ff15c2a06658dd1d,2,rsvp_foveal_block2,rsvp,foveal,2,72,72.0,0.301029996,2.0,0.7,2.3,0.01,0.038461538,0.01,-1.388740545,0.030937085
67e461f383bb0fc948ffd5fd,2,crowding_R8_block3,crowding,R8,3,35,35.0,0.301029996,2.0,0.7,2.3,0.01,0.111111111,0.01,-0.030049624,0.072773991
67e461f383bb0fc948ffd5fd,2,crowding_L8_block3,crowding,L8,3,35,35.0,0.301029996,2.0,0.7,2.3,0.01,0.111111111,0.01,0.208516844,0.051090148
67e461f383bb0fc948ffd5fd,2,crowding_R8_block4,crowding,R8,4,35,35.0,0.301029996,2.0,0.7,2.3,0.01,0.111111111,0.01,0.188884184,0.050226485
67e461f383bb0fc948ffd5fd,2,crowding_L8_block4,crowding,L8,4,35,35.0,0.301029996,2.0,0.7,2.3,0.01,0.111111111,0.01,0.473461673,0.04829795
67e461f383bb0fc948ffd5fd,2,acuity_R8_block2,acuity,R8,2,35,35.0,0.602059991,2.0,0.7,2.3,0.01,0.111111111,0.01,-0.509694117,0.046639435
67e461f383bb0fc948ffd5fd,2,acuity_L8_block2,acuity,L8,2,35,35.0,0.602059991,2.0,0.7,2.3,0.01,0.111111111,0.01,-0.423305439,0.048515662
67e461f383bb0fc948ffd5fd,2,rsvp_foveal_block2,rsvp,foveal,2,72,72.0,0.301029996,2.0,0.7,2.3,0.01,0.038461538,0.01,-1.383444581,0.031407698
65ddeb426c748b12456eed89,2,crowding_R8_block3,crowding,R8,3,35,35.0,0.301029996,2.0,0.7,2.3,0.01,0.111111111,0.01,0.599920708,0.050732793
65ddeb426c748b12456eed89,2,crowding_L8_block3,crowding,L8,3,35,35.0,0.301029996,2.0,0.7,2.3,0.01,0.111111111,0.01,0.345807288,0.071583567
65ddeb426c748b12456eed89,2,crowding_R8_block4,crowding,R8,4,35,35.0,0.301029996,2.0,0.7,2.3,0.01,0.111111111,0.01,0.584489202,0.057273241
65ddeb426c748b12456eed89,2,crowding_L8_block4,crowding,L8,4,35,35.0,0.301029996,2.0,0.7,2.3,0.01,0.111111111,0.01,0.27548717,0.054678377
65ddeb426c748b12456eed89,2,acuity_R8_block2,acuity,R8,2,35,35.0,0.602059991,2.0,0.7,2.3,0.01,0.111111111,0.01,-0.45327869,0.048786167
65ddeb426c748b12456eed89,2,acuity_L8_block2,acuity,L8,2,35,35.0,0.602059991,2.0,0.7,2.3,0.01,0.111111111,0.01,-0.517294386,0.048445647
65ddeb426c748b12456eed89,2,rsvp_foveal_block2,rsvp,foveal,2,72,72.0,0.301029996,2.0,0.7,2.3,0.01,0.038461538,0.01,-1.267306806,0.034020826
67769375527d252db09e7d60,2,crowding_R8_block3,crowding,R8,3,35,35.0,0.301029996,2.0,0.7,2.3,0.01,0.111111111,0.01,0.181470026,0.058268061
67769375527d252db09e7d60,2,crowding_L8_block3,crowding,L8,3,35,35.0,0.301029996,2.0,0.7,2.3,0.01,0.111111111,0.01,0.476355771,0.051634563
67769375527d252db09e7d60,2,crowding_R8_block4,crowding,R8,4,35,35.0,0.301029996,2.0,0.7,2.3,0.01,0.111111111,0.01,0.116988194,0.047474157
67769375527d252db09e7d60,2,crowding_L8_block4,crowding,L8,4,35,35.0,0.301029996,2.0,0.7,2.3,0.01,0.111111111,0.01,0.294287493,0.055200441
67769375527d252db09e7d60,2,acuity_R8_block2,acuity,R8,2,35,35.0,0.602059991,2.0,0.7,2.3,0.01,0.111111111,0.01,-0.551353616,0.050383929
67769375527d252db09e7d60,2,acuity_L8_block2,acuity,L8,2,35,35.0,0.602059991,2.0,0.7,2.3,0.01,0.111111111,0.01,-0.542098324,0.049243078
67769375527d252db09e7d60,2,rsvp_foveal_block2,rsvp,foveal,2,72,72.0,0.301029996,2.0,0.7,2.3,0.01,0.038461538,0.01,-1.526361826,0.031195568
60693e637bc58fc13d57b1a7,2,crowding_R8_block3,crowding,R8,3,35,35.0,0.301029996,2.0,0.7,2.3,0.01,0.111111111,0.01,0.237106474,0.047826861
60693e637bc58fc13d57b1a7,2,crowding_L8_block3,crowding,L8,3,35,35.0,0.301029996,2.0,0.7,2.3,0.01,0.111111111,0.01,0.457823226,0.047871915
60693e637bc58fc13d57b1a7,2,crowding_R8_block4,crowding,R8,4,35,35.0,0.301029996,2.0,0.7,2.3,0.01,0.111111111,0.01,0.005938133,0.051822695
60693e637bc58fc13d57b1a7,2,crowding_L8_block4,crowding,L8,4,35,35.0,0.301029996,2.0,0.7,2.3,0.01,0.111111111,0.01,0.045463866,0.055219402
60693e637bc58fc13d57b1a7,2,acuity_R8_block2,acuity,R8,2,35,35.0,0.602059991,2.0,0.7,2.3,0.01,0.111111111,0.01,-0.664485977,0.048419431
60693e637bc58fc13d57b1a7,2,acuity_L8_block2,acuity,L8,2,35,35.0,0.602059991,2.0,0.7,2.3,0.01,0.111111111,0.01,-0.533578038,0.04920661
60693e637bc58fc13d57b1a7,2,rsvp_foveal_block2,rsvp,foveal,2,72,72.0,0.301029996,2.0,0.7,2.3,0.01,0.038461538,0.01,-1.275616593,0.031498965
610ccf09b1b0759b2668ded1,2,crowding_R8_block3,crowding,R8,3,35,35.0,0.301029996,2.0,0.7,2.3,0.01,0.111111111,0.01,0.242677689,0.049953442
610ccf09b1b0759b2668ded1,2,crowding_L8_block3,crowding,L8,3,35,35.0,0.301029996,2.0,0.7,2.3,0.01,0.111111111,0.01,0.467437887,0.053153777
610ccf09b1b0759b2668ded1,2,crowding_R8_block4,crowding,R8,4,35,35.0,0.301029996,2.0,0.7,2.3,0.01,0.111111111,0.01,0.357311412,0.04853577
610ccf09b1b0759b2668ded1,2,crowding_L8_block4,crowding,L8,4,35,35.0,0.301029996,2.0,0.7,2.3,0.01,0.111111111,0.01,0.324649253,0.054016385
610ccf09b1b0759b2668ded1,2,acuity_R8_block2,acuity,R8,2,35,35.0,0.602059991,2.0,0.7,2.3,0.01,0.111111111,0.01,-0.448462705,0.049694537
610ccf09b1b0759b2668ded1,2,acuity_L8_block2,acuity,L8,2,35,35.0,0.602059991,2.0,0.7,2.3,0.01,0.111111111,0.01,-0.431553396,0.049933668
610ccf09b1b0759b2668ded1,2,rsvp_foveal_block2,rsvp,foveal,2,72,72.0,0.301029996,2.0,0.7,2.3,0.01,0.038461538,0.01,-1.442801562,0.031781982
5fc2c0cfdb80f9025c6b4810,2,crowding_R8_block3,crowding,R8,3,35,35.0,0.301029996,2.0,0.7,2.3,0.01,0.111111111,0.01,0.031436036,0.053303978
5fc2c0cfdb80f9025c6b4810,2,crowding_L8_block3,crowding,L8,3,35,35.0,0.301029996,2.0,0.7,2.3,0.01,0.111111111,0.01,0.058977971,0.050714382
5fc2c0cfdb80f9025c6b4810,2,crowding_R8_block4,crowding,R8,4,35,35.0,0.301029996,2.0,0.7,2.3,0.01,0.111111111,0.01,0.095970568,0.083533232
5fc2c0cfdb80f9025c6b4810,2,crowding_L8_block4,crowding,L8,4,35,35.0,0.301029996,2.0,0.7,2.3,0.01,0.111111111,0.01,0.114259924,0.049840117
5fc2c0cfdb80f9025c6b4810,2,acuity_R8_block2,acuity,R8,2,35,35.0,0.602059991,2.0,0.7,2.3,0.01,0.111111111,0.01,-0.535736881,0.04936636
5fc2c0cfdb80f9025c6b4810,2,acuity_L8_block2,acuity,L8,2,35,35.0,0.602059991,2.0,0.7,2.3,0.01,0.111111111,0.01,-0.559236856,0.052645721
5fc2c0cfdb80f9025c6b4810,2,rsvp_foveal_block2,rsvp,foveal,2,72,72.0,0.301029996,2.0,0.7,2.3,0.01,0.038461538,0.01,-1.544195888,0.03098771
5d12ce9596919a0019367dd4,2,crowding_R8_block3,crowding,R8,3,35,35.0,0.301029996,2.0,0.7,2.3,0.01,0.111111111,0.01,0.108039228,0.054710768
5d12ce9596919a0019367dd4,2,crowding_L8_block3,crowding,L8,3,35,35.0,0.301029996,2.0,0.7,2.3,0.01,0.111111111,0.01,0.523702502,0.052165856
5d12ce9596919a0019367dd4,2,crowding_R8_block4,crowding,R8,4,35,35.0,0.301029996,2.0,0.7,2.3,0.01,0.111111111,0.01,0.305212738,0.06071809
5d12ce9596919a0019367dd4,2,crowding_L8_block4,crowding,L8,4,35,35.0,0.301029996,2.0,0.7,2.3,0.01,0.111111111,0.01,0.480188814,0.067428416
5d12ce9596919a0019367dd4,2,acuity_R8_block2,acuity,R8,2,35,35.0,0.602059991,2.0,0.7,2.3,0.01,0.111111111,0.01,-0.514424242,0.05148119
5d12ce9596919a0019367dd4,2,acuity_L8_block2,acuity,L8,2,35,35.0,0.602059991,2.0,0.7,2.3,0.01,0.111111111,0.01,-0.55527783,0.049385246
5d12ce9596919a0019367dd4,2,rsvp_foveal_block2,rsvp,foveal,2,72,72.0,0.301029996,2.0,0.7,2.3,0.01,0.038461538,0.01,-1.509556242,0.031525817
669a4f388b2de8df723faf1e,2,crowding_R8_block3,crowding,R8,3,35,35.0,0.301029996,2.0,0.7,2.3,0.01,0.111111111,0.01,0.472429549,0.049338144
669a4f388b2de8df723faf1e,2,crowding_L8_block3,crowding,L8,3,35,35.0,0.301029996,2.0,0.7,2.3,0.01,0.111111111,0.01,0.430161967,0.051046826
669a4f388b2de8df723faf1e,2,crowding_R8_block4,crowding,R8,4,35,35.0,0.301029996,2.0,0.7,2.3,0.01,0.111111111,0.01,0.215620112,0.054855728
669a4f388b2de8df723faf1e,2,crowding_L8_block4,crowding,L8,4,35,35.0,0.301029996,2.0,0.7,2.3,0.01,0.111111111,0.01,0.141811525,0.049025892
669a4f388b2de8df723faf1e,2,acuity_R8_block2,acuity,R8,2,35,35.0,0.602059991,2.0,0.7,2.3,0.01,0.111111111,0.01,-0.355832528,0.048267635
669a4f388b2de8df723faf1e,2,acuity_L8_block2,acuity,L8,2,35,35.0,0.602059991,2.0,0.7,2.3,0.01,0.111111111,0.01,-0.330875461,0.047930282
669a4f388b2de8df723faf1e,2,rsvp_foveal_block2,rsvp,foveal,2,72,72.0,0.301029996,2.0,0.7,2.3,0.01,0.038461538,0.01,-1.479048073,0.032222158
5bb756696322c5000159756c,2,crowding_R8_block3,crowding,R8,3,35,35.0,0.301029996,2.0,0.7,2.3,0.01,0.111111111,0.01,0.028468775,0.049692018
5bb756696322c5000159756c,2,crowding_L8_block3,crowding,L8,3,35,35.0,0.301029996,2.0,0.7,2.3,0.01,0.111111111,0.01,0.53371814,0.066208593
5bb756696322c5000159756c,2,crowding_R8_block4,crowding,R8,4,35,35.0,0.301029996,2.0,0.7,2.3,0.01,0.111111111,0.01,0.228570207,0.048126543
5bb756696322c5000159756c,2,crowding_L8_block4,crowding,L8,4,35,35.0,0.301029996,2.0,0.7,2.3,0.01,0.111111111,0.01,0.462795575,0.050801382
5bb756696322c5000159756c,2,acuity_R8_block2,acuity,R8,2,35,35.0,0.602059991,2.0,0.7,2.3,0.01,0.111111111,0.01,-0.541449876,0.050313884
5bb756696322c5000159756c,2,acuity_L8_block2,acuity,L8,2,35,35.0,0.602059991,2.0,0.7,2.3,0.01,0.111111111,0.01,-0.515872072,0.048448877
5bb756696322c5000159756c,2,rsvp_foveal_block2,rsvp,foveal,2,72,72.0,0.301029996,2.0,0.7,2.3,0.01,0.038461538,0.01,-1.51450169,0.031232269
6771a01f1265f76e247ec6ab,2,crowding_R8_block3,crowding,R8,3,35,35.0,0.301029996,2.0,0.7,2.3,0.01,0.111111111,0.01,0.26580203,0.061705196
6771a01f1265f76e247ec6ab,2,crowding_L8_block3,crowding,L8,3,35,35.0,0.301029996,2.0,0.7,2.3,0.01,0.111111111,0.01,0.537986088,0.064818372
6771a01f1265f76e247ec6ab,2,crowding_R8_block4,crowding,R8,4,35,35.0,0.301029996,2.0,0.7,2.3,0.01,0.111111111,0.01,0.44053113,0.049190965
6771a01f1265f76e247ec6ab,2,crowding_L8_block4,crowding,L8,4,36,36.0,0.301029996,2.0,0.7,2.3,0.01,0.111111111,0.01,0.439261346,0.048204527
6771a01f1265f76e247ec6ab,2,acuity_R8_block2,acuity,R8,2,35,35.0,0.602059991,2.0,0.7,2.3,0.01,0.111111111,0.01,-0.562988095,0.049827099
6771a01f1265f76e247ec6ab,2,acuity_L8_block2,acuity,L8,2,35,35.0,0.602059991,2.0,0.7,2.3,0.01,0.111111111,0.01,-0.598646891,0.050678166
6771a01f1265f76e247ec6ab,2,rsvp_foveal_block2,rsvp,foveal,2,72,72.0,0.301029996,2.0,0.7,2.3,0.01,0.038461538,0.01,-1.765478491,0.139943152
67d054da1ace82013b5f0d99,2,crowding_R8_block3,crowding,R8,3,35,35.0,0.301029996,2.0,0.7,2.3,0.01,0.111111111,0.01,0.402624276,0.04836535
67d054da1ace82013b5f0d99,2,crowding_L8_block3,crowding,L8,3,35,35.0,0.301029996,2.0,0.7,2.3,0.01,0.111111111,0.01,0.14039797,0.050463611
67d054da1ace82013b5f0d99,2,crowding_R8_block4,crowding,R8,4,35,35.0,0.301029996,2.0,0.7,2.3,0.01,0.111111111,0.01,0.2738742,0.057584928
67d054da1ace82013b5f0d99,2,crowding_L8_block4,crowding,L8,4,35,35.0,0.301029996,2.0,0.7,2.3,0.01,0.111111111,0.01,0.33184505,0.106426163
67d054da1ace82013b5f0d99,2,acuity_R8_block2,acuity,R8,2,34,34.0,0.602059991,2.0,0.7,2.3,0.01,0.111111111,0.01,-0.449424791,0.050753213
67d054da1ace82013b5f0d99,2,acuity_L8_block2,acuity,L8,2,34,34.0,0.602059991,2.0,0.7,2.3,0.01,0.111111111,0.01,-0.500582004,0.050460324
67d054da1ace82013b5f0d99,2,rsvp_foveal_block2,rsvp,foveal,2,69,69.0,0.301029996,2.0,0.7,2.3,0.01,0.038461538,0.01,-1.320116216,0.031880651
66d8b1917c364ec10c95a0c6,2,crowding_R8_block3,crowding,R8,3,35,35.0,0.301029996,2.0,0.7,2.3,0.01,0.111111111,0.01,0.089022455,0.051509528
66d8b1917c364ec10c95a0c6,2,crowding_L8_block3,crowding,L8,3,35,35.0,0.301029996,2.0,0.7,2.3,0.01,0.111111111,0.01,0.504680251,0.063502213
66d8b1917c364ec10c95a0c6,2,crowding_R8_block4,crowding,R8,4,35,35.0,0.301029996,2.0,0.7,2.3,0.01,0.111111111,0.01,0.100298337,0.060510266
66d8b1917c364ec10c95a0c6,2,crowding_L8_block4,crowding,L8,4,35,35.0,0.301029996,2.0,0.7,2.3,0.01,0.111111111,0.01,0.549719899,0.052809551
66d8b1917c364ec10c95a0c6,2,acuity_R8_block2,acuity,R8,2,35,35.0,0.602059991,2.0,0.7,2.3,0.01,0.111111111,0.01,-0.591298103,0.048338648
66d8b1917c364ec10c95a0c6,2,acuity_L8_block2,acuity,L8,2,35,35.0,0.602059991,2.0,0.7,2.3,0.01,0.111111111,0.01,-0.626144359,0.050464565
66d8b1917c364ec10c95a0c6,2,rsvp_foveal_block2,rsvp,foveal,2,72,72.0,0.301029996,2.0,0.7,2.3,0.01,0.038461538,0.01,-1.401189315,0.031118233
675d61c63a00cb308be414f7,2,crowding_R8_block3,crowding,R8,3,35,35.0,0.301029996,2.0,0.7,2.3,0.01,0.111111111,0.01,0.216626018,0.048867281
675d61c63a00cb308be414f7,2,crowding_L8_block3,crowding,L8,3,35,35.0,0.301029996,2.0,0.7,2.3,0.01,0.111111111,0.01,-0.054517422,0.050832727
675d61c63a00cb308be414f7,2,crowding_R8_block4,crowding,R8,4,35,35.0,0.301029996,2.0,0.7,2.3,0.01,0.111111111,0.01,0.3752028,0.052145657
675d61c63a00cb308be414f7,2,crowding_L8_block4,crowding,L8,4,35,35.0,0.301029996,2.0,0.7,2.3,0.01,0.111111111,0.01,-0.031479455,0.061544223
675d61c63a00cb308be414f7,2,acuity_R8_block2,acuity,R8,2,35,35.0,0.602059991,2.0,0.7,2.3,0.01,0.111111111,0.01,-0.492221929,0.049130013
675d61c63a00cb308be414f7,2,acuity_L8_block2,acuity,L8,2,35,35.0,0.602059991,2.0,0.7,2.3,0.01,0.111111111,0.01,-0.594987918,0.048913334
675d61c63a00cb308be414f7,2,rsvp_foveal_block2,rsvp,foveal,2,72,72.0,0.301029996,2.0,0.7,2.3,0.01,0.038461538,0.01,-1.367312547,0.030781132
6746c680672c3ab45f25efb7,2,crowding_R8_block3,crowding,R8,3,35,35.0,0.301029996,2.0,0.7,2.3,0.01,0.111111111,0.01,0.604998791,0.047407444
6746c680672c3ab45f25efb7,2,crowding_L8_block3,crowding,L8,3,35,35.0,0.301029996,2.0,0.7,2.3,0.01,0.111111111,0.01,0.618809021,0.049510253
6746c680672c3ab45f25efb7,2,crowding_R8_block4,crowding,R8,4,35,35.0,0.301029996,2.0,0.7,2.3,0.01,0.111111111,0.01,0.597031017,0.053481279
6746c680672c3ab45f25efb7,2,crowding_L8_block4,crowding,L8,4,35,35.0,0.301029996,2.0,0.7,2.3,0.01,0.111111111,0.01,0.554287982,0.048812381
6746c680672c3ab45f25efb7,2,acuity_R8_block2,acuity,R8,2,35,35.0,0.602059991,2.0,0.7,2.3,0.01,0.111111111,0.01,-0.455160349,0.048653517
6746c680672c3ab45f25efb7,2,acuity_L8_block2,acuity,L8,2,35,35.0,0.602059991,2.0,0.7,2.3,0.01,0.111111111,0.01,-0.522065895,0.048843699
6746c680672c3ab45f25efb7,2,rsvp_foveal_block2,rsvp,foveal,2,72,72.0,0.301029996,2.0,0.7,2.3,0.01,0.038461538,0.01,-1.366976567,0.032345871
66708c3d9418ec5491c5483e,2,crowding_R8_block3,crowding,R8,3,35,35.0,0.301029996,2.0,0.7,2.3,0.01,0.111111111,0.01,0.24915434,0.051109467
66708c3d9418ec5491c5483e,2,crowding_L8_block3,crowding,L8,3,35,35.0,0.301029996,2.0,0.7,2.3,0.01,0.111111111,0.01,0.086182978,0.048968479
66708c3d9418ec5491c5483e,2,crowding_R8_block4,crowding,R8,4,35,35.0,0.301029996,2.0,0.7,2.3,0.01,0.111111111,0.01,-0.064629071,0.047968149
66708c3d9418ec5491c5483e,2,crowding_L8_block4,crowding,L8,4,35,35.0,0.301029996,2.0,0.7,2.3,0.01,0.111111111,0.01,-0.167969099,0.093935287
66708c3d9418ec5491c5483e,2,acuity_R8_block2,acuity,R8,2,35,35.0,0.602059991,2.0,0.7,2.3,0.01,0.111111111,0.01,-0.427708784,0.047910512
66708c3d9418ec5491c5483e,2,acuity_L8_block2,acuity,L8,2,35,35.0,0.602059991,2.0,0.7,2.3,0.01,0.111111111,0.01,-0.390843167,0.049863417
66708c3d9418ec5491c5483e,2,rsvp_foveal_block2,rsvp,foveal,2,72,72.0,0.301029996,2.0,0.7,2.3,0.01,0.038461538,0.01,-1.178643912,0.031931516
671961a21d864743f6277a27,2,crowding_R8_block3,crowding,R8,3,35,35.0,0.301029996,2.0,0.7,2.3,0.01,0.111111111,0.01,0.277111226,0.055529925
671961a21d864743f6277a27,2,crowding_L8_block3,crowding,L8,3,35,35.0,0.301029996,2.0,0.7,2.3,0.01,0.111111111,0.01,0.397296788,0.049237508
671961a21d864743f6277a27,2,crowding_R8_block4,crowding,R8,4,35,35.0,0.301029996,2.0,0.7,2.3,0.01,0.111111111,0.01,0.31908283,0.048061759
671961a21d864743f6277a27,2,crowding_L8_block4,crowding,L8,4,35,35.0,0.301029996,2.0,0.7,2.3,0.01,0.111111111,0.01,0.23951212,0.050899323
671961a21d864743f6277a27,2,acuity_R8_block2,acuity,R8,2,35,35.0,0.602059991,2.0,0.7,2.3,0.01,0.111111111,0.01,-0.641808933,0.050295532
671961a21d864743f6277a27,2,acuity_L8_block2,acuity,L8,2,35,35.0,0.602059991,2.0,0.7,2.3,0.01,0.111111111,0.01,-0.579288291,0.049628793
671961a21d864743f6277a27,2,rsvp_foveal_block2,rsvp,foveal,2,72,72.0,0.301029996,2.0,0.7,2.3,0.01,0.038461538,0.01,-1.332743689,0.031605949
5d453e8723a5bb0001492546,2,crowding_R8_block3,crowding,R8,3,35,35.0,0.301029996,2.0,0.7,2.3,0.01,0.111111111,0.01,0.525011039,0.047618848
5d453e8723a5bb0001492546,2,crowding_L8_block3,crowding,L8,3,36,36.0,0.301029996,2.0,0.7,2.3,0.01,0.111111111,0.01,0.444329757,0.056365422
5d453e8723a5bb0001492546,2,crowding_R8_block4,crowding,R8,4,35,35.0,0.301029996,2.0,0.7,2.3,0.01,0.111111111,0.01,0.526104129,0.067194325
5d453e8723a5bb0001492546,2,crowding_L8_block4,crowding,L8,4,36,36.0,0.301029996,2.0,0.7,2.3,0.01,0.111111111,0.01,0.210223173,0.054163389
5d453e8723a5bb0001492546,2,acuity_R8_block2,acuity,R8,2,35,35.0,0.602059991,2.0,0.7,2.3,0.01,0.111111111,0.01,-0.279155111,0.047510611
5d453e8723a5bb0001492546,2,acuity_L8_block2,acuity,L8,2,35,35.0,0.602059991,2.0,0.7,2.3,0.01,0.111111111,0.01,-0.291542474,0.047553733
5d453e8723a5bb0001492546,2,rsvp_foveal_block2,rsvp,foveal,2,72,72.0,0.301029996,2.0,0.7,2.3,0.01,0.038461538,0.01,-1.975634658,0.129485225
67fffee26ec983c07f3a2abd,2,crowding_R8_block3,crowding,R8,3,35,35.0,0.301029996,2.0,0.7,2.3,0.01,0.111111111,0.01,0.045847658,0.048007591
67fffee26ec983c07f3a2abd,2,crowding_L8_block3,crowding,L8,3,35,35.0,0.301029996,2.0,0.7,2.3,0.01,0.111111111,0.01,0.170171537,0.066900553
67fffee26ec983c07f3a2abd,2,crowding_R8_block4,crowding,R8,4,35,35.0,0.301029996,2.0,0.7,2.3,0.01,0.111111111,0.01,-0.135545909,0.048940552
67fffee26ec983c07f3a2abd,2,crowding_L8_block4,crowding,L8,4,35,35.0,0.301029996,2.0,0.7,2.3,0.01,0.111111111,0.01,0.415856096,0.060580967
67fffee26ec983c07f3a2abd,2,acuity_R8_block2,acuity,R8,2,35,35.0,0.602059991,2.0,0.7,2.3,0.01,0.111111111,0.01,-0.536339369,0.049358676
67fffee26ec983c07f3a2abd,2,acuity_L8_block2,acuity,L8,2,35,35.0,0.602059991,2.0,0.7,2.3,0.01,0.111111111,0.01,-0.574196139,0.046746459
67fffee26ec983c07f3a2abd,2,rsvp_foveal_block2,rsvp,foveal,2,72,72.0,0.301029996,2.0,0.7,2.3,0.01,0.038461538,0.01,-1.2984421,0.030933286
5de3c83c2033793be6591e53,2,crowding_R8_block3,crowding,R8,3,35,35.0,0.301029996,2.0,0.7,2.3,0.01,0.111111111,0.01,0.579356215,0.064385273
5de3c83c2033793be6591e53,2,crowding_L8_block3,crowding,L8,3,35,35.0,0.301029996,2.0,0.7,2.3,0.01,0.111111111,0.01,0.212355012,0.063291401
5de3c83c2033793be6591e53,2,crowding_R8_block4,crowding,R8,4,35,35.0,0.301029996,2.0,0.7,2.3,0.01,0.111111111,0.01,0.136801377,0.049616243
5de3c83c2033793be6591e53,2,crowding_L8_block4,crowding,L8,4,35,35.0,0.301029996,2.0,0.7,2.3,0.01,0.111111111,0.01,0.632160683,0.048245811
5de3c83c2033793be6591e53,2,acuity_R8_block2,acuity,R8,2,35,35.0,0.602059991,2.0,0.7,2.3,0.01,0.111111111,0.01,-0.530663868,0.060884185
5de3c83c2033793be6591e53,2,acuity_L8_block2,acuity,L8,2,35,35.0,0.602059991,2.0,0.7,2.3,0.01,0.111111111,0.01,-0.571781573,0.062540637
5de3c83c2033793be6591e53,2,rsvp_foveal_block2,rsvp,foveal,2,72,72.0,0.301029996,2.0,0.7,2.3,0.01,0.038461538,0.01,-1.300092778,0.032315544
6743c8da977b0d274dad1fc2,2,crowding_R8_block3,crowding,R8,3,35,35.0,0.301029996,2.0,0.7,2.3,0.01,0.111111111,0.01,0.09146925,0.048797544
6743c8da977b0d274dad1fc2,2,crowding_L8_block3,crowding,L8,3,35,35.0,0.301029996,2.0,0.7,2.3,0.01,0.111111111,0.01,0.457845312,0.047955488
6743c8da977b0d274dad1fc2,2,crowding_R8_block4,crowding,R8,4,35,35.0,0.301029996,2.0,0.7,2.3,0.01,0.111111111,0.01,0.461022643,0.046814185
6743c8da977b0d274dad1fc2,2,crowding_L8_block4,crowding,L8,4,35,35.0,0.301029996,2.0,0.7,2.3,0.01,0.111111111,0.01,0.595441031,0.051186834
6743c8da977b0d274dad1fc2,2,acuity_R8_block2,acuity,R8,2,35,35.0,0.602059991,2.0,0.7,2.3,0.01,0.111111111,0.01,-0.568018695,0.049178893
6743c8da977b0d274dad1fc2,2,acuity_L8_block2,acuity,L8,2,35,35.0,0.602059991,2.0,0.7,2.3,0.01,0.111111111,0.01,-0.704968684,0.047313432
6743c8da977b0d274dad1fc2,2,rsvp_foveal_block2,rsvp,foveal,2,72,72.0,0.301029996,2.0,0.7,2.3,0.01,0.038461538,0.01,-1.154556711,0.032188888
644bc265cb8a19eab3311bab,2,crowding_R8_block3,crowding,R8,3,35,35.0,0.301029996,2.0,0.7,2.3,0.01,0.111111111,0.01,0.583169311,0.047688232
644bc265cb8a19eab3311bab,2,crowding_L8_block3,crowding,L8,3,35,35.0,0.301029996,2.0,0.7,2.3,0.01,0.111111111,0.01,0.656738012,0.049145751
644bc265cb8a19eab3311bab,2,crowding_R8_block4,crowding,R8,4,35,35.0,0.301029996,2.0,0.7,2.3,0.01,0.111111111,0.01,0.548642629,0.05141684
644bc265cb8a19eab3311bab,2,crowding_L8_block4,crowding,L8,4,35,35.0,0.301029996,2.0,0.7,2.3,0.01,0.111111111,0.01,0.609573831,0.050777197
644bc265cb8a19eab3311bab,2,acuity_R8_block2,acuity,R8,2,35,35.0,0.602059991,2.0,0.7,2.3,0.01,0.111111111,0.01,-0.510496302,0.049298504
644bc265cb8a19eab3311bab,2,acuity_L8_block2,acuity,L8,2,35,35.0,0.602059991,2.0,0.7,2.3,0.01,0.111111111,0.01,-0.477971947,0.052795659
644bc265cb8a19eab3311bab,2,rsvp_foveal_block2,rsvp,foveal,2,72,72.0,0.301029996,2.0,0.7,2.3,0.01,0.038461538,0.01,-1.229580948,0.031747791
67439be8ee2236a7c078d523,2,crowding_R8_block3,crowding,R8,3,35,35.0,0.301029996,2.0,0.7,2.3,0.01,0.111111111,0.01,0.036077821,0.058870101
67439be8ee2236a7c078d523,2,crowding_L8_block3,crowding,L8,3,35,35.0,0.301029996,2.0,0.7,2.3,0.01,0.111111111,0.01,0.212669741,0.048973213
67439be8ee2236a7c078d523,2,crowding_R8_block4,crowding,R8,4,35,35.0,0.301029996,2.0,0.7,2.3,0.01,0.111111111,0.01,-0.23964744,0.097437031
67439be8ee2236a7c078d523,2,crowding_L8_block4,crowding,L8,4,35,35.0,0.301029996,2.0,0.7,2.3,0.01,0.111111111,0.01,0.466546526,0.05023676
67439be8ee2236a7c078d523,2,acuity_R8_block2,acuity,R8,2,35,35.0,0.602059991,2.0,0.7,2.3,0.01,0.111111111,0.01,-0.510624264,0.048556962
67439be8ee2236a7c078d523,2,acuity_L8_block2,acuity,L8,2,35,35.0,0.602059991,2.0,0.7,2.3,0.01,0.111111111,0.01,-0.426748191,0.048810709
67439be8ee2236a7c078d523,2,rsvp_foveal_block2,rsvp,foveal,2,72,72.0,0.301029996,2.0,0.7,2.3,0.01,0.038461538,0.01,-1.626072534,0.032657886
672ca2646b6c51429825766f,2,crowding_R8_block3,crowding,R8,3,35,35.0,0.301029996,2.0,0.7,2.3,0.01,0.111111111,0.01,0.650517799,0.050783693
672ca2646b6c51429825766f,2,crowding_L8_block3,crowding,L8,3,35,35.0,0.301029996,2.0,0.7,2.3,0.01,0.111111111,0.01,0.698735748,0.054884456
672ca2646b6c51429825766f,2,crowding_R8_block4,crowding,R8,4,35,35.0,0.301029996,2.0,0.7,2.3,0.01,0.111111111,0.01,0.721548691,0.054422335
672ca2646b6c51429825766f,2,crowding_L8_block4,crowding,L8,4,35,35.0,0.301029996,2.0,0.7,2.3,0.01,0.111111111,0.01,0.675715546,0.050746378
672ca2646b6c51429825766f,2,acuity_R8_block2,acuity,R8,2,33,33.0,0.602059991,2.0,0.7,2.3,0.01,0.111111111,0.01,-0.453090948,0.050920303
672ca2646b6c51429825766f,2,acuity_L8_block2,acuity,L8,2,35,35.0,0.602059991,2.0,0.7,2.3,0.01,0.111111111,0.01,-0.491270746,0.052763278
672ca2646b6c51429825766f,2,rsvp_foveal_block2,rsvp,foveal,2,72,72.0,0.301029996,2.0,0.7,2.3,0.01,0.038461538,0.01,-1.360925158,0.034084063
5dd2d431181abc2ecde6edb4,2,crowding_R8_block3,crowding,R8,3,35,35.0,0.301029996,2.0,0.7,2.3,0.01,0.111111111,0.01,0.174902639,0.049225539
5dd2d431181abc2ecde6edb4,2,crowding_L8_block3,crowding,L8,3,35,35.0,0.301029996,2.0,0.7,2.3,0.01,0.111111111,0.01,0.592129702,0.048894533
5dd2d431181abc2ecde6edb4,2,crowding_R8_block4,crowding,R8,4,34,34.0,0.301029996,2.0,0.7,2.3,0.01,0.111111111,0.01,-0.006361901,0.048414108
5dd2d431181abc2ecde6edb4,2,crowding_L8_block4,crowding,L8,4,35,35.0,0.301029996,2.0,0.7,2.3,0.01,0.111111111,0.01,0.387908255,0.051083487
5dd2d431181abc2ecde6edb4,2,acuity_R8_block2,acuity,R8,2,35,35.0,0.602059991,2.0,0.7,2.3,0.01,0.111111111,0.01,-0.472948533,0.055035284
5dd2d431181abc2ecde6edb4,2,acuity_L8_block2,acuity,L8,2,35,35.0,0.602059991,2.0,0.7,2.3,0.01,0.111111111,0.01,-0.423773551,0.04913457
5dd2d431181abc2ecde6edb4,2,rsvp_foveal_block2,rsvp,foveal,2,72,72.0,0.301029996,2.0,0.7,2.3,0.01,0.038461538,0.01,-1.175521488,0.031939174
5cb206ee3d6647001724d5af,2,crowding_R8_block3,crowding,R8,3,35,35.0,0.301029996,2.0,0.7,2.3,0.01,0.111111111,0.01,0.089198827,0.053492037
5cb206ee3d6647001724d5af,2,crowding_L8_block3,crowding,L8,3,35,35.0,0.301029996,2.0,0.7,2.3,0.01,0.111111111,0.01,0.211268217,0.050068385
5cb206ee3d6647001724d5af,2,crowding_R8_block4,crowding,R8,4,35,35.0,0.301029996,2.0,0.7,2.3,0.01,0.111111111,0.01,-0.371533276,0.095347153
5cb206ee3d6647001724d5af,2,crowding_L8_block4,crowding,L8,4,35,35.0,0.301029996,2.0,0.7,2.3,0.01,0.111111111,0.01,0.404488844,0.047825286
5cb206ee3d6647001724d5af,2,acuity_R8_block2,acuity,R8,2,35,35.0,0.602059991,2.0,0.7,2.3,0.01,0.111111111,0.01,-0.54358916,0.048581161
5cb206ee3d6647001724d5af,2,acuity_L8_block2,acuity,L8,2,35,35.0,0.602059991,2.0,0.7,2.3,0.01,0.111111111,0.01,-0.562161758,0.048647926
5cb206ee3d6647001724d5af,2,rsvp_foveal_block2,rsvp,foveal,2,72,72.0,0.301029996,2.0,0.7,2.3,0.01,0.038461538,0.01,-1.552553433,0.032560778
67363452674f3db8059e7888,2,crowding_R8_block3,crowding,R8,3,35,35.0,0.301029996,2.0,0.7,2.3,0.01,0.111111111,0.01,0.208782184,0.055937808
67363452674f3db8059e7888,2,crowding_L8_block3,crowding,L8,3,35,35.0,0.301029996,2.0,0.7,2.3,0.01,0.111111111,0.01,0.233516205,0.049709992
67363452674f3db8059e7888,2,crowding_R8_block4,crowding,R8,4,35,35.0,0.301029996,2.0,0.7,2.3,0.01,0.111111111,0.01,0.39415367,0.048980039
67363452674f3db8059e7888,2,crowding_L8_block4,crowding,L8,4,36,36.0,0.301029996,2.0,0.7,2.3,0.01,0.111111111,0.01,0.550706391,0.051613349
67363452674f3db8059e7888,2,acuity_R8_block2,acuity,R8,2,35,35.0,0.602059991,2.0,0.7,2.3,0.01,0.111111111,0.01,-0.457623097,0.048832846
67363452674f3db8059e7888,2,acuity_L8_block2,acuity,L8,2,35,35.0,0.602059991,2.0,0.7,2.3,0.01,0.111111111,0.01,-0.41011862,0.048061215
67363452674f3db8059e7888,2,rsvp_foveal_block2,rsvp,foveal,2,72,72.0,0.301029996,2.0,0.7,2.3,0.01,0.038461538,0.01,-1.626072534,0.032657886
65de3f6558e2556c9250e39e,2,crowding_R8_block3,crowding,R8,3,35,35.0,0.301029996,2.0,0.7,2.3,0.01,0.111111111,0.01,1.504975591,0.615532774
65de3f6558e2556c9250e39e,2,crowding_L8_block3,crowding,L8,3,35,35.0,0.301029996,2.0,0.7,2.3,0.01,0.111111111,0.01,0.845455142,0.457424112
65de3f6558e2556c9250e39e,2,crowding_R8_block4,crowding,R8,4,35,35.0,0.301029996,2.0,0.7,2.3,0.01,0.111111111,0.01,0.526619993,0.109339066
65de3f6558e2556c9250e39e,2,crowding_L8_block4,crowding,L8,4,35,35.0,0.301029996,2.0,0.7,2.3,0.01,0.111111111,0.01,1.648091104,0.580038345
65de3f6558e2556c9250e39e,2,acuity_R8_block2,acuity,R8,2,35,35.0,0.602059991,2.0,0.7,2.3,0.01,0.111111111,0.01,-0.641087408,0.048903881
65de3f6558e2556c9250e39e,2,acuity_L8_block2,acuity,L8,2,35,35.0,0.602059991,2.0,0.7,2.3,0.01,0.111111111,0.01,-0.539142341,0.049299189
65de3f6558e2556c9250e39e,2,rsvp_foveal_block2,rsvp,foveal,2,72,72.0,0.301029996,2.0,0.7,2.3,0.01,0.038461538,0.01,-1.559301205,0.032711642
6544fd4daeb0e81889e217f7,2,crowding_R8_block3,crowding,R8,3,35,35.0,0.301029996,2.0,0.7,2.3,0.01,0.111111111,0.01,0.393144751,0.098840401
6544fd4daeb0e81889e217f7,2,crowding_L8_block3,crowding,L8,3,35,35.0,0.301029996,2.0,0.7,2.3,0.01,0.111111111,0.01,0.647091479,0.055673987
6544fd4daeb0e81889e217f7,2,crowding_R8_block4,crowding,R8,4,35,35.0,0.301029996,2.0,0.7,2.3,0.01,0.111111111,0.01,0.610984638,0.04819294
6544fd4daeb0e81889e217f7,2,crowding_L8_block4,crowding,L8,4,35,35.0,0.301029996,2.0,0.7,2.3,0.01,0.111111111,0.01,0.571994601,0.047754211
6544fd4daeb0e81889e217f7,2,acuity_R8_block2,acuity,R8,2,35,35.0,0.602059991,2.0,0.7,2.3,0.01,0.111111111,0.01,-0.415144504,0.048497029
6544fd4daeb0e81889e217f7,2,acuity_L8_block2,acuity,L8,2,35,35.0,0.602059991,2.0,0.7,2.3,0.01,0.111111111,0.01,-0.499267925,0.049664152
6544fd4daeb0e81889e217f7,2,rsvp_foveal_block2,rsvp,foveal,2,72,72.0,0.301029996,2.0,0.7,2.3,0.01,0.038461538,0.01,-1.271440042,0.031484699
676304145bbe20d1fd5d653c,2,crowding_R8_block3,crowding,R8,3,35,35.0,0.301029996,2.0,0.7,2.3,0.01,0.111111111,0.01,0.410087605,0.051690751
676304145bbe20d1fd5d653c,2,crowding_L8_block3,crowding,L8,3,35,35.0,0.301029996,2.0,0.7,2.3,0.01,0.111111111,0.01,0.205487575,0.052701699
676304145bbe20d1fd5d653c,2,crowding_R8_block4,crowding,R8,4,35,35.0,0.301029996,2.0,0.7,2.3,0.01,0.111111111,0.01,0.305588793,0.048365665
676304145bbe20d1fd5d653c,2,crowding_L8_block4,crowding,L8,4,35,35.0,0.301029996,2.0,0.7,2.3,0.01,0.111111111,0.01,0.485609715,0.057099789
676304145bbe20d1fd5d653c,2,acuity_R8_block2,acuity,R8,2,35,35.0,0.602059991,2.0,0.7,2.3,0.01,0.111111111,0.01,-0.42541578,0.047617559
676304145bbe20d1fd5d653c,2,acuity_L8_block2,acuity,L8,2,35,35.0,0.602059991,2.0,0.7,2.3,0.01,0.111111111,0.01,-0.500143694,0.049790955
676304145bbe20d1fd5d653c,2,rsvp_foveal_block2,rsvp,foveal,2,72,72.0,0.301029996,2.0,0.7,2.3,0.01,0.038461538,0.01,-1.117047774,0.031750578
62cbf51439a76e8fccd8a495,2,crowding_R8_block3,crowding,R8,3,35,35.0,0.301029996,2.0,0.7,2.3,0.01,0.111111111,0.01,0.543331754,0.050988407
62cbf51439a76e8fccd8a495,2,crowding_L8_block3,crowding,L8,3,35,35.0,0.301029996,2.0,0.7,2.3,0.01,0.111111111,0.01,0.72204866,0.05329448
62cbf51439a76e8fccd8a495,2,crowding_R8_block4,crowding,R8,4,35,35.0,0.301029996,2.0,0.7,2.3,0.01,0.111111111,0.01,0.663331227,0.058561072
62cbf51439a76e8fccd8a495,2,crowding_L8_block4,crowding,L8,4,35,35.0,0.301029996,2.0,0.7,2.3,0.01,0.111111111,0.01,0.597067286,0.055312523
62cbf51439a76e8fccd8a495,2,acuity_R8_block2,acuity,R8,2,32,32.0,0.602059991,2.0,0.7,2.3,0.01,0.111111111,0.01,-0.419178555,0.051325552
62cbf51439a76e8fccd8a495,2,acuity_L8_block2,acuity,L8,2,33,33.0,0.602059991,2.0,0.7,2.3,0.01,0.111111111,0.01,-0.459164763,0.050052511
62cbf51439a76e8fccd8a495,2,rsvp_foveal_block2,rsvp,foveal,2,72,72.0,0.301029996,2.0,0.7,2.3,0.01,0.038461538,0.01,-0.983654365,0.034412169
6516d39e9eea4ed892cbb5b7,2,crowding_R8_block3,crowding,R8,3,35,35.0,0.301029996,2.0,0.7,2.3,0.01,0.111111111,0.01,0.29593087,0.048246475
6516d39e9eea4ed892cbb5b7,2,crowding_L8_block3,crowding,L8,3,35,35.0,0.301029996,2.0,0.7,2.3,0.01,0.111111111,0.01,0.293458289,0.051515427
6516d39e9eea4ed892cbb5b7,2,crowding_R8_block4,crowding,R8,4,35,35.0,0.301029996,2.0,0.7,2.3,0.01,0.111111111,0.01,-0.052839091,0.049829209
6516d39e9eea4ed892cbb5b7,2,crowding_L8_block4,crowding,L8,4,35,35.0,0.301029996,2.0,0.7,2.3,0.01,0.111111111,0.01,0.183266242,0.046953305
6516d39e9eea4ed892cbb5b7,2,acuity_R8_block2,acuity,R8,2,35,35.0,0.602059991,2.0,0.7,2.3,0.01,0.111111111,0.01,-0.451560559,0.048562608
6516d39e9eea4ed892cbb5b7,2,acuity_L8_block2,acuity,L8,2,35,35.0,0.602059991,2.0,0.7,2.3,0.01,0.111111111,0.01,-0.554683069,0.050242104
6516d39e9eea4ed892cbb5b7,2,rsvp_foveal_block2,rsvp,foveal,2,72,72.0,0.301029996,2.0,0.7,2.3,0.01,0.038461538,0.01,-1.602691073,0.031596813
63a9a8f2f098b7e45bd03721,2,crowding_R8_block3,crowding,R8,3,35,35.0,0.301029996,2.0,0.7,2.3,0.01,0.111111111,0.01,0.524573242,0.053065972
63a9a8f2f098b7e45bd03721,2,crowding_L8_block3,crowding,L8,3,35,35.0,0.301029996,2.0,0.7,2.3,0.01,0.111111111,0.01,0.435336209,0.047832365
63a9a8f2f098b7e45bd03721,2,crowding_R8_block4,crowding,R8,4,35,35.0,0.301029996,2.0,0.7,2.3,0.01,0.111111111,0.01,0.239383928,0.050492425
63a9a8f2f098b7e45bd03721,2,crowding_L8_block4,crowding,L8,4,35,35.0,0.301029996,2.0,0.7,2.3,0.01,0.111111111,0.01,0.128300772,0.080735843
63a9a8f2f098b7e45bd03721,2,acuity_R8_block2,acuity,R8,2,35,35.0,0.602059991,2.0,0.7,2.3,0.01,0.111111111,0.01,-0.540006583,0.051016671
63a9a8f2f098b7e45bd03721,2,acuity_L8_block2,acuity,L8,2,35,35.0,0.602059991,2.0,0.7,2.3,0.01,0.111111111,0.01,-0.588349502,0.049645899
63a9a8f2f098b7e45bd03721,2,rsvp_foveal_block2,rsvp,foveal,2,72,72.0,0.301029996,2.0,0.7,2.3,0.01,0.038461538,0.01,-1.872854562,0.155722451
5d7bde81c7390f00169b2fdf,2,crowding_R8_block3,crowding,R8,3,35,35.0,0.301029996,2.0,0.7,2.3,0.01,0.111111111,0.01,0.046673666,0.074718488
5d7bde81c7390f00169b2fdf,2,crowding_L8_block3,crowding,L8,3,35,35.0,0.301029996,2.0,0.7,2.3,0.01,0.111111111,0.01,-0.085761492,0.133750875
5d7bde81c7390f00169b2fdf,2,crowding_R8_block4,crowding,R8,4,35,35.0,0.301029996,2.0,0.7,2.3,0.01,0.111111111,0.01,-0.036558244,0.049637935
5d7bde81c7390f00169b2fdf,2,crowding_L8_block4,crowding,L8,4,35,35.0,0.301029996,2.0,0.7,2.3,0.01,0.111111111,0.01,-0.086431248,0.049688336
5d7bde81c7390f00169b2fdf,2,acuity_R8_block2,acuity,R8,2,35,35.0,0.602059991,2.0,0.7,2.3,0.01,0.111111111,0.01,-0.526295324,0.066488727
5d7bde81c7390f00169b2fdf,2,acuity_L8_block2,acuity,L8,2,35,35.0,0.602059991,2.0,0.7,2.3,0.01,0.111111111,0.01,-0.621429983,0.04865139
5d7bde81c7390f00169b2fdf,2,rsvp_foveal_block2,rsvp,foveal,2,72,72.0,0.301029996,2.0,0.7,2.3,0.01,0.038461538,0.01,-1.639223284,0.033705165
5f98099d48060d0450394002,2,crowding_R8_block3,crowding,R8,3,35,35.0,0.301029996,2.0,0.7,2.3,0.01,0.111111111,0.01,0.683396497,0.058629424
5f98099d48060d0450394002,2,crowding_L8_block3,crowding,L8,3,35,35.0,0.301029996,2.0,0.7,2.3,0.01,0.111111111,0.01,0.803838417,0.064324466
5f98099d48060d0450394002,2,crowding_R8_block4,crowding,R8,4,35,35.0,0.301029996,2.0,0.7,2.3,0.01,0.111111111,0.01,0.393449352,0.053999321
5f98099d48060d0450394002,2,crowding_L8_block4,crowding,L8,4,36,36.0,0.301029996,2.0,0.7,2.3,0.01,0.111111111,0.01,0.557461225,0.050081665
5f98099d48060d0450394002,2,acuity_R8_block2,acuity,R8,2,35,35.0,0.602059991,2.0,0.7,2.3,0.01,0.111111111,0.01,-0.592208966,0.048029177
5f98099d48060d0450394002,2,acuity_L8_block2,acuity,L8,2,35,35.0,0.602059991,2.0,0.7,2.3,0.01,0.111111111,0.01,-0.539449375,0.050712923
5f98099d48060d0450394002,2,rsvp_foveal_block2,rsvp,foveal,2,72,72.0,0.301029996,2.0,0.7,2.3,0.01,0.038461538,0.01,-1.705496565,0.080142403
5fb281433a31c686f0ec3ecb,2,crowding_R8_block3,crowding,R8,3,35,35.0,0.301029996,2.0,0.7,2.3,0.01,0.111111111,0.01,0.077821677,0.049701473
5fb281433a31c686f0ec3ecb,2,crowding_L8_block3,crowding,L8,3,35,35.0,0.301029996,2.0,0.7,2.3,0.01,0.111111111,0.01,0.692870287,0.052977849
5fb281433a31c686f0ec3ecb,2,crowding_R8_block4,crowding,R8,4,35,35.0,0.301029996,2.0,0.7,2.3,0.01,0.111111111,0.01,0.570941328,0.051344838
5fb281433a31c686f0ec3ecb,2,crowding_L8_block4,crowding,L8,4,35,35.0,0.301029996,2.0,0.7,2.3,0.01,0.111111111,0.01,0.74965936,0.04776751
5fb281433a31c686f0ec3ecb,2,acuity_R8_block2,acuity,R8,2,35,35.0,0.602059991,2.0,0.7,2.3,0.01,0.111111111,0.01,-0.605673957,0.050784436
5fb281433a31c686f0ec3ecb,2,acuity_L8_block2,acuity,L8,2,35,35.0,0.602059991,2.0,0.7,2.3,0.01,0.111111111,0.01,-0.460761924,0.048817826
5fb281433a31c686f0ec3ecb,2,rsvp_foveal_block2,rsvp,foveal,2,72,72.0,0.301029996,2.0,0.7,2.3,0.01,0.038461538,0.01,-1.567549461,0.038668039
60721c2da01b3a616edba9a7,2,crowding_R8_block3,crowding,R8,3,35,35.0,0.301029996,2.0,0.7,2.3,0.01,0.111111111,0.01,0.186424741,0.04919039
60721c2da01b3a616edba9a7,2,crowding_L8_block3,crowding,L8,3,35,35.0,0.301029996,2.0,0.7,2.3,0.01,0.111111111,0.01,0.264013653,0.05634766
60721c2da01b3a616edba9a7,2,crowding_R8_block4,crowding,R8,4,35,35.0,0.301029996,2.0,0.7,2.3,0.01,0.111111111,0.01,0.29595962,0.071235479
60721c2da01b3a616edba9a7,2,crowding_L8_block4,crowding,L8,4,35,35.0,0.301029996,2.0,0.7,2.3,0.01,0.111111111,0.01,0.52320833,0.049619341
60721c2da01b3a616edba9a7,2,acuity_R8_block2,acuity,R8,2,35,35.0,0.602059991,2.0,0.7,2.3,0.01,0.111111111,0.01,-0.490390421,0.048408986
60721c2da01b3a616edba9a7,2,acuity_L8_block2,acuity,L8,2,35,35.0,0.602059991,2.0,0.7,2.3,0.01,0.111111111,0.01,-0.59590757,0.050702278
60721c2da01b3a616edba9a7,2,rsvp_foveal_block2,rsvp,foveal,2,72,72.0,0.301029996,2.0,0.7,2.3,0.01,0.038461538,0.01,-1.344278549,0.032112123
67104869a47a61b561900be7,2,crowding_R8_block3,crowding,R8,3,35,35.0,0.301029996,2.0,0.7,2.3,0.01,0.111111111,0.01,0.555134754,0.048102589
67104869a47a61b561900be7,2,crowding_L8_block3,crowding,L8,3,35,35.0,0.301029996,2.0,0.7,2.3,0.01,0.111111111,0.01,0.463165562,0.050587544
67104869a47a61b561900be7,2,crowding_R8_block4,crowding,R8,4,35,35.0,0.301029996,2.0,0.7,2.3,0.01,0.111111111,0.01,0.615606904,0.054273531
67104869a47a61b561900be7,2,crowding_L8_block4,crowding,L8,4,35,35.0,0.301029996,2.0,0.7,2.3,0.01,0.111111111,0.01,0.501943894,0.051357432
67104869a47a61b561900be7,2,acuity_R8_block2,acuity,R8,2,35,35.0,0.602059991,2.0,0.7,2.3,0.01,0.111111111,0.01,-0.256316093,0.050368889
67104869a47a61b561900be7,2,acuity_L8_block2,acuity,L8,2,35,35.0,0.602059991,2.0,0.7,2.3,0.01,0.111111111,0.01,-0.311341283,0.048709631
67104869a47a61b561900be7,2,rsvp_foveal_block2,rsvp,foveal,2,72,72.0,0.301029996,2.0,0.7,2.3,0.01,0.038461538,0.01,-1.539079155,0.03223879
5910a5f8748d450001ba3a67,2,crowding_R8_block3,crowding,R8,3,35,35.0,0.301029996,2.0,0.7,2.3,0.01,0.111111111,0.01,0.023311458,0.051007609
5910a5f8748d450001ba3a67,2,crowding_L8_block3,crowding,L8,3,35,35.0,0.301029996,2.0,0.7,2.3,0.01,0.111111111,0.01,0.469892204,0.048583055
5910a5f8748d450001ba3a67,2,crowding_R8_block4,crowding,R8,4,35,35.0,0.301029996,2.0,0.7,2.3,0.01,0.111111111,0.01,0.198507192,0.048747952
5910a5f8748d450001ba3a67,2,crowding_L8_block4,crowding,L8,4,35,35.0,0.301029996,2.0,0.7,2.3,0.01,0.111111111,0.01,0.549231055,0.053153365
5910a5f8748d450001ba3a67,2,acuity_R8_block2,acuity,R8,2,35,35.0,0.602059991,2.0,0.7,2.3,0.01,0.111111111,0.01,-0.540163601,0.048485744
5910a5f8748d450001ba3a67,2,acuity_L8_block2,acuity,L8,2,35,35.0,0.602059991,2.0,0.7,2.3,0.01,0.111111111,0.01,-0.549086144,0.049097379
5910a5f8748d450001ba3a67,2,rsvp_foveal_block2,rsvp,foveal,2,72,72.0,0.301029996,2.0,0.7,2.3,0.01,0.038461538,0.01,-1.237142874,0.032319841
66620fca28f0722a3733b612,2,crowding_R8_block3,crowding,R8,3,35,35.0,0.301029996,2.0,0.7,2.3,0.01,0.111111111,0.01,1.289100886,0.739479709
66620fca28f0722a3733b612,2,crowding_L8_block3,crowding,L8,3,35,35.0,0.301029996,2.0,0.7,2.3,0.01,0.111111111,0.01,1.48790503,0.663219778
66620fca28f0722a3733b612,2,crowding_R8_block4,crowding,R8,4,35,35.0,0.301029996,2.0,0.7,2.3,0.01,0.111111111,0.01,1.18682048,0.759259737
66620fca28f0722a3733b612,2,crowding_L8_block4,crowding,L8,4,35,35.0,0.301029996,2.0,0.7,2.3,0.01,0.111111111,0.01,1.312117499,0.718524494
66620fca28f0722a3733b612,2,acuity_R8_block2,acuity,R8,2,35,35.0,0.602059991,2.0,0.7,2.3,0.01,0.111111111,0.01,-0.26937078,0.049616565
66620fca28f0722a3733b612,2,acuity_L8_block2,acuity,L8,2,35,35.0,0.602059991,2.0,0.7,2.3,0.01,0.111111111,0.01,-0.371833432,0.049603458
66620fca28f0722a3733b612,2,rsvp_foveal_block2,rsvp,foveal,2,72,72.0,0.301029996,2.0,0.7,2.3,0.01,0.038461538,0.01,-0.894963352,0.031671931
667c2175b570aa694ce2f63c,2,crowding_R8_block3,crowding,R8,3,35,35.0,0.301029996,2.0,0.7,2.3,0.01,0.111111111,0.01,0.142197863,0.049520439
667c2175b570aa694ce2f63c,2,crowding_L8_block3,crowding,L8,3,35,35.0,0.301029996,2.0,0.7,2.3,0.01,0.111111111,0.01,0.488429701,0.050181097
667c2175b570aa694ce2f63c,2,crowding_R8_block4,crowding,R8,4,35,35.0,0.301029996,2.0,0.7,2.3,0.01,0.111111111,0.01,0.148709232,0.047325418
667c2175b570aa694ce2f63c,2,crowding_L8_block4,crowding,L8,4,35,35.0,0.301029996,2.0,0.7,2.3,0.01,0.111111111,0.01,0.329669359,0.05111385
667c2175b570aa694ce2f63c,2,acuity_R8_block2,acuity,R8,2,35,35.0,0.602059991,2.0,0.7,2.3,0.01,0.111111111,0.01,-0.54289833,0.051974189
667c2175b570aa694ce2f63c,2,acuity_L8_block2,acuity,L8,2,35,35.0,0.602059991,2.0,0.7,2.3,0.01,0.111111111,0.01,-0.614470986,0.048962003
667c2175b570aa694ce2f63c,2,rsvp_foveal_block2,rsvp,foveal,2,72,72.0,0.301029996,2.0,0.7,2.3,0.01,0.038461538,0.01,-1.553222142,0.030942709
58adfc6e7cf56d0001f931a2,2,crowding_R8_block3,crowding,R8,3,35,35.0,0.301029996,2.0,0.7,2.3,0.01,0.111111111,0.01,-0.003651935,0.050041352
58adfc6e7cf56d0001f931a2,2,crowding_L8_block3,crowding,L8,3,35,35.0,0.301029996,2.0,0.7,2.3,0.01,0.111111111,0.01,0.316791733,0.053566919
58adfc6e7cf56d0001f931a2,2,crowding_R8_block4,crowding,R8,4,35,35.0,0.301029996,2.0,0.7,2.3,0.01,0.111111111,0.01,0.537307375,0.073686463
58adfc6e7cf56d0001f931a2,2,crowding_L8_block4,crowding,L8,4,35,35.0,0.301029996,2.0,0.7,2.3,0.01,0.111111111,0.01,0.21516139,0.053743047
58adfc6e7cf56d0001f931a2,2,acuity_R8_block2,acuity,R8,2,35,35.0,0.602059991,2.0,0.7,2.3,0.01,0.111111111,0.01,-0.411046265,0.050770519
58adfc6e7cf56d0001f931a2,2,acuity_L8_block2,acuity,L8,2,35,35.0,0.602059991,2.0,0.7,2.3,0.01,0.111111111,0.01,-0.443768037,0.071710542
58adfc6e7cf56d0001f931a2,2,rsvp_foveal_block2,rsvp,foveal,2,72,72.0,0.301029996,2.0,0.7,2.3,0.01,0.038461538,0.01,-1.219644069,0.036999895
