task,within_subj_variance,btw_subj_variance,mean,r_ceiling
rsvp,0.039683395691913384,0.05297373819642061,-1.3594298495443036,0.6258037259280835
V1,0.0005555799137606668,0.00722869587864624,3.4488543696677523,0.9623934914081999
V2,0.0005053170336395177,0.004017824579430291,3.432387765605678,0.9405140466696892
V3,0.0019971306898761997,0.005033304952776413,3.3152490543154998,0.8462992356205064
V4,0.004002603108864386,0.010480193987766903,2.947783672521355,0.8368126448108446
crowding_Ecc5_RL,0.0043236850699796235,0.017300299302223092,0.008261060344076546,0.9143950522320236
crowding_Ecc10_RL,0.003429071082316095,0.014615800918548803,0.39117693935057857,0.8809929342741095
